

Microchip MPLAB XC8 Assembler V2.50 build 20240725155939 
                                                                                               Fri Oct 31 12:18:50 2025

Microchip MPLAB XC8 C Compiler v2.50 (Free license) build 20240725155939 Og1 
     1                           	processor	18F46K42
     2                           	fnconf	param0,??,?,0
     3                           	pagewidth 120
     4                           	opt	flic
     5                           	psect	idataCOMRAM,global,class=CODE,space=0,delta=1,noexec
     6                           	psect	smallconst,global,reloc=2,class=SMALLCONST,space=0,delta=1,noexec
     7                           	psect	nvCOMRAM,global,class=COMRAM,space=1,delta=1,lowdata,noexec
     8                           	psect	nvBANK0,global,class=BANK0,space=1,delta=1,lowdata,noexec
     9                           	psect	cinit,global,reloc=2,class=CODE,space=0,delta=1
    10                           	psect	bssCOMRAM,global,class=COMRAM,space=1,delta=1,lowdata,noexec
    11                           	psect	dataCOMRAM,global,class=COMRAM,space=1,delta=1,lowdata,noexec
    12                           	psect	cstackBANK0,global,class=BANK0,space=1,delta=1,lowdata,noexec
    13                           	psect	cstackCOMRAM,global,class=COMRAM,space=1,delta=1,lowdata,noexec
    14                           	psect	text0,global,reloc=2,class=CODE,space=0,delta=1
    15                           	psect	text1,global,reloc=2,class=CODE,space=0,delta=1
    16                           	psect	text2,global,reloc=2,class=CODE,space=0,delta=1
    17                           	psect	text3,global,reloc=2,class=CODE,space=0,delta=1
    18                           	psect	text4,global,reloc=2,class=CODE,space=0,delta=1
    19                           	psect	text5,global,reloc=2,class=CODE,space=0,delta=1
    20                           	psect	text6,global,reloc=2,class=CODE,space=0,delta=1
    21                           	psect	text7,global,reloc=2,class=CODE,space=0,delta=1
    22                           	psect	text8,global,reloc=2,class=CODE,space=0,delta=1
    23                           	psect	text9,global,reloc=2,class=CODE,space=0,delta=1
    24                           	psect	text10,global,reloc=2,class=CODE,space=0,delta=1
    25                           	psect	text11,global,reloc=2,class=CODE,space=0,delta=1
    26                           	psect	text12,global,reloc=2,class=CODE,space=0,delta=1
    27                           	psect	text13,global,reloc=2,class=CODE,space=0,delta=1
    28                           	psect	text14,global,reloc=2,class=CODE,space=0,delta=1
    29                           	psect	text15,global,reloc=2,class=CODE,space=0,delta=1
    30                           	psect	text16,global,reloc=2,class=CODE,space=0,delta=1
    31                           	psect	text17,global,reloc=2,class=CODE,space=0,delta=1
    32                           	psect	text18,global,reloc=2,class=CODE,space=0,delta=1
    33                           	psect	text19,global,reloc=2,class=CODE,space=0,delta=1
    34                           	psect	text20,global,reloc=4,class=CODE,space=0,delta=1
    35                           	psect	text21,global,reloc=2,class=CODE,space=0,delta=1
    36                           	psect	text22,global,reloc=2,class=CODE,space=0,delta=1
    37                           	psect	text23,global,reloc=4,class=CODE,space=0,delta=1
    38                           	psect	text24,global,reloc=4,class=CODE,space=0,delta=1
    39                           	psect	text25,global,reloc=2,class=CODE,space=0,delta=1
    40                           	psect	text26,global,reloc=4,class=CODE,space=0,delta=1
    41                           	psect	text27,global,reloc=2,class=CODE,space=0,delta=1
    42                           	psect	text28,global,reloc=4,class=CODE,space=0,delta=1
    43                           	psect	text29,global,reloc=2,class=CODE,space=0,delta=1
    44                           	psect	text30,global,reloc=2,class=CODE,space=0,delta=1
    45                           	psect	text31,global,reloc=2,class=CODE,space=0,delta=1
    46                           	psect	text32,global,reloc=2,class=CODE,space=0,delta=1
    47                           	psect	text33,global,reloc=2,class=CODE,space=0,delta=1
    48                           	psect	ivt0x8,global,reloc=2,class=CODE,space=0,delta=1,noexec,keep,optim=
    49                           	psect	intsave_regs,global,class=BIGRAM,space=1,delta=1,noexec
    50                           	psect	param0,global,class=BANK0,space=1,delta=1,noexec
    51                           	psect	config,global,abs,ovrld,class=CONFIG,space=4,delta=1,noexec
    52   000000                     
    53                           ; Generated 13/12/2024 GMT
    54                           ; 
    55                           ; Copyright © 2024, Microchip Technology Inc. and its subsidiaries ("Microchip")
    56                           ; All rights reserved.
    57                           ; 
    58                           ; This software is developed by Microchip Technology Inc. and its subsidiaries ("Microch
      +                          ip").
    59                           ; 
    60                           ; Redistribution and use in source and binary forms, with or without modification, are
    61                           ; permitted provided that the following conditions are met:
    62                           ; 
    63                           ;     1. Redistributions of source code must retain the above copyright notice, this lis
      +                          t of
    64                           ;        conditions and the following disclaimer.
    65                           ; 
    66                           ;     2. Redistributions in binary form must reproduce the above copyright notice, this 
      +                          list
    67                           ;        of conditions and the following disclaimer in the documentation and/or other
    68                           ;        materials provided with the distribution. Publication is not required when
    69                           ;        this file is used in an embedded application.
    70                           ; 
    71                           ;     3. Microchip's name may not be used to endorse or promote products derived from th
      +                          is
    72                           ;        software without specific prior written permission.
    73                           ; 
    74                           ; THIS SOFTWARE IS PROVIDED BY MICROCHIP "AS IS" AND ANY EXPRESS OR IMPLIED WARRANTIES,
    75                           ; INCLUDING, BUT NOT LIMITED TO, THE IMPLIED WARRANTIES OF MERCHANTABILITY AND FITNESS F
      +                          OR
    76                           ; PURPOSE ARE DISCLAIMED.  IN NO EVENT SHALL MICROCHIP BE LIABLE FOR ANY DIRECT, INDIREC
      +                          T,
    77                           ; INCIDENTAL, SPECIAL, EXEMPLARY, OR CONSEQUENTIAL DAMAGES (INCLUDING BUT NOT LIMITED TO
    78                           ; PROCUREMENT OF SUBSTITUTE GOODS OR SERVICES; LOSS OF USE, DATA OR PROFITS; OR BUSINESS
    79                           ; INTERRUPTION) HOWSOEVER CAUSED AND ON ANY THEORY OF LIABILITY, WHETHER IN CONTRACT, ST
      +                          RICT
    80                           ; LIABILITY, OR TORT (INCLUDING NEGLIGENCE OR OTHERWISE) ARISING IN ANY WAY OUT OF THE U
      +                          SE OF
    81                           ; THIS SOFTWARE, EVEN IF ADVISED OF THE POSSIBILITY OF SUCH DAMAGE.
    82                           ; 
    83                           ; 
    84                           ; Code-generator required, PIC18F46K42 Definitions
    85                           ; 
    86                           ; SFR Addresses
    87   003FE0                     bsr             equ	16352
    88   003FE9                     fsr0            equ	16361
    89   003FEA                     fsr0h           equ	16362
    90   003FE9                     fsr0l           equ	16361
    91   003FE1                     fsr1            equ	16353
    92   003FE2                     fsr1h           equ	16354
    93   003FE1                     fsr1l           equ	16353
    94   003FD9                     fsr2            equ	16345
    95   003FDA                     fsr2h           equ	16346
    96   003FD9                     fsr2l           equ	16345
    97   003FEF                     indf0           equ	16367
    98   003FE7                     indf1           equ	16359
    99   003FDF                     indf2           equ	16351
   100   003FD2                     intcon          equ	16338
   101   0039E5                     nvmcon          equ	14821
   102   003FF9                     pcl             equ	16377
   103   003FFA                     pclath          equ	16378
   104   003FFB                     pclatu          equ	16379
   105   003FEB                     plusw0          equ	16363
   106   003FE3                     plusw1          equ	16355
   107   003FDB                     plusw2          equ	16347
   108   003FED                     postdec0        equ	16365
   109   003FE5                     postdec1        equ	16357
   110   003FDD                     postdec2        equ	16349
   111   003FEE                     postinc0        equ	16366
   112   003FE6                     postinc1        equ	16358
   113   003FDE                     postinc2        equ	16350
   114   003FEC                     preinc0         equ	16364
   115   003FE4                     preinc1         equ	16356
   116   003FDC                     preinc2         equ	16348
   117   003FF3                     prod            equ	16371
   118   003FF4                     prodh           equ	16372
   119   003FF3                     prodl           equ	16371
   120   003FD8                     status          equ	16344
   121   003FF5                     tablat          equ	16373
   122   003FF6                     tblptr          equ	16374
   123   003FF7                     tblptrh         equ	16375
   124   003FF6                     tblptrl         equ	16374
   125   003FF8                     tblptru         equ	16376
   126   003FFD                     tosl            equ	16381
   127   003FE8                     wreg            equ	16360
   128   003880                     STATUS_CSHAD    equ	14464	;# 
   129   003881                     WREG_CSHAD      equ	14465	;# 
   130   003882                     BSR_CSHAD       equ	14466	;# 
   131   003883                     SHADCON         equ	14467	;# 
   132   003884                     STATUS_SHAD     equ	14468	;# 
   133   003885                     WREG_SHAD       equ	14469	;# 
   134   003886                     BSR_SHAD        equ	14470	;# 
   135   003887                     PCLATH_SHAD     equ	14471	;# 
   136   003888                     PCLATU_SHAD     equ	14472	;# 
   137   003889                     FSR0SH          equ	14473	;# 
   138   003889                     FSR0L_SHAD      equ	14473	;# 
   139   00388A                     FSR0H_SHAD      equ	14474	;# 
   140   00388B                     FSR1SH          equ	14475	;# 
   141   00388B                     FSR1L_SHAD      equ	14475	;# 
   142   00388C                     FSR1H_SHAD      equ	14476	;# 
   143   00388D                     FSR2SH          equ	14477	;# 
   144   00388D                     FSR2L_SHAD      equ	14477	;# 
   145   00388E                     FSR2H_SHAD      equ	14478	;# 
   146   00388F                     PRODSH          equ	14479	;# 
   147   00388F                     PRODL_SHAD      equ	14479	;# 
   148   003890                     PRODH_SHAD      equ	14480	;# 
   149   00389D                     IVTADL          equ	14493	;# 
   150   00389E                     IVTADH          equ	14494	;# 
   151   00389F                     IVTADU          equ	14495	;# 
   152   00395B                     WDTCON0         equ	14683	;# 
   153   00395C                     WDTCON1         equ	14684	;# 
   154   00395D                     WDTPSL          equ	14685	;# 
   155   00395E                     WDTPSH          equ	14686	;# 
   156   00395F                     WDTTMR          equ	14687	;# 
   157   003960                     CRCDATA         equ	14688	;# 
   158   003960                     CRCDATL         equ	14688	;# 
   159   003961                     CRCDATH         equ	14689	;# 
   160   003962                     CRCACC          equ	14690	;# 
   161   003962                     CRCACCL         equ	14690	;# 
   162   003963                     CRCACCH         equ	14691	;# 
   163   003964                     CRCSHFT         equ	14692	;# 
   164   003964                     CRCSHIFTL       equ	14692	;# 
   165   003965                     CRCSHIFTH       equ	14693	;# 
   166   003966                     CRCXOR          equ	14694	;# 
   167   003966                     CRCXORL         equ	14694	;# 
   168   003967                     CRCXORH         equ	14695	;# 
   169   003968                     CRCCON0         equ	14696	;# 
   170   003969                     CRCCON1         equ	14697	;# 
   171   003976                     SCANLADR        equ	14710	;# 
   172   003976                     SCANLADRL       equ	14710	;# 
   173   003977                     SCANLADRH       equ	14711	;# 
   174   003978                     SCANLADRU       equ	14712	;# 
   175   003979                     SCANHADR        equ	14713	;# 
   176   003979                     SCANHADRL       equ	14713	;# 
   177   00397A                     SCANHADRH       equ	14714	;# 
   178   00397B                     SCANHADRU       equ	14715	;# 
   179   00397C                     SCANCON0        equ	14716	;# 
   180   00397D                     SCANTRIG        equ	14717	;# 
   181   003980                     IPR0            equ	14720	;# 
   182   003981                     IPR1            equ	14721	;# 
   183   003982                     IPR2            equ	14722	;# 
   184   003983                     IPR3            equ	14723	;# 
   185   003984                     IPR4            equ	14724	;# 
   186   003985                     IPR5            equ	14725	;# 
   187   003986                     IPR6            equ	14726	;# 
   188   003987                     IPR7            equ	14727	;# 
   189   003988                     IPR8            equ	14728	;# 
   190   003989                     IPR9            equ	14729	;# 
   191   00398A                     IPR10           equ	14730	;# 
   192   003990                     PIE0            equ	14736	;# 
   193   003991                     PIE1            equ	14737	;# 
   194   003992                     PIE2            equ	14738	;# 
   195   003993                     PIE3            equ	14739	;# 
   196   003994                     PIE4            equ	14740	;# 
   197   003995                     PIE5            equ	14741	;# 
   198   003996                     PIE6            equ	14742	;# 
   199   003997                     PIE7            equ	14743	;# 
   200   003998                     PIE8            equ	14744	;# 
   201   003999                     PIE9            equ	14745	;# 
   202   00399A                     PIE10           equ	14746	;# 
   203   0039A0                     PIR0            equ	14752	;# 
   204   0039A1                     PIR1            equ	14753	;# 
   205   0039A2                     PIR2            equ	14754	;# 
   206   0039A3                     PIR3            equ	14755	;# 
   207   0039A4                     PIR4            equ	14756	;# 
   208   0039A5                     PIR5            equ	14757	;# 
   209   0039A6                     PIR6            equ	14758	;# 
   210   0039A7                     PIR7            equ	14759	;# 
   211   0039A8                     PIR8            equ	14760	;# 
   212   0039A9                     PIR9            equ	14761	;# 
   213   0039AA                     PIR10           equ	14762	;# 
   214   0039C0                     PMD0            equ	14784	;# 
   215   0039C1                     PMD1            equ	14785	;# 
   216   0039C2                     PMD2            equ	14786	;# 
   217   0039C3                     PMD3            equ	14787	;# 
   218   0039C4                     PMD4            equ	14788	;# 
   219   0039C5                     PMD5            equ	14789	;# 
   220   0039C6                     PMD6            equ	14790	;# 
   221   0039C7                     PMD7            equ	14791	;# 
   222   0039D0                     BORCON          equ	14800	;# 
   223   0039D1                     VREGCON         equ	14801	;# 
   224   0039D8                     CPUDOZE         equ	14808	;# 
   225   0039D9                     OSCCON1         equ	14809	;# 
   226   0039DA                     OSCCON2         equ	14810	;# 
   227   0039DB                     OSCCON3         equ	14811	;# 
   228   0039DC                     OSCSTAT         equ	14812	;# 
   229   0039DC                     OSCSTAT1        equ	14812	;# 
   230   0039DD                     OSCEN           equ	14813	;# 
   231   0039DE                     OSCTUNE         equ	14814	;# 
   232   0039DF                     OSCFRQ          equ	14815	;# 
   233   0039E0                     NVMADRL         equ	14816	;# 
   234   0039E1                     NVMADRH         equ	14817	;# 
   235   0039E3                     NVMDAT          equ	14819	;# 
   236   0039E5                     NVMCON1         equ	14821	;# 
   237   0039E6                     NVMCON2         equ	14822	;# 
   238   0039EF                     PRLOCK          equ	14831	;# 
   239   0039F1                     ISRPR           equ	14833	;# 
   240   0039F2                     MAINPR          equ	14834	;# 
   241   0039F3                     DMA1PR          equ	14835	;# 
   242   0039F4                     DMA2PR          equ	14836	;# 
   243   0039F7                     SCANPR          equ	14839	;# 
   244   003A00                     RA0PPS          equ	14848	;# 
   245   003A01                     RA1PPS          equ	14849	;# 
   246   003A02                     RA2PPS          equ	14850	;# 
   247   003A03                     RA3PPS          equ	14851	;# 
   248   003A04                     RA4PPS          equ	14852	;# 
   249   003A05                     RA5PPS          equ	14853	;# 
   250   003A06                     RA6PPS          equ	14854	;# 
   251   003A07                     RA7PPS          equ	14855	;# 
   252   003A08                     RB0PPS          equ	14856	;# 
   253   003A09                     RB1PPS          equ	14857	;# 
   254   003A0A                     RB2PPS          equ	14858	;# 
   255   003A0B                     RB3PPS          equ	14859	;# 
   256   003A0C                     RB4PPS          equ	14860	;# 
   257   003A0D                     RB5PPS          equ	14861	;# 
   258   003A0E                     RB6PPS          equ	14862	;# 
   259   003A0F                     RB7PPS          equ	14863	;# 
   260   003A10                     RC0PPS          equ	14864	;# 
   261   003A11                     RC1PPS          equ	14865	;# 
   262   003A12                     RC2PPS          equ	14866	;# 
   263   003A13                     RC3PPS          equ	14867	;# 
   264   003A14                     RC4PPS          equ	14868	;# 
   265   003A15                     RC5PPS          equ	14869	;# 
   266   003A16                     RC6PPS          equ	14870	;# 
   267   003A17                     RC7PPS          equ	14871	;# 
   268   003A18                     RD0PPS          equ	14872	;# 
   269   003A19                     RD1PPS          equ	14873	;# 
   270   003A1A                     RD2PPS          equ	14874	;# 
   271   003A1B                     RD3PPS          equ	14875	;# 
   272   003A1C                     RD4PPS          equ	14876	;# 
   273   003A1D                     RD5PPS          equ	14877	;# 
   274   003A1E                     RD6PPS          equ	14878	;# 
   275   003A1F                     RD7PPS          equ	14879	;# 
   276   003A20                     RE0PPS          equ	14880	;# 
   277   003A21                     RE1PPS          equ	14881	;# 
   278   003A22                     RE2PPS          equ	14882	;# 
   279   003A40                     ANSELA          equ	14912	;# 
   280   003A41                     WPUA            equ	14913	;# 
   281   003A42                     ODCONA          equ	14914	;# 
   282   003A43                     SLRCONA         equ	14915	;# 
   283   003A44                     INLVLA          equ	14916	;# 
   284   003A45                     IOCAP           equ	14917	;# 
   285   003A46                     IOCAN           equ	14918	;# 
   286   003A47                     IOCAF           equ	14919	;# 
   287   003A48                     CCDPA           equ	14920	;# 
   288   003A49                     CCDNA           equ	14921	;# 
   289   003A50                     ANSELB          equ	14928	;# 
   290   003A51                     WPUB            equ	14929	;# 
   291   003A52                     ODCONB          equ	14930	;# 
   292   003A53                     SLRCONB         equ	14931	;# 
   293   003A54                     INLVLB          equ	14932	;# 
   294   003A55                     IOCBP           equ	14933	;# 
   295   003A56                     IOCBN           equ	14934	;# 
   296   003A57                     IOCBF           equ	14935	;# 
   297   003A58                     CCDPB           equ	14936	;# 
   298   003A59                     CCDNB           equ	14937	;# 
   299   003A5A                     RB1I2C          equ	14938	;# 
   300   003A5B                     RB2I2C          equ	14939	;# 
   301   003A60                     ANSELC          equ	14944	;# 
   302   003A61                     WPUC            equ	14945	;# 
   303   003A62                     ODCONC          equ	14946	;# 
   304   003A63                     SLRCONC         equ	14947	;# 
   305   003A64                     INLVLC          equ	14948	;# 
   306   003A65                     IOCCP           equ	14949	;# 
   307   003A66                     IOCCN           equ	14950	;# 
   308   003A67                     IOCCF           equ	14951	;# 
   309   003A68                     CCDPC           equ	14952	;# 
   310   003A69                     CCDNC           equ	14953	;# 
   311   003A6A                     RC3I2C          equ	14954	;# 
   312   003A6B                     RC4I2C          equ	14955	;# 
   313   003A70                     ANSELD          equ	14960	;# 
   314   003A71                     WPUD            equ	14961	;# 
   315   003A72                     ODCOND          equ	14962	;# 
   316   003A73                     SLRCOND         equ	14963	;# 
   317   003A74                     INLVLD          equ	14964	;# 
   318   003A78                     CCDPD           equ	14968	;# 
   319   003A79                     CCDND           equ	14969	;# 
   320   003A7A                     RD0I2C          equ	14970	;# 
   321   003A7B                     RD1I2C          equ	14971	;# 
   322   003A80                     ANSELE          equ	14976	;# 
   323   003A81                     WPUE            equ	14977	;# 
   324   003A82                     ODCONE          equ	14978	;# 
   325   003A83                     SLRCONE         equ	14979	;# 
   326   003A84                     INLVLE          equ	14980	;# 
   327   003A85                     IOCEP           equ	14981	;# 
   328   003A86                     IOCEN           equ	14982	;# 
   329   003A87                     IOCEF           equ	14983	;# 
   330   003A88                     CCDPE           equ	14984	;# 
   331   003A89                     CCDNE           equ	14985	;# 
   332   003ABE                     CCDCON          equ	15038	;# 
   333   003ABF                     PPSLOCK         equ	15039	;# 
   334   003AC0                     INT0PPS         equ	15040	;# 
   335   003AC1                     INT1PPS         equ	15041	;# 
   336   003AC2                     INT2PPS         equ	15042	;# 
   337   003AC3                     T0CKIPPS        equ	15043	;# 
   338   003AC4                     T1CKIPPS        equ	15044	;# 
   339   003AC5                     T1GPPS          equ	15045	;# 
   340   003AC6                     T3CKIPPS        equ	15046	;# 
   341   003AC7                     T3GPPS          equ	15047	;# 
   342   003AC8                     T5CKIPPS        equ	15048	;# 
   343   003AC9                     T5GPPS          equ	15049	;# 
   344   003ACA                     T2INPPS         equ	15050	;# 
   345   003ACB                     T4INPPS         equ	15051	;# 
   346   003ACC                     T6INPPS         equ	15052	;# 
   347   003ACD                     CCP1PPS         equ	15053	;# 
   348   003ACE                     CCP2PPS         equ	15054	;# 
   349   003ACF                     CCP3PPS         equ	15055	;# 
   350   003AD0                     CCP4PPS         equ	15056	;# 
   351   003AD1                     SMT1WINPPS      equ	15057	;# 
   352   003AD2                     SMT1SIGPPS      equ	15058	;# 
   353   003AD3                     CWG1INPPS       equ	15059	;# 
   354   003AD4                     CWG2INPPS       equ	15060	;# 
   355   003AD5                     CWG3INPPS       equ	15061	;# 
   356   003AD6                     MD1CARLPPS      equ	15062	;# 
   357   003AD7                     MD1CARHPPS      equ	15063	;# 
   358   003AD8                     MD1SRCPPS       equ	15064	;# 
   359   003AD9                     CLCIN0PPS       equ	15065	;# 
   360   003ADA                     CLCIN1PPS       equ	15066	;# 
   361   003ADB                     CLCIN2PPS       equ	15067	;# 
   362   003ADC                     CLCIN3PPS       equ	15068	;# 
   363   003ADD                     ADACTPPS        equ	15069	;# 
   364   003ADE                     SPI1SCKPPS      equ	15070	;# 
   365   003ADF                     SPI1SDIPPS      equ	15071	;# 
   366   003AE0                     SPI1SSPPS       equ	15072	;# 
   367   003AE1                     I2C1SCLPPS      equ	15073	;# 
   368   003AE2                     I2C1SDAPPS      equ	15074	;# 
   369   003AE3                     I2C2SCLPPS      equ	15075	;# 
   370   003AE4                     I2C2SDAPPS      equ	15076	;# 
   371   003AE5                     U1RXPPS         equ	15077	;# 
   372   003AE6                     U1CTSPPS        equ	15078	;# 
   373   003AE8                     U2RXPPS         equ	15080	;# 
   374   003AE9                     U2CTSPPS        equ	15081	;# 
   375   003BC9                     DMA2BUF         equ	15305	;# 
   376   003BCA                     DMA2DCNT        equ	15306	;# 
   377   003BCA                     DMA2DCNTL       equ	15306	;# 
   378   003BCB                     DMA2DCNTH       equ	15307	;# 
   379   003BCC                     DMA2DPTR        equ	15308	;# 
   380   003BCC                     DMA2DPTRL       equ	15308	;# 
   381   003BCD                     DMA2DPTRH       equ	15309	;# 
   382   003BCE                     DMA2DSZ         equ	15310	;# 
   383   003BCE                     DMA2DSZL        equ	15310	;# 
   384   003BCF                     DMA2DSZH        equ	15311	;# 
   385   003BD0                     DMA2DSA         equ	15312	;# 
   386   003BD0                     DMA2DSAL        equ	15312	;# 
   387   003BD1                     DMA2DSAH        equ	15313	;# 
   388   003BD2                     DMA2SCNT        equ	15314	;# 
   389   003BD2                     DMA2SCNTL       equ	15314	;# 
   390   003BD3                     DMA2SCNTH       equ	15315	;# 
   391   003BD4                     DMA2SPTR        equ	15316	;# 
   392   003BD4                     DMA2SPTRL       equ	15316	;# 
   393   003BD5                     DMA2SPTRH       equ	15317	;# 
   394   003BD6                     DMA2SPTRU       equ	15318	;# 
   395   003BD7                     DMA2SSZ         equ	15319	;# 
   396   003BD7                     DMA2SSZL        equ	15319	;# 
   397   003BD8                     DMA2SSZH        equ	15320	;# 
   398   003BD9                     DMA2SSA         equ	15321	;# 
   399   003BD9                     DMA2SSAL        equ	15321	;# 
   400   003BDA                     DMA2SSAH        equ	15322	;# 
   401   003BDB                     DMA2SSAU        equ	15323	;# 
   402   003BDC                     DMA2CON0        equ	15324	;# 
   403   003BDD                     DMA2CON1        equ	15325	;# 
   404   003BDE                     DMA2AIRQ        equ	15326	;# 
   405   003BDF                     DMA2SIRQ        equ	15327	;# 
   406   003BE9                     DMA1BUF         equ	15337	;# 
   407   003BEA                     DMA1DCNT        equ	15338	;# 
   408   003BEA                     DMA1DCNTL       equ	15338	;# 
   409   003BEB                     DMA1DCNTH       equ	15339	;# 
   410   003BEC                     DMA1DPTR        equ	15340	;# 
   411   003BEC                     DMA1DPTRL       equ	15340	;# 
   412   003BED                     DMA1DPTRH       equ	15341	;# 
   413   003BEE                     DMA1DSZ         equ	15342	;# 
   414   003BEE                     DMA1DSZL        equ	15342	;# 
   415   003BEF                     DMA1DSZH        equ	15343	;# 
   416   003BF0                     DMA1DSA         equ	15344	;# 
   417   003BF0                     DMA1DSAL        equ	15344	;# 
   418   003BF1                     DMA1DSAH        equ	15345	;# 
   419   003BF2                     DMA1SCNT        equ	15346	;# 
   420   003BF2                     DMA1SCNTL       equ	15346	;# 
   421   003BF3                     DMA1SCNTH       equ	15347	;# 
   422   003BF4                     DMA1SPTR        equ	15348	;# 
   423   003BF4                     DMA1SPTRL       equ	15348	;# 
   424   003BF5                     DMA1SPTRH       equ	15349	;# 
   425   003BF6                     DMA1SPTRU       equ	15350	;# 
   426   003BF7                     DMA1SSZ         equ	15351	;# 
   427   003BF7                     DMA1SSZL        equ	15351	;# 
   428   003BF8                     DMA1SSZH        equ	15352	;# 
   429   003BF9                     DMA1SSA         equ	15353	;# 
   430   003BF9                     DMA1SSAL        equ	15353	;# 
   431   003BFA                     DMA1SSAH        equ	15354	;# 
   432   003BFB                     DMA1SSAU        equ	15355	;# 
   433   003BFC                     DMA1CON0        equ	15356	;# 
   434   003BFD                     DMA1CON1        equ	15357	;# 
   435   003BFE                     DMA1AIRQ        equ	15358	;# 
   436   003BFF                     DMA1SIRQ        equ	15359	;# 
   437   003C56                     CLC4CON         equ	15446	;# 
   438   003C57                     CLC4POL         equ	15447	;# 
   439   003C58                     CLC4SEL0        equ	15448	;# 
   440   003C59                     CLC4SEL1        equ	15449	;# 
   441   003C5A                     CLC4SEL2        equ	15450	;# 
   442   003C5B                     CLC4SEL3        equ	15451	;# 
   443   003C5C                     CLC4GLS0        equ	15452	;# 
   444   003C5D                     CLC4GLS1        equ	15453	;# 
   445   003C5E                     CLC4GLS2        equ	15454	;# 
   446   003C5F                     CLC4GLS3        equ	15455	;# 
   447   003C60                     CLC3CON         equ	15456	;# 
   448   003C61                     CLC3POL         equ	15457	;# 
   449   003C62                     CLC3SEL0        equ	15458	;# 
   450   003C63                     CLC3SEL1        equ	15459	;# 
   451   003C64                     CLC3SEL2        equ	15460	;# 
   452   003C65                     CLC3SEL3        equ	15461	;# 
   453   003C66                     CLC3GLS0        equ	15462	;# 
   454   003C67                     CLC3GLS1        equ	15463	;# 
   455   003C68                     CLC3GLS2        equ	15464	;# 
   456   003C69                     CLC3GLS3        equ	15465	;# 
   457   003C6A                     CLC2CON         equ	15466	;# 
   458   003C6B                     CLC2POL         equ	15467	;# 
   459   003C6C                     CLC2SEL0        equ	15468	;# 
   460   003C6D                     CLC2SEL1        equ	15469	;# 
   461   003C6E                     CLC2SEL2        equ	15470	;# 
   462   003C6F                     CLC2SEL3        equ	15471	;# 
   463   003C70                     CLC2GLS0        equ	15472	;# 
   464   003C71                     CLC2GLS1        equ	15473	;# 
   465   003C72                     CLC2GLS2        equ	15474	;# 
   466   003C73                     CLC2GLS3        equ	15475	;# 
   467   003C74                     CLC1CON         equ	15476	;# 
   468   003C75                     CLC1POL         equ	15477	;# 
   469   003C76                     CLC1SEL0        equ	15478	;# 
   470   003C77                     CLC1SEL1        equ	15479	;# 
   471   003C78                     CLC1SEL2        equ	15480	;# 
   472   003C79                     CLC1SEL3        equ	15481	;# 
   473   003C7A                     CLC1GLS0        equ	15482	;# 
   474   003C7B                     CLC1GLS1        equ	15483	;# 
   475   003C7C                     CLC1GLS2        equ	15484	;# 
   476   003C7D                     CLC1GLS3        equ	15485	;# 
   477   003C7E                     CLCDATA0        equ	15486	;# 
   478   003CE5                     CLKRCON         equ	15589	;# 
   479   003CE6                     CLKRCLK         equ	15590	;# 
   480   003CFA                     MD1CON0         equ	15610	;# 
   481   003CFB                     MD1CON1         equ	15611	;# 
   482   003CFC                     MD1SRC          equ	15612	;# 
   483   003CFD                     MD1CARL         equ	15613	;# 
   484   003CFE                     MD1CARH         equ	15614	;# 
   485   003D10                     SPI1RXB         equ	15632	;# 
   486   003D11                     SPI1TXB         equ	15633	;# 
   487   003D12                     SPI1TCNT        equ	15634	;# 
   488   003D12                     SPI1TCNTL       equ	15634	;# 
   489   003D13                     SPI1TCNTH       equ	15635	;# 
   490   003D14                     SPI1CON0        equ	15636	;# 
   491   003D15                     SPI1CON1        equ	15637	;# 
   492   003D16                     SPI1CON2        equ	15638	;# 
   493   003D17                     SPI1STATUS      equ	15639	;# 
   494   003D18                     SPI1TWIDTH      equ	15640	;# 
   495   003D19                     SPI1BAUD        equ	15641	;# 
   496   003D1A                     SPI1INTF        equ	15642	;# 
   497   003D1B                     SPI1INTE        equ	15643	;# 
   498   003D1C                     SPI1CLK         equ	15644	;# 
   499   003D54                     I2C2RXB         equ	15700	;# 
   500   003D55                     I2C2TXB         equ	15701	;# 
   501   003D56                     I2C2CNT         equ	15702	;# 
   502   003D57                     I2C2ADB0        equ	15703	;# 
   503   003D58                     I2C2ADB1        equ	15704	;# 
   504   003D59                     I2C2ADR0        equ	15705	;# 
   505   003D5A                     I2C2ADR1        equ	15706	;# 
   506   003D5B                     I2C2ADR2        equ	15707	;# 
   507   003D5C                     I2C2ADR3        equ	15708	;# 
   508   003D5D                     I2C2CON0        equ	15709	;# 
   509   003D5E                     I2C2CON1        equ	15710	;# 
   510   003D5F                     I2C2CON2        equ	15711	;# 
   511   003D60                     I2C2ERR         equ	15712	;# 
   512   003D61                     I2C2STAT0       equ	15713	;# 
   513   003D62                     I2C2STAT1       equ	15714	;# 
   514   003D63                     I2C2PIR         equ	15715	;# 
   515   003D64                     I2C2PIE         equ	15716	;# 
   516   003D65                     I2C2CLK         equ	15717	;# 
   517   003D66                     I2C2BTO         equ	15718	;# 
   518   003D6A                     I2C1RXB         equ	15722	;# 
   519   003D6B                     I2C1TXB         equ	15723	;# 
   520   003D6C                     I2C1CNT         equ	15724	;# 
   521   003D6D                     I2C1ADB0        equ	15725	;# 
   522   003D6E                     I2C1ADB1        equ	15726	;# 
   523   003D6F                     I2C1ADR0        equ	15727	;# 
   524   003D70                     I2C1ADR1        equ	15728	;# 
   525   003D71                     I2C1ADR2        equ	15729	;# 
   526   003D72                     I2C1ADR3        equ	15730	;# 
   527   003D73                     I2C1CON0        equ	15731	;# 
   528   003D74                     I2C1CON1        equ	15732	;# 
   529   003D75                     I2C1CON2        equ	15733	;# 
   530   003D76                     I2C1ERR         equ	15734	;# 
   531   003D77                     I2C1STAT0       equ	15735	;# 
   532   003D78                     I2C1STAT1       equ	15736	;# 
   533   003D79                     I2C1PIR         equ	15737	;# 
   534   003D7A                     I2C1PIE         equ	15738	;# 
   535   003D7B                     I2C1CLK         equ	15739	;# 
   536   003D7C                     I2C1BTO         equ	15740	;# 
   537   003DD0                     U2RXB           equ	15824	;# 
   538   003DD0                     U2RXBL          equ	15824	;# 
   539   003DD2                     U2TXB           equ	15826	;# 
   540   003DD2                     U2TXBL          equ	15826	;# 
   541   003DD4                     U2P1            equ	15828	;# 
   542   003DD4                     U2P1L           equ	15828	;# 
   543   003DD6                     U2P2            equ	15830	;# 
   544   003DD6                     U2P2L           equ	15830	;# 
   545   003DD8                     U2P3            equ	15832	;# 
   546   003DD8                     U2P3L           equ	15832	;# 
   547   003DDA                     U2CON0          equ	15834	;# 
   548   003DDB                     U2CON1          equ	15835	;# 
   549   003DDC                     U2CON2          equ	15836	;# 
   550   003DDD                     U2BRG           equ	15837	;# 
   551   003DDD                     U2BRGL          equ	15837	;# 
   552   003DDE                     U2BRGH          equ	15838	;# 
   553   003DDF                     U2FIFO          equ	15839	;# 
   554   003DE0                     U2UIR           equ	15840	;# 
   555   003DE1                     U2ERRIR         equ	15841	;# 
   556   003DE2                     U2ERRIE         equ	15842	;# 
   557   003DE8                     U1RXB           equ	15848	;# 
   558   003DE8                     U1RXBL          equ	15848	;# 
   559   003DE9                     U1RXCHK         equ	15849	;# 
   560   003DEA                     U1TXB           equ	15850	;# 
   561   003DEA                     U1TXBL          equ	15850	;# 
   562   003DEB                     U1TXCHK         equ	15851	;# 
   563   003DEC                     U1P1            equ	15852	;# 
   564   003DEC                     U1P1L           equ	15852	;# 
   565   003DED                     U1P1H           equ	15853	;# 
   566   003DEE                     U1P2            equ	15854	;# 
   567   003DEE                     U1P2L           equ	15854	;# 
   568   003DEF                     U1P2H           equ	15855	;# 
   569   003DF0                     U1P3            equ	15856	;# 
   570   003DF0                     U1P3L           equ	15856	;# 
   571   003DF1                     U1P3H           equ	15857	;# 
   572   003DF2                     U1CON0          equ	15858	;# 
   573   003DF3                     U1CON1          equ	15859	;# 
   574   003DF4                     U1CON2          equ	15860	;# 
   575   003DF5                     U1BRG           equ	15861	;# 
   576   003DF5                     U1BRGL          equ	15861	;# 
   577   003DF6                     U1BRGH          equ	15862	;# 
   578   003DF7                     U1FIFO          equ	15863	;# 
   579   003DF8                     U1UIR           equ	15864	;# 
   580   003DF9                     U1ERRIR         equ	15865	;# 
   581   003DFA                     U1ERRIE         equ	15866	;# 
   582   003E9C                     DAC1CON1        equ	16028	;# 
   583   003E9E                     DAC1CON0        equ	16030	;# 
   584   003EB8                     CM2CON0         equ	16056	;# 
   585   003EB9                     CM2CON1         equ	16057	;# 
   586   003EBA                     CM2NCH          equ	16058	;# 
   587   003EBB                     CM2PCH          equ	16059	;# 
   588   003EBC                     CM1CON0         equ	16060	;# 
   589   003EBD                     CM1CON1         equ	16061	;# 
   590   003EBE                     CM1NCH          equ	16062	;# 
   591   003EBF                     CM1PCH          equ	16063	;# 
   592   003EC0                     CMOUT           equ	16064	;# 
   593   003EC1                     FVRCON          equ	16065	;# 
   594   003EC3                     ZCDCON          equ	16067	;# 
   595   003EC9                     HLVDCON0        equ	16073	;# 
   596   003ECA                     HLVDCON1        equ	16074	;# 
   597   003ED7                     ADCP            equ	16087	;# 
   598   003EDE                     ADLTH           equ	16094	;# 
   599   003EDE                     ADLTHL          equ	16094	;# 
   600   003EDF                     ADLTHH          equ	16095	;# 
   601   003EE0                     ADUTH           equ	16096	;# 
   602   003EE0                     ADUTHL          equ	16096	;# 
   603   003EE1                     ADUTHH          equ	16097	;# 
   604   003EE2                     ADERR           equ	16098	;# 
   605   003EE2                     ADERRL          equ	16098	;# 
   606   003EE3                     ADERRH          equ	16099	;# 
   607   003EE4                     ADSTPT          equ	16100	;# 
   608   003EE4                     ADSTPTL         equ	16100	;# 
   609   003EE5                     ADSTPTH         equ	16101	;# 
   610   003EE6                     ADFLTR          equ	16102	;# 
   611   003EE6                     ADFLTRL         equ	16102	;# 
   612   003EE7                     ADFLTRH         equ	16103	;# 
   613   003EE8                     ADACC           equ	16104	;# 
   614   003EE8                     ADACCL          equ	16104	;# 
   615   003EE9                     ADACCH          equ	16105	;# 
   616   003EEA                     ADACCU          equ	16106	;# 
   617   003EEB                     ADCNT           equ	16107	;# 
   618   003EEC                     ADRPT           equ	16108	;# 
   619   003EED                     ADPREV          equ	16109	;# 
   620   003EED                     ADPREVL         equ	16109	;# 
   621   003EEE                     ADPREVH         equ	16110	;# 
   622   003EEF                     ADRES           equ	16111	;# 
   623   003EEF                     ADRESL          equ	16111	;# 
   624   003EF0                     ADRESH          equ	16112	;# 
   625   003EF1                     ADPCH           equ	16113	;# 
   626   003EF3                     ADACQ           equ	16115	;# 
   627   003EF3                     ADACQL          equ	16115	;# 
   628   003EF4                     ADACQH          equ	16116	;# 
   629   003EF5                     ADCAP           equ	16117	;# 
   630   003EF6                     ADPRE           equ	16118	;# 
   631   003EF6                     ADPREL          equ	16118	;# 
   632   003EF7                     ADPREH          equ	16119	;# 
   633   003EF8                     ADCON0          equ	16120	;# 
   634   003EF9                     ADCON1          equ	16121	;# 
   635   003EFA                     ADCON2          equ	16122	;# 
   636   003EFB                     ADCON3          equ	16123	;# 
   637   003EFC                     ADSTAT          equ	16124	;# 
   638   003EFD                     ADREF           equ	16125	;# 
   639   003EFE                     ADACT           equ	16126	;# 
   640   003EFF                     ADCLK           equ	16127	;# 
   641   003F12                     SMT1TMR         equ	16146	;# 
   642   003F12                     SMT1TMRL        equ	16146	;# 
   643   003F13                     SMT1TMRH        equ	16147	;# 
   644   003F14                     SMT1TMRU        equ	16148	;# 
   645   003F15                     SMT1CPR         equ	16149	;# 
   646   003F15                     SMT1CPRL        equ	16149	;# 
   647   003F16                     SMT1CPRH        equ	16150	;# 
   648   003F17                     SMT1CPRU        equ	16151	;# 
   649   003F18                     SMT1CPW         equ	16152	;# 
   650   003F18                     SMT1CPWL        equ	16152	;# 
   651   003F19                     SMT1CPWH        equ	16153	;# 
   652   003F1A                     SMT1CPWU        equ	16154	;# 
   653   003F1B                     SMT1PR          equ	16155	;# 
   654   003F1B                     SMT1PRL         equ	16155	;# 
   655   003F1C                     SMT1PRH         equ	16156	;# 
   656   003F1D                     SMT1PRU         equ	16157	;# 
   657   003F1E                     SMT1CON0        equ	16158	;# 
   658   003F1F                     SMT1CON1        equ	16159	;# 
   659   003F20                     SMT1STAT        equ	16160	;# 
   660   003F21                     SMT1CLK         equ	16161	;# 
   661   003F22                     SMT1SIG         equ	16162	;# 
   662   003F23                     SMT1WIN         equ	16163	;# 
   663   003F38                     NCO1ACC         equ	16184	;# 
   664   003F38                     NCO1ACCL        equ	16184	;# 
   665   003F39                     NCO1ACCH        equ	16185	;# 
   666   003F3A                     NCO1ACCU        equ	16186	;# 
   667   003F3B                     NCO1INC         equ	16187	;# 
   668   003F3B                     NCO1INCL        equ	16187	;# 
   669   003F3C                     NCO1INCH        equ	16188	;# 
   670   003F3D                     NCO1INCU        equ	16189	;# 
   671   003F3E                     NCO1CON         equ	16190	;# 
   672   003F3F                     NCO1CLK         equ	16191	;# 
   673   003F40                     CWG3CLK         equ	16192	;# 
   674   003F40                     CWG3CLKCON      equ	16192	;# 
   675   003F41                     CWG3ISM         equ	16193	;# 
   676   003F41                     CWG3DAT         equ	16193	;# 
   677   003F42                     CWG3DBR         equ	16194	;# 
   678   003F43                     CWG3DBF         equ	16195	;# 
   679   003F44                     CWG3CON0        equ	16196	;# 
   680   003F45                     CWG3CON1        equ	16197	;# 
   681   003F46                     CWG3AS0         equ	16198	;# 
   682   003F47                     CWG3AS1         equ	16199	;# 
   683   003F48                     CWG3STR         equ	16200	;# 
   684   003F49                     CWG2CLK         equ	16201	;# 
   685   003F49                     CWG2CLKCON      equ	16201	;# 
   686   003F4A                     CWG2ISM         equ	16202	;# 
   687   003F4A                     CWG2DAT         equ	16202	;# 
   688   003F4B                     CWG2DBR         equ	16203	;# 
   689   003F4C                     CWG2DBF         equ	16204	;# 
   690   003F4D                     CWG2CON0        equ	16205	;# 
   691   003F4E                     CWG2CON1        equ	16206	;# 
   692   003F4F                     CWG2AS0         equ	16207	;# 
   693   003F50                     CWG2AS1         equ	16208	;# 
   694   003F51                     CWG2STR         equ	16209	;# 
   695   003F52                     CWG1CLK         equ	16210	;# 
   696   003F52                     CWG1CLKCON      equ	16210	;# 
   697   003F53                     CWG1ISM         equ	16211	;# 
   698   003F53                     CWG1DAT         equ	16211	;# 
   699   003F54                     CWG1DBR         equ	16212	;# 
   700   003F55                     CWG1DBF         equ	16213	;# 
   701   003F56                     CWG1CON0        equ	16214	;# 
   702   003F57                     CWG1CON1        equ	16215	;# 
   703   003F58                     CWG1AS0         equ	16216	;# 
   704   003F59                     CWG1AS1         equ	16217	;# 
   705   003F5A                     CWG1STR         equ	16218	;# 
   706   003F5E                     CCPTMRS0        equ	16222	;# 
   707   003F5F                     CCPTMRS1        equ	16223	;# 
   708   003F60                     PWM8DC          equ	16224	;# 
   709   003F60                     PWM8DCL         equ	16224	;# 
   710   003F61                     PWM8DCH         equ	16225	;# 
   711   003F62                     PWM8CON         equ	16226	;# 
   712   003F64                     PWM7DC          equ	16228	;# 
   713   003F64                     PWM7DCL         equ	16228	;# 
   714   003F65                     PWM7DCH         equ	16229	;# 
   715   003F66                     PWM7CON         equ	16230	;# 
   716   003F68                     PWM6DC          equ	16232	;# 
   717   003F68                     PWM6DCL         equ	16232	;# 
   718   003F69                     PWM6DCH         equ	16233	;# 
   719   003F6A                     PWM6CON         equ	16234	;# 
   720   003F6C                     PWM5DC          equ	16236	;# 
   721   003F6C                     PWM5DCL         equ	16236	;# 
   722   003F6D                     PWM5DCH         equ	16237	;# 
   723   003F6E                     PWM5CON         equ	16238	;# 
   724   003F70                     CCPR4           equ	16240	;# 
   725   003F70                     CCPR4L          equ	16240	;# 
   726   003F71                     CCPR4H          equ	16241	;# 
   727   003F72                     CCP4CON         equ	16242	;# 
   728   003F73                     CCP4CAP         equ	16243	;# 
   729   003F74                     CCPR3           equ	16244	;# 
   730   003F74                     CCPR3L          equ	16244	;# 
   731   003F75                     CCPR3H          equ	16245	;# 
   732   003F76                     CCP3CON         equ	16246	;# 
   733   003F77                     CCP3CAP         equ	16247	;# 
   734   003F78                     CCPR2           equ	16248	;# 
   735   003F78                     CCPR2L          equ	16248	;# 
   736   003F79                     CCPR2H          equ	16249	;# 
   737   003F7A                     CCP2CON         equ	16250	;# 
   738   003F7B                     CCP2CAP         equ	16251	;# 
   739   003F7C                     CCPR1           equ	16252	;# 
   740   003F7C                     CCPR1L          equ	16252	;# 
   741   003F7D                     CCPR1H          equ	16253	;# 
   742   003F7E                     CCP1CON         equ	16254	;# 
   743   003F7F                     CCP1CAP         equ	16255	;# 
   744   003F92                     T6TMR           equ	16274	;# 
   745   003F92                     TMR6            equ	16274	;# 
   746   003F93                     T6PR            equ	16275	;# 
   747   003F93                     PR6             equ	16275	;# 
   748   003F94                     T6CON           equ	16276	;# 
   749   003F95                     T6HLT           equ	16277	;# 
   750   003F96                     T6CLKCON        equ	16278	;# 
   751   003F96                     T6CLK           equ	16278	;# 
   752   003F97                     T6RST           equ	16279	;# 
   753   003F98                     TMR5            equ	16280	;# 
   754   003F98                     TMR5L           equ	16280	;# 
   755   003F99                     TMR5H           equ	16281	;# 
   756   003F9A                     T5CON           equ	16282	;# 
   757   003F9A                     TMR5CON         equ	16282	;# 
   758   003F9B                     T5GCON          equ	16283	;# 
   759   003F9B                     TMR5GCON        equ	16283	;# 
   760   003F9C                     T5GATE          equ	16284	;# 
   761   003F9C                     TMR5GATE        equ	16284	;# 
   762   003F9D                     T5CLK           equ	16285	;# 
   763   003F9D                     TMR5CLK         equ	16285	;# 
   764   003F9D                     PR5             equ	16285	;# 
   765   003F9E                     T4TMR           equ	16286	;# 
   766   003F9E                     TMR4            equ	16286	;# 
   767   003F9F                     T4PR            equ	16287	;# 
   768   003F9F                     PR4             equ	16287	;# 
   769   003FA0                     T4CON           equ	16288	;# 
   770   003FA1                     T4HLT           equ	16289	;# 
   771   003FA2                     T4CLKCON        equ	16290	;# 
   772   003FA2                     T4CLK           equ	16290	;# 
   773   003FA3                     T4RST           equ	16291	;# 
   774   003FA4                     TMR3            equ	16292	;# 
   775   003FA4                     TMR3L           equ	16292	;# 
   776   003FA5                     TMR3H           equ	16293	;# 
   777   003FA6                     T3CON           equ	16294	;# 
   778   003FA6                     TMR3CON         equ	16294	;# 
   779   003FA7                     T3GCON          equ	16295	;# 
   780   003FA7                     TMR3GCON        equ	16295	;# 
   781   003FA8                     T3GATE          equ	16296	;# 
   782   003FA8                     TMR3GATE        equ	16296	;# 
   783   003FA9                     T3CLK           equ	16297	;# 
   784   003FA9                     TMR3CLK         equ	16297	;# 
   785   003FA9                     PR3             equ	16297	;# 
   786   003FAA                     T2TMR           equ	16298	;# 
   787   003FAA                     TMR2            equ	16298	;# 
   788   003FAB                     T2PR            equ	16299	;# 
   789   003FAB                     PR2             equ	16299	;# 
   790   003FAC                     T2CON           equ	16300	;# 
   791   003FAD                     T2HLT           equ	16301	;# 
   792   003FAE                     T2CLKCON        equ	16302	;# 
   793   003FAE                     T2CLK           equ	16302	;# 
   794   003FAF                     T2RST           equ	16303	;# 
   795   003FB0                     TMR1            equ	16304	;# 
   796   003FB0                     TMR1L           equ	16304	;# 
   797   003FB1                     TMR1H           equ	16305	;# 
   798   003FB2                     T1CON           equ	16306	;# 
   799   003FB2                     TMR1CON         equ	16306	;# 
   800   003FB3                     T1GCON          equ	16307	;# 
   801   003FB3                     TMR1GCON        equ	16307	;# 
   802   003FB4                     T1GATE          equ	16308	;# 
   803   003FB4                     TMR1GATE        equ	16308	;# 
   804   003FB5                     T1CLK           equ	16309	;# 
   805   003FB5                     TMR1CLK         equ	16309	;# 
   806   003FB5                     PR1             equ	16309	;# 
   807   003FB6                     TMR0L           equ	16310	;# 
   808   003FB6                     TMR0            equ	16310	;# 
   809   003FB7                     TMR0H           equ	16311	;# 
   810   003FB7                     PR0             equ	16311	;# 
   811   003FB8                     T0CON0          equ	16312	;# 
   812   003FB9                     T0CON1          equ	16313	;# 
   813   003FBA                     LATA            equ	16314	;# 
   814   003FBB                     LATB            equ	16315	;# 
   815   003FBC                     LATC            equ	16316	;# 
   816   003FBD                     LATD            equ	16317	;# 
   817   003FBE                     LATE            equ	16318	;# 
   818   003FC2                     TRISA           equ	16322	;# 
   819   003FC3                     TRISB           equ	16323	;# 
   820   003FC4                     TRISC           equ	16324	;# 
   821   003FC5                     TRISD           equ	16325	;# 
   822   003FC6                     TRISE           equ	16326	;# 
   823   003FCA                     PORTA           equ	16330	;# 
   824   003FCB                     PORTB           equ	16331	;# 
   825   003FCC                     PORTC           equ	16332	;# 
   826   003FCD                     PORTD           equ	16333	;# 
   827   003FCE                     PORTE           equ	16334	;# 
   828   003FD2                     INTCON0         equ	16338	;# 
   829   003FD3                     INTCON1         equ	16339	;# 
   830   003FD4                     IVTLOCK         equ	16340	;# 
   831   003FD5                     IVTBASE         equ	16341	;# 
   832   003FD5                     IVTBASEL        equ	16341	;# 
   833   003FD6                     IVTBASEH        equ	16342	;# 
   834   003FD7                     IVTBASEU        equ	16343	;# 
   835   003FD8                     STATUS          equ	16344	;# 
   836   003FD9                     FSR2            equ	16345	;# 
   837   003FD9                     FSR2L           equ	16345	;# 
   838   003FDA                     FSR2H           equ	16346	;# 
   839   003FDB                     PLUSW2          equ	16347	;# 
   840   003FDC                     PREINC2         equ	16348	;# 
   841   003FDD                     POSTDEC2        equ	16349	;# 
   842   003FDE                     POSTINC2        equ	16350	;# 
   843   003FDF                     INDF2           equ	16351	;# 
   844   003FE0                     BSR             equ	16352	;# 
   845   003FE1                     FSR1            equ	16353	;# 
   846   003FE1                     FSR1L           equ	16353	;# 
   847   003FE2                     FSR1H           equ	16354	;# 
   848   003FE3                     PLUSW1          equ	16355	;# 
   849   003FE4                     PREINC1         equ	16356	;# 
   850   003FE5                     POSTDEC1        equ	16357	;# 
   851   003FE6                     POSTINC1        equ	16358	;# 
   852   003FE7                     INDF1           equ	16359	;# 
   853   003FE8                     WREG            equ	16360	;# 
   854   003FE9                     FSR0            equ	16361	;# 
   855   003FE9                     FSR0L           equ	16361	;# 
   856   003FEA                     FSR0H           equ	16362	;# 
   857   003FEB                     PLUSW0          equ	16363	;# 
   858   003FEC                     PREINC0         equ	16364	;# 
   859   003FED                     POSTDEC0        equ	16365	;# 
   860   003FEE                     POSTINC0        equ	16366	;# 
   861   003FEF                     INDF0           equ	16367	;# 
   862   003FF0                     PCON0           equ	16368	;# 
   863   003FF1                     PCON1           equ	16369	;# 
   864   003FF3                     PROD            equ	16371	;# 
   865   003FF3                     PRODL           equ	16371	;# 
   866   003FF4                     PRODH           equ	16372	;# 
   867   003FF5                     TABLAT          equ	16373	;# 
   868   003FF6                     TBLPTR          equ	16374	;# 
   869   003FF6                     TBLPTRL         equ	16374	;# 
   870   003FF7                     TBLPTRH         equ	16375	;# 
   871   003FF8                     TBLPTRU         equ	16376	;# 
   872   003FF9                     PCLAT           equ	16377	;# 
   873   003FF9                     PCL             equ	16377	;# 
   874   003FFA                     PCLATH          equ	16378	;# 
   875   003FFB                     PCLATU          equ	16379	;# 
   876   003FFC                     STKPTR          equ	16380	;# 
   877   003FFD                     TOS             equ	16381	;# 
   878   003FFD                     TOSL            equ	16381	;# 
   879   003FFE                     TOSH            equ	16382	;# 
   880   003FFF                     TOSU            equ	16383	;# 
   881   003880                     STATUS_CSHAD    equ	14464	;# 
   882   003881                     WREG_CSHAD      equ	14465	;# 
   883   003882                     BSR_CSHAD       equ	14466	;# 
   884   003883                     SHADCON         equ	14467	;# 
   885   003884                     STATUS_SHAD     equ	14468	;# 
   886   003885                     WREG_SHAD       equ	14469	;# 
   887   003886                     BSR_SHAD        equ	14470	;# 
   888   003887                     PCLATH_SHAD     equ	14471	;# 
   889   003888                     PCLATU_SHAD     equ	14472	;# 
   890   003889                     FSR0SH          equ	14473	;# 
   891   003889                     FSR0L_SHAD      equ	14473	;# 
   892   00388A                     FSR0H_SHAD      equ	14474	;# 
   893   00388B                     FSR1SH          equ	14475	;# 
   894   00388B                     FSR1L_SHAD      equ	14475	;# 
   895   00388C                     FSR1H_SHAD      equ	14476	;# 
   896   00388D                     FSR2SH          equ	14477	;# 
   897   00388D                     FSR2L_SHAD      equ	14477	;# 
   898   00388E                     FSR2H_SHAD      equ	14478	;# 
   899   00388F                     PRODSH          equ	14479	;# 
   900   00388F                     PRODL_SHAD      equ	14479	;# 
   901   003890                     PRODH_SHAD      equ	14480	;# 
   902   00389D                     IVTADL          equ	14493	;# 
   903   00389E                     IVTADH          equ	14494	;# 
   904   00389F                     IVTADU          equ	14495	;# 
   905   00395B                     WDTCON0         equ	14683	;# 
   906   00395C                     WDTCON1         equ	14684	;# 
   907   00395D                     WDTPSL          equ	14685	;# 
   908   00395E                     WDTPSH          equ	14686	;# 
   909   00395F                     WDTTMR          equ	14687	;# 
   910   003960                     CRCDATA         equ	14688	;# 
   911   003960                     CRCDATL         equ	14688	;# 
   912   003961                     CRCDATH         equ	14689	;# 
   913   003962                     CRCACC          equ	14690	;# 
   914   003962                     CRCACCL         equ	14690	;# 
   915   003963                     CRCACCH         equ	14691	;# 
   916   003964                     CRCSHFT         equ	14692	;# 
   917   003964                     CRCSHIFTL       equ	14692	;# 
   918   003965                     CRCSHIFTH       equ	14693	;# 
   919   003966                     CRCXOR          equ	14694	;# 
   920   003966                     CRCXORL         equ	14694	;# 
   921   003967                     CRCXORH         equ	14695	;# 
   922   003968                     CRCCON0         equ	14696	;# 
   923   003969                     CRCCON1         equ	14697	;# 
   924   003976                     SCANLADR        equ	14710	;# 
   925   003976                     SCANLADRL       equ	14710	;# 
   926   003977                     SCANLADRH       equ	14711	;# 
   927   003978                     SCANLADRU       equ	14712	;# 
   928   003979                     SCANHADR        equ	14713	;# 
   929   003979                     SCANHADRL       equ	14713	;# 
   930   00397A                     SCANHADRH       equ	14714	;# 
   931   00397B                     SCANHADRU       equ	14715	;# 
   932   00397C                     SCANCON0        equ	14716	;# 
   933   00397D                     SCANTRIG        equ	14717	;# 
   934   003980                     IPR0            equ	14720	;# 
   935   003981                     IPR1            equ	14721	;# 
   936   003982                     IPR2            equ	14722	;# 
   937   003983                     IPR3            equ	14723	;# 
   938   003984                     IPR4            equ	14724	;# 
   939   003985                     IPR5            equ	14725	;# 
   940   003986                     IPR6            equ	14726	;# 
   941   003987                     IPR7            equ	14727	;# 
   942   003988                     IPR8            equ	14728	;# 
   943   003989                     IPR9            equ	14729	;# 
   944   00398A                     IPR10           equ	14730	;# 
   945   003990                     PIE0            equ	14736	;# 
   946   003991                     PIE1            equ	14737	;# 
   947   003992                     PIE2            equ	14738	;# 
   948   003993                     PIE3            equ	14739	;# 
   949   003994                     PIE4            equ	14740	;# 
   950   003995                     PIE5            equ	14741	;# 
   951   003996                     PIE6            equ	14742	;# 
   952   003997                     PIE7            equ	14743	;# 
   953   003998                     PIE8            equ	14744	;# 
   954   003999                     PIE9            equ	14745	;# 
   955   00399A                     PIE10           equ	14746	;# 
   956   0039A0                     PIR0            equ	14752	;# 
   957   0039A1                     PIR1            equ	14753	;# 
   958   0039A2                     PIR2            equ	14754	;# 
   959   0039A3                     PIR3            equ	14755	;# 
   960   0039A4                     PIR4            equ	14756	;# 
   961   0039A5                     PIR5            equ	14757	;# 
   962   0039A6                     PIR6            equ	14758	;# 
   963   0039A7                     PIR7            equ	14759	;# 
   964   0039A8                     PIR8            equ	14760	;# 
   965   0039A9                     PIR9            equ	14761	;# 
   966   0039AA                     PIR10           equ	14762	;# 
   967   0039C0                     PMD0            equ	14784	;# 
   968   0039C1                     PMD1            equ	14785	;# 
   969   0039C2                     PMD2            equ	14786	;# 
   970   0039C3                     PMD3            equ	14787	;# 
   971   0039C4                     PMD4            equ	14788	;# 
   972   0039C5                     PMD5            equ	14789	;# 
   973   0039C6                     PMD6            equ	14790	;# 
   974   0039C7                     PMD7            equ	14791	;# 
   975   0039D0                     BORCON          equ	14800	;# 
   976   0039D1                     VREGCON         equ	14801	;# 
   977   0039D8                     CPUDOZE         equ	14808	;# 
   978   0039D9                     OSCCON1         equ	14809	;# 
   979   0039DA                     OSCCON2         equ	14810	;# 
   980   0039DB                     OSCCON3         equ	14811	;# 
   981   0039DC                     OSCSTAT         equ	14812	;# 
   982   0039DC                     OSCSTAT1        equ	14812	;# 
   983   0039DD                     OSCEN           equ	14813	;# 
   984   0039DE                     OSCTUNE         equ	14814	;# 
   985   0039DF                     OSCFRQ          equ	14815	;# 
   986   0039E0                     NVMADRL         equ	14816	;# 
   987   0039E1                     NVMADRH         equ	14817	;# 
   988   0039E3                     NVMDAT          equ	14819	;# 
   989   0039E5                     NVMCON1         equ	14821	;# 
   990   0039E6                     NVMCON2         equ	14822	;# 
   991   0039EF                     PRLOCK          equ	14831	;# 
   992   0039F1                     ISRPR           equ	14833	;# 
   993   0039F2                     MAINPR          equ	14834	;# 
   994   0039F3                     DMA1PR          equ	14835	;# 
   995   0039F4                     DMA2PR          equ	14836	;# 
   996   0039F7                     SCANPR          equ	14839	;# 
   997   003A00                     RA0PPS          equ	14848	;# 
   998   003A01                     RA1PPS          equ	14849	;# 
   999   003A02                     RA2PPS          equ	14850	;# 
  1000   003A03                     RA3PPS          equ	14851	;# 
  1001   003A04                     RA4PPS          equ	14852	;# 
  1002   003A05                     RA5PPS          equ	14853	;# 
  1003   003A06                     RA6PPS          equ	14854	;# 
  1004   003A07                     RA7PPS          equ	14855	;# 
  1005   003A08                     RB0PPS          equ	14856	;# 
  1006   003A09                     RB1PPS          equ	14857	;# 
  1007   003A0A                     RB2PPS          equ	14858	;# 
  1008   003A0B                     RB3PPS          equ	14859	;# 
  1009   003A0C                     RB4PPS          equ	14860	;# 
  1010   003A0D                     RB5PPS          equ	14861	;# 
  1011   003A0E                     RB6PPS          equ	14862	;# 
  1012   003A0F                     RB7PPS          equ	14863	;# 
  1013   003A10                     RC0PPS          equ	14864	;# 
  1014   003A11                     RC1PPS          equ	14865	;# 
  1015   003A12                     RC2PPS          equ	14866	;# 
  1016   003A13                     RC3PPS          equ	14867	;# 
  1017   003A14                     RC4PPS          equ	14868	;# 
  1018   003A15                     RC5PPS          equ	14869	;# 
  1019   003A16                     RC6PPS          equ	14870	;# 
  1020   003A17                     RC7PPS          equ	14871	;# 
  1021   003A18                     RD0PPS          equ	14872	;# 
  1022   003A19                     RD1PPS          equ	14873	;# 
  1023   003A1A                     RD2PPS          equ	14874	;# 
  1024   003A1B                     RD3PPS          equ	14875	;# 
  1025   003A1C                     RD4PPS          equ	14876	;# 
  1026   003A1D                     RD5PPS          equ	14877	;# 
  1027   003A1E                     RD6PPS          equ	14878	;# 
  1028   003A1F                     RD7PPS          equ	14879	;# 
  1029   003A20                     RE0PPS          equ	14880	;# 
  1030   003A21                     RE1PPS          equ	14881	;# 
  1031   003A22                     RE2PPS          equ	14882	;# 
  1032   003A40                     ANSELA          equ	14912	;# 
  1033   003A41                     WPUA            equ	14913	;# 
  1034   003A42                     ODCONA          equ	14914	;# 
  1035   003A43                     SLRCONA         equ	14915	;# 
  1036   003A44                     INLVLA          equ	14916	;# 
  1037   003A45                     IOCAP           equ	14917	;# 
  1038   003A46                     IOCAN           equ	14918	;# 
  1039   003A47                     IOCAF           equ	14919	;# 
  1040   003A48                     CCDPA           equ	14920	;# 
  1041   003A49                     CCDNA           equ	14921	;# 
  1042   003A50                     ANSELB          equ	14928	;# 
  1043   003A51                     WPUB            equ	14929	;# 
  1044   003A52                     ODCONB          equ	14930	;# 
  1045   003A53                     SLRCONB         equ	14931	;# 
  1046   003A54                     INLVLB          equ	14932	;# 
  1047   003A55                     IOCBP           equ	14933	;# 
  1048   003A56                     IOCBN           equ	14934	;# 
  1049   003A57                     IOCBF           equ	14935	;# 
  1050   003A58                     CCDPB           equ	14936	;# 
  1051   003A59                     CCDNB           equ	14937	;# 
  1052   003A5A                     RB1I2C          equ	14938	;# 
  1053   003A5B                     RB2I2C          equ	14939	;# 
  1054   003A60                     ANSELC          equ	14944	;# 
  1055   003A61                     WPUC            equ	14945	;# 
  1056   003A62                     ODCONC          equ	14946	;# 
  1057   003A63                     SLRCONC         equ	14947	;# 
  1058   003A64                     INLVLC          equ	14948	;# 
  1059   003A65                     IOCCP           equ	14949	;# 
  1060   003A66                     IOCCN           equ	14950	;# 
  1061   003A67                     IOCCF           equ	14951	;# 
  1062   003A68                     CCDPC           equ	14952	;# 
  1063   003A69                     CCDNC           equ	14953	;# 
  1064   003A6A                     RC3I2C          equ	14954	;# 
  1065   003A6B                     RC4I2C          equ	14955	;# 
  1066   003A70                     ANSELD          equ	14960	;# 
  1067   003A71                     WPUD            equ	14961	;# 
  1068   003A72                     ODCOND          equ	14962	;# 
  1069   003A73                     SLRCOND         equ	14963	;# 
  1070   003A74                     INLVLD          equ	14964	;# 
  1071   003A78                     CCDPD           equ	14968	;# 
  1072   003A79                     CCDND           equ	14969	;# 
  1073   003A7A                     RD0I2C          equ	14970	;# 
  1074   003A7B                     RD1I2C          equ	14971	;# 
  1075   003A80                     ANSELE          equ	14976	;# 
  1076   003A81                     WPUE            equ	14977	;# 
  1077   003A82                     ODCONE          equ	14978	;# 
  1078   003A83                     SLRCONE         equ	14979	;# 
  1079   003A84                     INLVLE          equ	14980	;# 
  1080   003A85                     IOCEP           equ	14981	;# 
  1081   003A86                     IOCEN           equ	14982	;# 
  1082   003A87                     IOCEF           equ	14983	;# 
  1083   003A88                     CCDPE           equ	14984	;# 
  1084   003A89                     CCDNE           equ	14985	;# 
  1085   003ABE                     CCDCON          equ	15038	;# 
  1086   003ABF                     PPSLOCK         equ	15039	;# 
  1087   003AC0                     INT0PPS         equ	15040	;# 
  1088   003AC1                     INT1PPS         equ	15041	;# 
  1089   003AC2                     INT2PPS         equ	15042	;# 
  1090   003AC3                     T0CKIPPS        equ	15043	;# 
  1091   003AC4                     T1CKIPPS        equ	15044	;# 
  1092   003AC5                     T1GPPS          equ	15045	;# 
  1093   003AC6                     T3CKIPPS        equ	15046	;# 
  1094   003AC7                     T3GPPS          equ	15047	;# 
  1095   003AC8                     T5CKIPPS        equ	15048	;# 
  1096   003AC9                     T5GPPS          equ	15049	;# 
  1097   003ACA                     T2INPPS         equ	15050	;# 
  1098   003ACB                     T4INPPS         equ	15051	;# 
  1099   003ACC                     T6INPPS         equ	15052	;# 
  1100   003ACD                     CCP1PPS         equ	15053	;# 
  1101   003ACE                     CCP2PPS         equ	15054	;# 
  1102   003ACF                     CCP3PPS         equ	15055	;# 
  1103   003AD0                     CCP4PPS         equ	15056	;# 
  1104   003AD1                     SMT1WINPPS      equ	15057	;# 
  1105   003AD2                     SMT1SIGPPS      equ	15058	;# 
  1106   003AD3                     CWG1INPPS       equ	15059	;# 
  1107   003AD4                     CWG2INPPS       equ	15060	;# 
  1108   003AD5                     CWG3INPPS       equ	15061	;# 
  1109   003AD6                     MD1CARLPPS      equ	15062	;# 
  1110   003AD7                     MD1CARHPPS      equ	15063	;# 
  1111   003AD8                     MD1SRCPPS       equ	15064	;# 
  1112   003AD9                     CLCIN0PPS       equ	15065	;# 
  1113   003ADA                     CLCIN1PPS       equ	15066	;# 
  1114   003ADB                     CLCIN2PPS       equ	15067	;# 
  1115   003ADC                     CLCIN3PPS       equ	15068	;# 
  1116   003ADD                     ADACTPPS        equ	15069	;# 
  1117   003ADE                     SPI1SCKPPS      equ	15070	;# 
  1118   003ADF                     SPI1SDIPPS      equ	15071	;# 
  1119   003AE0                     SPI1SSPPS       equ	15072	;# 
  1120   003AE1                     I2C1SCLPPS      equ	15073	;# 
  1121   003AE2                     I2C1SDAPPS      equ	15074	;# 
  1122   003AE3                     I2C2SCLPPS      equ	15075	;# 
  1123   003AE4                     I2C2SDAPPS      equ	15076	;# 
  1124   003AE5                     U1RXPPS         equ	15077	;# 
  1125   003AE6                     U1CTSPPS        equ	15078	;# 
  1126   003AE8                     U2RXPPS         equ	15080	;# 
  1127   003AE9                     U2CTSPPS        equ	15081	;# 
  1128   003BC9                     DMA2BUF         equ	15305	;# 
  1129   003BCA                     DMA2DCNT        equ	15306	;# 
  1130   003BCA                     DMA2DCNTL       equ	15306	;# 
  1131   003BCB                     DMA2DCNTH       equ	15307	;# 
  1132   003BCC                     DMA2DPTR        equ	15308	;# 
  1133   003BCC                     DMA2DPTRL       equ	15308	;# 
  1134   003BCD                     DMA2DPTRH       equ	15309	;# 
  1135   003BCE                     DMA2DSZ         equ	15310	;# 
  1136   003BCE                     DMA2DSZL        equ	15310	;# 
  1137   003BCF                     DMA2DSZH        equ	15311	;# 
  1138   003BD0                     DMA2DSA         equ	15312	;# 
  1139   003BD0                     DMA2DSAL        equ	15312	;# 
  1140   003BD1                     DMA2DSAH        equ	15313	;# 
  1141   003BD2                     DMA2SCNT        equ	15314	;# 
  1142   003BD2                     DMA2SCNTL       equ	15314	;# 
  1143   003BD3                     DMA2SCNTH       equ	15315	;# 
  1144   003BD4                     DMA2SPTR        equ	15316	;# 
  1145   003BD4                     DMA2SPTRL       equ	15316	;# 
  1146   003BD5                     DMA2SPTRH       equ	15317	;# 
  1147   003BD6                     DMA2SPTRU       equ	15318	;# 
  1148   003BD7                     DMA2SSZ         equ	15319	;# 
  1149   003BD7                     DMA2SSZL        equ	15319	;# 
  1150   003BD8                     DMA2SSZH        equ	15320	;# 
  1151   003BD9                     DMA2SSA         equ	15321	;# 
  1152   003BD9                     DMA2SSAL        equ	15321	;# 
  1153   003BDA                     DMA2SSAH        equ	15322	;# 
  1154   003BDB                     DMA2SSAU        equ	15323	;# 
  1155   003BDC                     DMA2CON0        equ	15324	;# 
  1156   003BDD                     DMA2CON1        equ	15325	;# 
  1157   003BDE                     DMA2AIRQ        equ	15326	;# 
  1158   003BDF                     DMA2SIRQ        equ	15327	;# 
  1159   003BE9                     DMA1BUF         equ	15337	;# 
  1160   003BEA                     DMA1DCNT        equ	15338	;# 
  1161   003BEA                     DMA1DCNTL       equ	15338	;# 
  1162   003BEB                     DMA1DCNTH       equ	15339	;# 
  1163   003BEC                     DMA1DPTR        equ	15340	;# 
  1164   003BEC                     DMA1DPTRL       equ	15340	;# 
  1165   003BED                     DMA1DPTRH       equ	15341	;# 
  1166   003BEE                     DMA1DSZ         equ	15342	;# 
  1167   003BEE                     DMA1DSZL        equ	15342	;# 
  1168   003BEF                     DMA1DSZH        equ	15343	;# 
  1169   003BF0                     DMA1DSA         equ	15344	;# 
  1170   003BF0                     DMA1DSAL        equ	15344	;# 
  1171   003BF1                     DMA1DSAH        equ	15345	;# 
  1172   003BF2                     DMA1SCNT        equ	15346	;# 
  1173   003BF2                     DMA1SCNTL       equ	15346	;# 
  1174   003BF3                     DMA1SCNTH       equ	15347	;# 
  1175   003BF4                     DMA1SPTR        equ	15348	;# 
  1176   003BF4                     DMA1SPTRL       equ	15348	;# 
  1177   003BF5                     DMA1SPTRH       equ	15349	;# 
  1178   003BF6                     DMA1SPTRU       equ	15350	;# 
  1179   003BF7                     DMA1SSZ         equ	15351	;# 
  1180   003BF7                     DMA1SSZL        equ	15351	;# 
  1181   003BF8                     DMA1SSZH        equ	15352	;# 
  1182   003BF9                     DMA1SSA         equ	15353	;# 
  1183   003BF9                     DMA1SSAL        equ	15353	;# 
  1184   003BFA                     DMA1SSAH        equ	15354	;# 
  1185   003BFB                     DMA1SSAU        equ	15355	;# 
  1186   003BFC                     DMA1CON0        equ	15356	;# 
  1187   003BFD                     DMA1CON1        equ	15357	;# 
  1188   003BFE                     DMA1AIRQ        equ	15358	;# 
  1189   003BFF                     DMA1SIRQ        equ	15359	;# 
  1190   003C56                     CLC4CON         equ	15446	;# 
  1191   003C57                     CLC4POL         equ	15447	;# 
  1192   003C58                     CLC4SEL0        equ	15448	;# 
  1193   003C59                     CLC4SEL1        equ	15449	;# 
  1194   003C5A                     CLC4SEL2        equ	15450	;# 
  1195   003C5B                     CLC4SEL3        equ	15451	;# 
  1196   003C5C                     CLC4GLS0        equ	15452	;# 
  1197   003C5D                     CLC4GLS1        equ	15453	;# 
  1198   003C5E                     CLC4GLS2        equ	15454	;# 
  1199   003C5F                     CLC4GLS3        equ	15455	;# 
  1200   003C60                     CLC3CON         equ	15456	;# 
  1201   003C61                     CLC3POL         equ	15457	;# 
  1202   003C62                     CLC3SEL0        equ	15458	;# 
  1203   003C63                     CLC3SEL1        equ	15459	;# 
  1204   003C64                     CLC3SEL2        equ	15460	;# 
  1205   003C65                     CLC3SEL3        equ	15461	;# 
  1206   003C66                     CLC3GLS0        equ	15462	;# 
  1207   003C67                     CLC3GLS1        equ	15463	;# 
  1208   003C68                     CLC3GLS2        equ	15464	;# 
  1209   003C69                     CLC3GLS3        equ	15465	;# 
  1210   003C6A                     CLC2CON         equ	15466	;# 
  1211   003C6B                     CLC2POL         equ	15467	;# 
  1212   003C6C                     CLC2SEL0        equ	15468	;# 
  1213   003C6D                     CLC2SEL1        equ	15469	;# 
  1214   003C6E                     CLC2SEL2        equ	15470	;# 
  1215   003C6F                     CLC2SEL3        equ	15471	;# 
  1216   003C70                     CLC2GLS0        equ	15472	;# 
  1217   003C71                     CLC2GLS1        equ	15473	;# 
  1218   003C72                     CLC2GLS2        equ	15474	;# 
  1219   003C73                     CLC2GLS3        equ	15475	;# 
  1220   003C74                     CLC1CON         equ	15476	;# 
  1221   003C75                     CLC1POL         equ	15477	;# 
  1222   003C76                     CLC1SEL0        equ	15478	;# 
  1223   003C77                     CLC1SEL1        equ	15479	;# 
  1224   003C78                     CLC1SEL2        equ	15480	;# 
  1225   003C79                     CLC1SEL3        equ	15481	;# 
  1226   003C7A                     CLC1GLS0        equ	15482	;# 
  1227   003C7B                     CLC1GLS1        equ	15483	;# 
  1228   003C7C                     CLC1GLS2        equ	15484	;# 
  1229   003C7D                     CLC1GLS3        equ	15485	;# 
  1230   003C7E                     CLCDATA0        equ	15486	;# 
  1231   003CE5                     CLKRCON         equ	15589	;# 
  1232   003CE6                     CLKRCLK         equ	15590	;# 
  1233   003CFA                     MD1CON0         equ	15610	;# 
  1234   003CFB                     MD1CON1         equ	15611	;# 
  1235   003CFC                     MD1SRC          equ	15612	;# 
  1236   003CFD                     MD1CARL         equ	15613	;# 
  1237   003CFE                     MD1CARH         equ	15614	;# 
  1238   003D10                     SPI1RXB         equ	15632	;# 
  1239   003D11                     SPI1TXB         equ	15633	;# 
  1240   003D12                     SPI1TCNT        equ	15634	;# 
  1241   003D12                     SPI1TCNTL       equ	15634	;# 
  1242   003D13                     SPI1TCNTH       equ	15635	;# 
  1243   003D14                     SPI1CON0        equ	15636	;# 
  1244   003D15                     SPI1CON1        equ	15637	;# 
  1245   003D16                     SPI1CON2        equ	15638	;# 
  1246   003D17                     SPI1STATUS      equ	15639	;# 
  1247   003D18                     SPI1TWIDTH      equ	15640	;# 
  1248   003D19                     SPI1BAUD        equ	15641	;# 
  1249   003D1A                     SPI1INTF        equ	15642	;# 
  1250   003D1B                     SPI1INTE        equ	15643	;# 
  1251   003D1C                     SPI1CLK         equ	15644	;# 
  1252   003D54                     I2C2RXB         equ	15700	;# 
  1253   003D55                     I2C2TXB         equ	15701	;# 
  1254   003D56                     I2C2CNT         equ	15702	;# 
  1255   003D57                     I2C2ADB0        equ	15703	;# 
  1256   003D58                     I2C2ADB1        equ	15704	;# 
  1257   003D59                     I2C2ADR0        equ	15705	;# 
  1258   003D5A                     I2C2ADR1        equ	15706	;# 
  1259   003D5B                     I2C2ADR2        equ	15707	;# 
  1260   003D5C                     I2C2ADR3        equ	15708	;# 
  1261   003D5D                     I2C2CON0        equ	15709	;# 
  1262   003D5E                     I2C2CON1        equ	15710	;# 
  1263   003D5F                     I2C2CON2        equ	15711	;# 
  1264   003D60                     I2C2ERR         equ	15712	;# 
  1265   003D61                     I2C2STAT0       equ	15713	;# 
  1266   003D62                     I2C2STAT1       equ	15714	;# 
  1267   003D63                     I2C2PIR         equ	15715	;# 
  1268   003D64                     I2C2PIE         equ	15716	;# 
  1269   003D65                     I2C2CLK         equ	15717	;# 
  1270   003D66                     I2C2BTO         equ	15718	;# 
  1271   003D6A                     I2C1RXB         equ	15722	;# 
  1272   003D6B                     I2C1TXB         equ	15723	;# 
  1273   003D6C                     I2C1CNT         equ	15724	;# 
  1274   003D6D                     I2C1ADB0        equ	15725	;# 
  1275   003D6E                     I2C1ADB1        equ	15726	;# 
  1276   003D6F                     I2C1ADR0        equ	15727	;# 
  1277   003D70                     I2C1ADR1        equ	15728	;# 
  1278   003D71                     I2C1ADR2        equ	15729	;# 
  1279   003D72                     I2C1ADR3        equ	15730	;# 
  1280   003D73                     I2C1CON0        equ	15731	;# 
  1281   003D74                     I2C1CON1        equ	15732	;# 
  1282   003D75                     I2C1CON2        equ	15733	;# 
  1283   003D76                     I2C1ERR         equ	15734	;# 
  1284   003D77                     I2C1STAT0       equ	15735	;# 
  1285   003D78                     I2C1STAT1       equ	15736	;# 
  1286   003D79                     I2C1PIR         equ	15737	;# 
  1287   003D7A                     I2C1PIE         equ	15738	;# 
  1288   003D7B                     I2C1CLK         equ	15739	;# 
  1289   003D7C                     I2C1BTO         equ	15740	;# 
  1290   003DD0                     U2RXB           equ	15824	;# 
  1291   003DD0                     U2RXBL          equ	15824	;# 
  1292   003DD2                     U2TXB           equ	15826	;# 
  1293   003DD2                     U2TXBL          equ	15826	;# 
  1294   003DD4                     U2P1            equ	15828	;# 
  1295   003DD4                     U2P1L           equ	15828	;# 
  1296   003DD6                     U2P2            equ	15830	;# 
  1297   003DD6                     U2P2L           equ	15830	;# 
  1298   003DD8                     U2P3            equ	15832	;# 
  1299   003DD8                     U2P3L           equ	15832	;# 
  1300   003DDA                     U2CON0          equ	15834	;# 
  1301   003DDB                     U2CON1          equ	15835	;# 
  1302   003DDC                     U2CON2          equ	15836	;# 
  1303   003DDD                     U2BRG           equ	15837	;# 
  1304   003DDD                     U2BRGL          equ	15837	;# 
  1305   003DDE                     U2BRGH          equ	15838	;# 
  1306   003DDF                     U2FIFO          equ	15839	;# 
  1307   003DE0                     U2UIR           equ	15840	;# 
  1308   003DE1                     U2ERRIR         equ	15841	;# 
  1309   003DE2                     U2ERRIE         equ	15842	;# 
  1310   003DE8                     U1RXB           equ	15848	;# 
  1311   003DE8                     U1RXBL          equ	15848	;# 
  1312   003DE9                     U1RXCHK         equ	15849	;# 
  1313   003DEA                     U1TXB           equ	15850	;# 
  1314   003DEA                     U1TXBL          equ	15850	;# 
  1315   003DEB                     U1TXCHK         equ	15851	;# 
  1316   003DEC                     U1P1            equ	15852	;# 
  1317   003DEC                     U1P1L           equ	15852	;# 
  1318   003DED                     U1P1H           equ	15853	;# 
  1319   003DEE                     U1P2            equ	15854	;# 
  1320   003DEE                     U1P2L           equ	15854	;# 
  1321   003DEF                     U1P2H           equ	15855	;# 
  1322   003DF0                     U1P3            equ	15856	;# 
  1323   003DF0                     U1P3L           equ	15856	;# 
  1324   003DF1                     U1P3H           equ	15857	;# 
  1325   003DF2                     U1CON0          equ	15858	;# 
  1326   003DF3                     U1CON1          equ	15859	;# 
  1327   003DF4                     U1CON2          equ	15860	;# 
  1328   003DF5                     U1BRG           equ	15861	;# 
  1329   003DF5                     U1BRGL          equ	15861	;# 
  1330   003DF6                     U1BRGH          equ	15862	;# 
  1331   003DF7                     U1FIFO          equ	15863	;# 
  1332   003DF8                     U1UIR           equ	15864	;# 
  1333   003DF9                     U1ERRIR         equ	15865	;# 
  1334   003DFA                     U1ERRIE         equ	15866	;# 
  1335   003E9C                     DAC1CON1        equ	16028	;# 
  1336   003E9E                     DAC1CON0        equ	16030	;# 
  1337   003EB8                     CM2CON0         equ	16056	;# 
  1338   003EB9                     CM2CON1         equ	16057	;# 
  1339   003EBA                     CM2NCH          equ	16058	;# 
  1340   003EBB                     CM2PCH          equ	16059	;# 
  1341   003EBC                     CM1CON0         equ	16060	;# 
  1342   003EBD                     CM1CON1         equ	16061	;# 
  1343   003EBE                     CM1NCH          equ	16062	;# 
  1344   003EBF                     CM1PCH          equ	16063	;# 
  1345   003EC0                     CMOUT           equ	16064	;# 
  1346   003EC1                     FVRCON          equ	16065	;# 
  1347   003EC3                     ZCDCON          equ	16067	;# 
  1348   003EC9                     HLVDCON0        equ	16073	;# 
  1349   003ECA                     HLVDCON1        equ	16074	;# 
  1350   003ED7                     ADCP            equ	16087	;# 
  1351   003EDE                     ADLTH           equ	16094	;# 
  1352   003EDE                     ADLTHL          equ	16094	;# 
  1353   003EDF                     ADLTHH          equ	16095	;# 
  1354   003EE0                     ADUTH           equ	16096	;# 
  1355   003EE0                     ADUTHL          equ	16096	;# 
  1356   003EE1                     ADUTHH          equ	16097	;# 
  1357   003EE2                     ADERR           equ	16098	;# 
  1358   003EE2                     ADERRL          equ	16098	;# 
  1359   003EE3                     ADERRH          equ	16099	;# 
  1360   003EE4                     ADSTPT          equ	16100	;# 
  1361   003EE4                     ADSTPTL         equ	16100	;# 
  1362   003EE5                     ADSTPTH         equ	16101	;# 
  1363   003EE6                     ADFLTR          equ	16102	;# 
  1364   003EE6                     ADFLTRL         equ	16102	;# 
  1365   003EE7                     ADFLTRH         equ	16103	;# 
  1366   003EE8                     ADACC           equ	16104	;# 
  1367   003EE8                     ADACCL          equ	16104	;# 
  1368   003EE9                     ADACCH          equ	16105	;# 
  1369   003EEA                     ADACCU          equ	16106	;# 
  1370   003EEB                     ADCNT           equ	16107	;# 
  1371   003EEC                     ADRPT           equ	16108	;# 
  1372   003EED                     ADPREV          equ	16109	;# 
  1373   003EED                     ADPREVL         equ	16109	;# 
  1374   003EEE                     ADPREVH         equ	16110	;# 
  1375   003EEF                     ADRES           equ	16111	;# 
  1376   003EEF                     ADRESL          equ	16111	;# 
  1377   003EF0                     ADRESH          equ	16112	;# 
  1378   003EF1                     ADPCH           equ	16113	;# 
  1379   003EF3                     ADACQ           equ	16115	;# 
  1380   003EF3                     ADACQL          equ	16115	;# 
  1381   003EF4                     ADACQH          equ	16116	;# 
  1382   003EF5                     ADCAP           equ	16117	;# 
  1383   003EF6                     ADPRE           equ	16118	;# 
  1384   003EF6                     ADPREL          equ	16118	;# 
  1385   003EF7                     ADPREH          equ	16119	;# 
  1386   003EF8                     ADCON0          equ	16120	;# 
  1387   003EF9                     ADCON1          equ	16121	;# 
  1388   003EFA                     ADCON2          equ	16122	;# 
  1389   003EFB                     ADCON3          equ	16123	;# 
  1390   003EFC                     ADSTAT          equ	16124	;# 
  1391   003EFD                     ADREF           equ	16125	;# 
  1392   003EFE                     ADACT           equ	16126	;# 
  1393   003EFF                     ADCLK           equ	16127	;# 
  1394   003F12                     SMT1TMR         equ	16146	;# 
  1395   003F12                     SMT1TMRL        equ	16146	;# 
  1396   003F13                     SMT1TMRH        equ	16147	;# 
  1397   003F14                     SMT1TMRU        equ	16148	;# 
  1398   003F15                     SMT1CPR         equ	16149	;# 
  1399   003F15                     SMT1CPRL        equ	16149	;# 
  1400   003F16                     SMT1CPRH        equ	16150	;# 
  1401   003F17                     SMT1CPRU        equ	16151	;# 
  1402   003F18                     SMT1CPW         equ	16152	;# 
  1403   003F18                     SMT1CPWL        equ	16152	;# 
  1404   003F19                     SMT1CPWH        equ	16153	;# 
  1405   003F1A                     SMT1CPWU        equ	16154	;# 
  1406   003F1B                     SMT1PR          equ	16155	;# 
  1407   003F1B                     SMT1PRL         equ	16155	;# 
  1408   003F1C                     SMT1PRH         equ	16156	;# 
  1409   003F1D                     SMT1PRU         equ	16157	;# 
  1410   003F1E                     SMT1CON0        equ	16158	;# 
  1411   003F1F                     SMT1CON1        equ	16159	;# 
  1412   003F20                     SMT1STAT        equ	16160	;# 
  1413   003F21                     SMT1CLK         equ	16161	;# 
  1414   003F22                     SMT1SIG         equ	16162	;# 
  1415   003F23                     SMT1WIN         equ	16163	;# 
  1416   003F38                     NCO1ACC         equ	16184	;# 
  1417   003F38                     NCO1ACCL        equ	16184	;# 
  1418   003F39                     NCO1ACCH        equ	16185	;# 
  1419   003F3A                     NCO1ACCU        equ	16186	;# 
  1420   003F3B                     NCO1INC         equ	16187	;# 
  1421   003F3B                     NCO1INCL        equ	16187	;# 
  1422   003F3C                     NCO1INCH        equ	16188	;# 
  1423   003F3D                     NCO1INCU        equ	16189	;# 
  1424   003F3E                     NCO1CON         equ	16190	;# 
  1425   003F3F                     NCO1CLK         equ	16191	;# 
  1426   003F40                     CWG3CLK         equ	16192	;# 
  1427   003F40                     CWG3CLKCON      equ	16192	;# 
  1428   003F41                     CWG3ISM         equ	16193	;# 
  1429   003F41                     CWG3DAT         equ	16193	;# 
  1430   003F42                     CWG3DBR         equ	16194	;# 
  1431   003F43                     CWG3DBF         equ	16195	;# 
  1432   003F44                     CWG3CON0        equ	16196	;# 
  1433   003F45                     CWG3CON1        equ	16197	;# 
  1434   003F46                     CWG3AS0         equ	16198	;# 
  1435   003F47                     CWG3AS1         equ	16199	;# 
  1436   003F48                     CWG3STR         equ	16200	;# 
  1437   003F49                     CWG2CLK         equ	16201	;# 
  1438   003F49                     CWG2CLKCON      equ	16201	;# 
  1439   003F4A                     CWG2ISM         equ	16202	;# 
  1440   003F4A                     CWG2DAT         equ	16202	;# 
  1441   003F4B                     CWG2DBR         equ	16203	;# 
  1442   003F4C                     CWG2DBF         equ	16204	;# 
  1443   003F4D                     CWG2CON0        equ	16205	;# 
  1444   003F4E                     CWG2CON1        equ	16206	;# 
  1445   003F4F                     CWG2AS0         equ	16207	;# 
  1446   003F50                     CWG2AS1         equ	16208	;# 
  1447   003F51                     CWG2STR         equ	16209	;# 
  1448   003F52                     CWG1CLK         equ	16210	;# 
  1449   003F52                     CWG1CLKCON      equ	16210	;# 
  1450   003F53                     CWG1ISM         equ	16211	;# 
  1451   003F53                     CWG1DAT         equ	16211	;# 
  1452   003F54                     CWG1DBR         equ	16212	;# 
  1453   003F55                     CWG1DBF         equ	16213	;# 
  1454   003F56                     CWG1CON0        equ	16214	;# 
  1455   003F57                     CWG1CON1        equ	16215	;# 
  1456   003F58                     CWG1AS0         equ	16216	;# 
  1457   003F59                     CWG1AS1         equ	16217	;# 
  1458   003F5A                     CWG1STR         equ	16218	;# 
  1459   003F5E                     CCPTMRS0        equ	16222	;# 
  1460   003F5F                     CCPTMRS1        equ	16223	;# 
  1461   003F60                     PWM8DC          equ	16224	;# 
  1462   003F60                     PWM8DCL         equ	16224	;# 
  1463   003F61                     PWM8DCH         equ	16225	;# 
  1464   003F62                     PWM8CON         equ	16226	;# 
  1465   003F64                     PWM7DC          equ	16228	;# 
  1466   003F64                     PWM7DCL         equ	16228	;# 
  1467   003F65                     PWM7DCH         equ	16229	;# 
  1468   003F66                     PWM7CON         equ	16230	;# 
  1469   003F68                     PWM6DC          equ	16232	;# 
  1470   003F68                     PWM6DCL         equ	16232	;# 
  1471   003F69                     PWM6DCH         equ	16233	;# 
  1472   003F6A                     PWM6CON         equ	16234	;# 
  1473   003F6C                     PWM5DC          equ	16236	;# 
  1474   003F6C                     PWM5DCL         equ	16236	;# 
  1475   003F6D                     PWM5DCH         equ	16237	;# 
  1476   003F6E                     PWM5CON         equ	16238	;# 
  1477   003F70                     CCPR4           equ	16240	;# 
  1478   003F70                     CCPR4L          equ	16240	;# 
  1479   003F71                     CCPR4H          equ	16241	;# 
  1480   003F72                     CCP4CON         equ	16242	;# 
  1481   003F73                     CCP4CAP         equ	16243	;# 
  1482   003F74                     CCPR3           equ	16244	;# 
  1483   003F74                     CCPR3L          equ	16244	;# 
  1484   003F75                     CCPR3H          equ	16245	;# 
  1485   003F76                     CCP3CON         equ	16246	;# 
  1486   003F77                     CCP3CAP         equ	16247	;# 
  1487   003F78                     CCPR2           equ	16248	;# 
  1488   003F78                     CCPR2L          equ	16248	;# 
  1489   003F79                     CCPR2H          equ	16249	;# 
  1490   003F7A                     CCP2CON         equ	16250	;# 
  1491   003F7B                     CCP2CAP         equ	16251	;# 
  1492   003F7C                     CCPR1           equ	16252	;# 
  1493   003F7C                     CCPR1L          equ	16252	;# 
  1494   003F7D                     CCPR1H          equ	16253	;# 
  1495   003F7E                     CCP1CON         equ	16254	;# 
  1496   003F7F                     CCP1CAP         equ	16255	;# 
  1497   003F92                     T6TMR           equ	16274	;# 
  1498   003F92                     TMR6            equ	16274	;# 
  1499   003F93                     T6PR            equ	16275	;# 
  1500   003F93                     PR6             equ	16275	;# 
  1501   003F94                     T6CON           equ	16276	;# 
  1502   003F95                     T6HLT           equ	16277	;# 
  1503   003F96                     T6CLKCON        equ	16278	;# 
  1504   003F96                     T6CLK           equ	16278	;# 
  1505   003F97                     T6RST           equ	16279	;# 
  1506   003F98                     TMR5            equ	16280	;# 
  1507   003F98                     TMR5L           equ	16280	;# 
  1508   003F99                     TMR5H           equ	16281	;# 
  1509   003F9A                     T5CON           equ	16282	;# 
  1510   003F9A                     TMR5CON         equ	16282	;# 
  1511   003F9B                     T5GCON          equ	16283	;# 
  1512   003F9B                     TMR5GCON        equ	16283	;# 
  1513   003F9C                     T5GATE          equ	16284	;# 
  1514   003F9C                     TMR5GATE        equ	16284	;# 
  1515   003F9D                     T5CLK           equ	16285	;# 
  1516   003F9D                     TMR5CLK         equ	16285	;# 
  1517   003F9D                     PR5             equ	16285	;# 
  1518   003F9E                     T4TMR           equ	16286	;# 
  1519   003F9E                     TMR4            equ	16286	;# 
  1520   003F9F                     T4PR            equ	16287	;# 
  1521   003F9F                     PR4             equ	16287	;# 
  1522   003FA0                     T4CON           equ	16288	;# 
  1523   003FA1                     T4HLT           equ	16289	;# 
  1524   003FA2                     T4CLKCON        equ	16290	;# 
  1525   003FA2                     T4CLK           equ	16290	;# 
  1526   003FA3                     T4RST           equ	16291	;# 
  1527   003FA4                     TMR3            equ	16292	;# 
  1528   003FA4                     TMR3L           equ	16292	;# 
  1529   003FA5                     TMR3H           equ	16293	;# 
  1530   003FA6                     T3CON           equ	16294	;# 
  1531   003FA6                     TMR3CON         equ	16294	;# 
  1532   003FA7                     T3GCON          equ	16295	;# 
  1533   003FA7                     TMR3GCON        equ	16295	;# 
  1534   003FA8                     T3GATE          equ	16296	;# 
  1535   003FA8                     TMR3GATE        equ	16296	;# 
  1536   003FA9                     T3CLK           equ	16297	;# 
  1537   003FA9                     TMR3CLK         equ	16297	;# 
  1538   003FA9                     PR3             equ	16297	;# 
  1539   003FAA                     T2TMR           equ	16298	;# 
  1540   003FAA                     TMR2            equ	16298	;# 
  1541   003FAB                     T2PR            equ	16299	;# 
  1542   003FAB                     PR2             equ	16299	;# 
  1543   003FAC                     T2CON           equ	16300	;# 
  1544   003FAD                     T2HLT           equ	16301	;# 
  1545   003FAE                     T2CLKCON        equ	16302	;# 
  1546   003FAE                     T2CLK           equ	16302	;# 
  1547   003FAF                     T2RST           equ	16303	;# 
  1548   003FB0                     TMR1            equ	16304	;# 
  1549   003FB0                     TMR1L           equ	16304	;# 
  1550   003FB1                     TMR1H           equ	16305	;# 
  1551   003FB2                     T1CON           equ	16306	;# 
  1552   003FB2                     TMR1CON         equ	16306	;# 
  1553   003FB3                     T1GCON          equ	16307	;# 
  1554   003FB3                     TMR1GCON        equ	16307	;# 
  1555   003FB4                     T1GATE          equ	16308	;# 
  1556   003FB4                     TMR1GATE        equ	16308	;# 
  1557   003FB5                     T1CLK           equ	16309	;# 
  1558   003FB5                     TMR1CLK         equ	16309	;# 
  1559   003FB5                     PR1             equ	16309	;# 
  1560   003FB6                     TMR0L           equ	16310	;# 
  1561   003FB6                     TMR0            equ	16310	;# 
  1562   003FB7                     TMR0H           equ	16311	;# 
  1563   003FB7                     PR0             equ	16311	;# 
  1564   003FB8                     T0CON0          equ	16312	;# 
  1565   003FB9                     T0CON1          equ	16313	;# 
  1566   003FBA                     LATA            equ	16314	;# 
  1567   003FBB                     LATB            equ	16315	;# 
  1568   003FBC                     LATC            equ	16316	;# 
  1569   003FBD                     LATD            equ	16317	;# 
  1570   003FBE                     LATE            equ	16318	;# 
  1571   003FC2                     TRISA           equ	16322	;# 
  1572   003FC3                     TRISB           equ	16323	;# 
  1573   003FC4                     TRISC           equ	16324	;# 
  1574   003FC5                     TRISD           equ	16325	;# 
  1575   003FC6                     TRISE           equ	16326	;# 
  1576   003FCA                     PORTA           equ	16330	;# 
  1577   003FCB                     PORTB           equ	16331	;# 
  1578   003FCC                     PORTC           equ	16332	;# 
  1579   003FCD                     PORTD           equ	16333	;# 
  1580   003FCE                     PORTE           equ	16334	;# 
  1581   003FD2                     INTCON0         equ	16338	;# 
  1582   003FD3                     INTCON1         equ	16339	;# 
  1583   003FD4                     IVTLOCK         equ	16340	;# 
  1584   003FD5                     IVTBASE         equ	16341	;# 
  1585   003FD5                     IVTBASEL        equ	16341	;# 
  1586   003FD6                     IVTBASEH        equ	16342	;# 
  1587   003FD7                     IVTBASEU        equ	16343	;# 
  1588   003FD8                     STATUS          equ	16344	;# 
  1589   003FD9                     FSR2            equ	16345	;# 
  1590   003FD9                     FSR2L           equ	16345	;# 
  1591   003FDA                     FSR2H           equ	16346	;# 
  1592   003FDB                     PLUSW2          equ	16347	;# 
  1593   003FDC                     PREINC2         equ	16348	;# 
  1594   003FDD                     POSTDEC2        equ	16349	;# 
  1595   003FDE                     POSTINC2        equ	16350	;# 
  1596   003FDF                     INDF2           equ	16351	;# 
  1597   003FE0                     BSR             equ	16352	;# 
  1598   003FE1                     FSR1            equ	16353	;# 
  1599   003FE1                     FSR1L           equ	16353	;# 
  1600   003FE2                     FSR1H           equ	16354	;# 
  1601   003FE3                     PLUSW1          equ	16355	;# 
  1602   003FE4                     PREINC1         equ	16356	;# 
  1603   003FE5                     POSTDEC1        equ	16357	;# 
  1604   003FE6                     POSTINC1        equ	16358	;# 
  1605   003FE7                     INDF1           equ	16359	;# 
  1606   003FE8                     WREG            equ	16360	;# 
  1607   003FE9                     FSR0            equ	16361	;# 
  1608   003FE9                     FSR0L           equ	16361	;# 
  1609   003FEA                     FSR0H           equ	16362	;# 
  1610   003FEB                     PLUSW0          equ	16363	;# 
  1611   003FEC                     PREINC0         equ	16364	;# 
  1612   003FED                     POSTDEC0        equ	16365	;# 
  1613   003FEE                     POSTINC0        equ	16366	;# 
  1614   003FEF                     INDF0           equ	16367	;# 
  1615   003FF0                     PCON0           equ	16368	;# 
  1616   003FF1                     PCON1           equ	16369	;# 
  1617   003FF3                     PROD            equ	16371	;# 
  1618   003FF3                     PRODL           equ	16371	;# 
  1619   003FF4                     PRODH           equ	16372	;# 
  1620   003FF5                     TABLAT          equ	16373	;# 
  1621   003FF6                     TBLPTR          equ	16374	;# 
  1622   003FF6                     TBLPTRL         equ	16374	;# 
  1623   003FF7                     TBLPTRH         equ	16375	;# 
  1624   003FF8                     TBLPTRU         equ	16376	;# 
  1625   003FF9                     PCLAT           equ	16377	;# 
  1626   003FF9                     PCL             equ	16377	;# 
  1627   003FFA                     PCLATH          equ	16378	;# 
  1628   003FFB                     PCLATU          equ	16379	;# 
  1629   003FFC                     STKPTR          equ	16380	;# 
  1630   003FFD                     TOS             equ	16381	;# 
  1631   003FFD                     TOSL            equ	16381	;# 
  1632   003FFE                     TOSH            equ	16382	;# 
  1633   003FFF                     TOSU            equ	16383	;# 
  1634   003880                     STATUS_CSHAD    equ	14464	;# 
  1635   003881                     WREG_CSHAD      equ	14465	;# 
  1636   003882                     BSR_CSHAD       equ	14466	;# 
  1637   003883                     SHADCON         equ	14467	;# 
  1638   003884                     STATUS_SHAD     equ	14468	;# 
  1639   003885                     WREG_SHAD       equ	14469	;# 
  1640   003886                     BSR_SHAD        equ	14470	;# 
  1641   003887                     PCLATH_SHAD     equ	14471	;# 
  1642   003888                     PCLATU_SHAD     equ	14472	;# 
  1643   003889                     FSR0SH          equ	14473	;# 
  1644   003889                     FSR0L_SHAD      equ	14473	;# 
  1645   00388A                     FSR0H_SHAD      equ	14474	;# 
  1646   00388B                     FSR1SH          equ	14475	;# 
  1647   00388B                     FSR1L_SHAD      equ	14475	;# 
  1648   00388C                     FSR1H_SHAD      equ	14476	;# 
  1649   00388D                     FSR2SH          equ	14477	;# 
  1650   00388D                     FSR2L_SHAD      equ	14477	;# 
  1651   00388E                     FSR2H_SHAD      equ	14478	;# 
  1652   00388F                     PRODSH          equ	14479	;# 
  1653   00388F                     PRODL_SHAD      equ	14479	;# 
  1654   003890                     PRODH_SHAD      equ	14480	;# 
  1655   00389D                     IVTADL          equ	14493	;# 
  1656   00389E                     IVTADH          equ	14494	;# 
  1657   00389F                     IVTADU          equ	14495	;# 
  1658   00395B                     WDTCON0         equ	14683	;# 
  1659   00395C                     WDTCON1         equ	14684	;# 
  1660   00395D                     WDTPSL          equ	14685	;# 
  1661   00395E                     WDTPSH          equ	14686	;# 
  1662   00395F                     WDTTMR          equ	14687	;# 
  1663   003960                     CRCDATA         equ	14688	;# 
  1664   003960                     CRCDATL         equ	14688	;# 
  1665   003961                     CRCDATH         equ	14689	;# 
  1666   003962                     CRCACC          equ	14690	;# 
  1667   003962                     CRCACCL         equ	14690	;# 
  1668   003963                     CRCACCH         equ	14691	;# 
  1669   003964                     CRCSHFT         equ	14692	;# 
  1670   003964                     CRCSHIFTL       equ	14692	;# 
  1671   003965                     CRCSHIFTH       equ	14693	;# 
  1672   003966                     CRCXOR          equ	14694	;# 
  1673   003966                     CRCXORL         equ	14694	;# 
  1674   003967                     CRCXORH         equ	14695	;# 
  1675   003968                     CRCCON0         equ	14696	;# 
  1676   003969                     CRCCON1         equ	14697	;# 
  1677   003976                     SCANLADR        equ	14710	;# 
  1678   003976                     SCANLADRL       equ	14710	;# 
  1679   003977                     SCANLADRH       equ	14711	;# 
  1680   003978                     SCANLADRU       equ	14712	;# 
  1681   003979                     SCANHADR        equ	14713	;# 
  1682   003979                     SCANHADRL       equ	14713	;# 
  1683   00397A                     SCANHADRH       equ	14714	;# 
  1684   00397B                     SCANHADRU       equ	14715	;# 
  1685   00397C                     SCANCON0        equ	14716	;# 
  1686   00397D                     SCANTRIG        equ	14717	;# 
  1687   003980                     IPR0            equ	14720	;# 
  1688   003981                     IPR1            equ	14721	;# 
  1689   003982                     IPR2            equ	14722	;# 
  1690   003983                     IPR3            equ	14723	;# 
  1691   003984                     IPR4            equ	14724	;# 
  1692   003985                     IPR5            equ	14725	;# 
  1693   003986                     IPR6            equ	14726	;# 
  1694   003987                     IPR7            equ	14727	;# 
  1695   003988                     IPR8            equ	14728	;# 
  1696   003989                     IPR9            equ	14729	;# 
  1697   00398A                     IPR10           equ	14730	;# 
  1698   003990                     PIE0            equ	14736	;# 
  1699   003991                     PIE1            equ	14737	;# 
  1700   003992                     PIE2            equ	14738	;# 
  1701   003993                     PIE3            equ	14739	;# 
  1702   003994                     PIE4            equ	14740	;# 
  1703   003995                     PIE5            equ	14741	;# 
  1704   003996                     PIE6            equ	14742	;# 
  1705   003997                     PIE7            equ	14743	;# 
  1706   003998                     PIE8            equ	14744	;# 
  1707   003999                     PIE9            equ	14745	;# 
  1708   00399A                     PIE10           equ	14746	;# 
  1709   0039A0                     PIR0            equ	14752	;# 
  1710   0039A1                     PIR1            equ	14753	;# 
  1711   0039A2                     PIR2            equ	14754	;# 
  1712   0039A3                     PIR3            equ	14755	;# 
  1713   0039A4                     PIR4            equ	14756	;# 
  1714   0039A5                     PIR5            equ	14757	;# 
  1715   0039A6                     PIR6            equ	14758	;# 
  1716   0039A7                     PIR7            equ	14759	;# 
  1717   0039A8                     PIR8            equ	14760	;# 
  1718   0039A9                     PIR9            equ	14761	;# 
  1719   0039AA                     PIR10           equ	14762	;# 
  1720   0039C0                     PMD0            equ	14784	;# 
  1721   0039C1                     PMD1            equ	14785	;# 
  1722   0039C2                     PMD2            equ	14786	;# 
  1723   0039C3                     PMD3            equ	14787	;# 
  1724   0039C4                     PMD4            equ	14788	;# 
  1725   0039C5                     PMD5            equ	14789	;# 
  1726   0039C6                     PMD6            equ	14790	;# 
  1727   0039C7                     PMD7            equ	14791	;# 
  1728   0039D0                     BORCON          equ	14800	;# 
  1729   0039D1                     VREGCON         equ	14801	;# 
  1730   0039D8                     CPUDOZE         equ	14808	;# 
  1731   0039D9                     OSCCON1         equ	14809	;# 
  1732   0039DA                     OSCCON2         equ	14810	;# 
  1733   0039DB                     OSCCON3         equ	14811	;# 
  1734   0039DC                     OSCSTAT         equ	14812	;# 
  1735   0039DC                     OSCSTAT1        equ	14812	;# 
  1736   0039DD                     OSCEN           equ	14813	;# 
  1737   0039DE                     OSCTUNE         equ	14814	;# 
  1738   0039DF                     OSCFRQ          equ	14815	;# 
  1739   0039E0                     NVMADRL         equ	14816	;# 
  1740   0039E1                     NVMADRH         equ	14817	;# 
  1741   0039E3                     NVMDAT          equ	14819	;# 
  1742   0039E5                     NVMCON1         equ	14821	;# 
  1743   0039E6                     NVMCON2         equ	14822	;# 
  1744   0039EF                     PRLOCK          equ	14831	;# 
  1745   0039F1                     ISRPR           equ	14833	;# 
  1746   0039F2                     MAINPR          equ	14834	;# 
  1747   0039F3                     DMA1PR          equ	14835	;# 
  1748   0039F4                     DMA2PR          equ	14836	;# 
  1749   0039F7                     SCANPR          equ	14839	;# 
  1750   003A00                     RA0PPS          equ	14848	;# 
  1751   003A01                     RA1PPS          equ	14849	;# 
  1752   003A02                     RA2PPS          equ	14850	;# 
  1753   003A03                     RA3PPS          equ	14851	;# 
  1754   003A04                     RA4PPS          equ	14852	;# 
  1755   003A05                     RA5PPS          equ	14853	;# 
  1756   003A06                     RA6PPS          equ	14854	;# 
  1757   003A07                     RA7PPS          equ	14855	;# 
  1758   003A08                     RB0PPS          equ	14856	;# 
  1759   003A09                     RB1PPS          equ	14857	;# 
  1760   003A0A                     RB2PPS          equ	14858	;# 
  1761   003A0B                     RB3PPS          equ	14859	;# 
  1762   003A0C                     RB4PPS          equ	14860	;# 
  1763   003A0D                     RB5PPS          equ	14861	;# 
  1764   003A0E                     RB6PPS          equ	14862	;# 
  1765   003A0F                     RB7PPS          equ	14863	;# 
  1766   003A10                     RC0PPS          equ	14864	;# 
  1767   003A11                     RC1PPS          equ	14865	;# 
  1768   003A12                     RC2PPS          equ	14866	;# 
  1769   003A13                     RC3PPS          equ	14867	;# 
  1770   003A14                     RC4PPS          equ	14868	;# 
  1771   003A15                     RC5PPS          equ	14869	;# 
  1772   003A16                     RC6PPS          equ	14870	;# 
  1773   003A17                     RC7PPS          equ	14871	;# 
  1774   003A18                     RD0PPS          equ	14872	;# 
  1775   003A19                     RD1PPS          equ	14873	;# 
  1776   003A1A                     RD2PPS          equ	14874	;# 
  1777   003A1B                     RD3PPS          equ	14875	;# 
  1778   003A1C                     RD4PPS          equ	14876	;# 
  1779   003A1D                     RD5PPS          equ	14877	;# 
  1780   003A1E                     RD6PPS          equ	14878	;# 
  1781   003A1F                     RD7PPS          equ	14879	;# 
  1782   003A20                     RE0PPS          equ	14880	;# 
  1783   003A21                     RE1PPS          equ	14881	;# 
  1784   003A22                     RE2PPS          equ	14882	;# 
  1785   003A40                     ANSELA          equ	14912	;# 
  1786   003A41                     WPUA            equ	14913	;# 
  1787   003A42                     ODCONA          equ	14914	;# 
  1788   003A43                     SLRCONA         equ	14915	;# 
  1789   003A44                     INLVLA          equ	14916	;# 
  1790   003A45                     IOCAP           equ	14917	;# 
  1791   003A46                     IOCAN           equ	14918	;# 
  1792   003A47                     IOCAF           equ	14919	;# 
  1793   003A48                     CCDPA           equ	14920	;# 
  1794   003A49                     CCDNA           equ	14921	;# 
  1795   003A50                     ANSELB          equ	14928	;# 
  1796   003A51                     WPUB            equ	14929	;# 
  1797   003A52                     ODCONB          equ	14930	;# 
  1798   003A53                     SLRCONB         equ	14931	;# 
  1799   003A54                     INLVLB          equ	14932	;# 
  1800   003A55                     IOCBP           equ	14933	;# 
  1801   003A56                     IOCBN           equ	14934	;# 
  1802   003A57                     IOCBF           equ	14935	;# 
  1803   003A58                     CCDPB           equ	14936	;# 
  1804   003A59                     CCDNB           equ	14937	;# 
  1805   003A5A                     RB1I2C          equ	14938	;# 
  1806   003A5B                     RB2I2C          equ	14939	;# 
  1807   003A60                     ANSELC          equ	14944	;# 
  1808   003A61                     WPUC            equ	14945	;# 
  1809   003A62                     ODCONC          equ	14946	;# 
  1810   003A63                     SLRCONC         equ	14947	;# 
  1811   003A64                     INLVLC          equ	14948	;# 
  1812   003A65                     IOCCP           equ	14949	;# 
  1813   003A66                     IOCCN           equ	14950	;# 
  1814   003A67                     IOCCF           equ	14951	;# 
  1815   003A68                     CCDPC           equ	14952	;# 
  1816   003A69                     CCDNC           equ	14953	;# 
  1817   003A6A                     RC3I2C          equ	14954	;# 
  1818   003A6B                     RC4I2C          equ	14955	;# 
  1819   003A70                     ANSELD          equ	14960	;# 
  1820   003A71                     WPUD            equ	14961	;# 
  1821   003A72                     ODCOND          equ	14962	;# 
  1822   003A73                     SLRCOND         equ	14963	;# 
  1823   003A74                     INLVLD          equ	14964	;# 
  1824   003A78                     CCDPD           equ	14968	;# 
  1825   003A79                     CCDND           equ	14969	;# 
  1826   003A7A                     RD0I2C          equ	14970	;# 
  1827   003A7B                     RD1I2C          equ	14971	;# 
  1828   003A80                     ANSELE          equ	14976	;# 
  1829   003A81                     WPUE            equ	14977	;# 
  1830   003A82                     ODCONE          equ	14978	;# 
  1831   003A83                     SLRCONE         equ	14979	;# 
  1832   003A84                     INLVLE          equ	14980	;# 
  1833   003A85                     IOCEP           equ	14981	;# 
  1834   003A86                     IOCEN           equ	14982	;# 
  1835   003A87                     IOCEF           equ	14983	;# 
  1836   003A88                     CCDPE           equ	14984	;# 
  1837   003A89                     CCDNE           equ	14985	;# 
  1838   003ABE                     CCDCON          equ	15038	;# 
  1839   003ABF                     PPSLOCK         equ	15039	;# 
  1840   003AC0                     INT0PPS         equ	15040	;# 
  1841   003AC1                     INT1PPS         equ	15041	;# 
  1842   003AC2                     INT2PPS         equ	15042	;# 
  1843   003AC3                     T0CKIPPS        equ	15043	;# 
  1844   003AC4                     T1CKIPPS        equ	15044	;# 
  1845   003AC5                     T1GPPS          equ	15045	;# 
  1846   003AC6                     T3CKIPPS        equ	15046	;# 
  1847   003AC7                     T3GPPS          equ	15047	;# 
  1848   003AC8                     T5CKIPPS        equ	15048	;# 
  1849   003AC9                     T5GPPS          equ	15049	;# 
  1850   003ACA                     T2INPPS         equ	15050	;# 
  1851   003ACB                     T4INPPS         equ	15051	;# 
  1852   003ACC                     T6INPPS         equ	15052	;# 
  1853   003ACD                     CCP1PPS         equ	15053	;# 
  1854   003ACE                     CCP2PPS         equ	15054	;# 
  1855   003ACF                     CCP3PPS         equ	15055	;# 
  1856   003AD0                     CCP4PPS         equ	15056	;# 
  1857   003AD1                     SMT1WINPPS      equ	15057	;# 
  1858   003AD2                     SMT1SIGPPS      equ	15058	;# 
  1859   003AD3                     CWG1INPPS       equ	15059	;# 
  1860   003AD4                     CWG2INPPS       equ	15060	;# 
  1861   003AD5                     CWG3INPPS       equ	15061	;# 
  1862   003AD6                     MD1CARLPPS      equ	15062	;# 
  1863   003AD7                     MD1CARHPPS      equ	15063	;# 
  1864   003AD8                     MD1SRCPPS       equ	15064	;# 
  1865   003AD9                     CLCIN0PPS       equ	15065	;# 
  1866   003ADA                     CLCIN1PPS       equ	15066	;# 
  1867   003ADB                     CLCIN2PPS       equ	15067	;# 
  1868   003ADC                     CLCIN3PPS       equ	15068	;# 
  1869   003ADD                     ADACTPPS        equ	15069	;# 
  1870   003ADE                     SPI1SCKPPS      equ	15070	;# 
  1871   003ADF                     SPI1SDIPPS      equ	15071	;# 
  1872   003AE0                     SPI1SSPPS       equ	15072	;# 
  1873   003AE1                     I2C1SCLPPS      equ	15073	;# 
  1874   003AE2                     I2C1SDAPPS      equ	15074	;# 
  1875   003AE3                     I2C2SCLPPS      equ	15075	;# 
  1876   003AE4                     I2C2SDAPPS      equ	15076	;# 
  1877   003AE5                     U1RXPPS         equ	15077	;# 
  1878   003AE6                     U1CTSPPS        equ	15078	;# 
  1879   003AE8                     U2RXPPS         equ	15080	;# 
  1880   003AE9                     U2CTSPPS        equ	15081	;# 
  1881   003BC9                     DMA2BUF         equ	15305	;# 
  1882   003BCA                     DMA2DCNT        equ	15306	;# 
  1883   003BCA                     DMA2DCNTL       equ	15306	;# 
  1884   003BCB                     DMA2DCNTH       equ	15307	;# 
  1885   003BCC                     DMA2DPTR        equ	15308	;# 
  1886   003BCC                     DMA2DPTRL       equ	15308	;# 
  1887   003BCD                     DMA2DPTRH       equ	15309	;# 
  1888   003BCE                     DMA2DSZ         equ	15310	;# 
  1889   003BCE                     DMA2DSZL        equ	15310	;# 
  1890   003BCF                     DMA2DSZH        equ	15311	;# 
  1891   003BD0                     DMA2DSA         equ	15312	;# 
  1892   003BD0                     DMA2DSAL        equ	15312	;# 
  1893   003BD1                     DMA2DSAH        equ	15313	;# 
  1894   003BD2                     DMA2SCNT        equ	15314	;# 
  1895   003BD2                     DMA2SCNTL       equ	15314	;# 
  1896   003BD3                     DMA2SCNTH       equ	15315	;# 
  1897   003BD4                     DMA2SPTR        equ	15316	;# 
  1898   003BD4                     DMA2SPTRL       equ	15316	;# 
  1899   003BD5                     DMA2SPTRH       equ	15317	;# 
  1900   003BD6                     DMA2SPTRU       equ	15318	;# 
  1901   003BD7                     DMA2SSZ         equ	15319	;# 
  1902   003BD7                     DMA2SSZL        equ	15319	;# 
  1903   003BD8                     DMA2SSZH        equ	15320	;# 
  1904   003BD9                     DMA2SSA         equ	15321	;# 
  1905   003BD9                     DMA2SSAL        equ	15321	;# 
  1906   003BDA                     DMA2SSAH        equ	15322	;# 
  1907   003BDB                     DMA2SSAU        equ	15323	;# 
  1908   003BDC                     DMA2CON0        equ	15324	;# 
  1909   003BDD                     DMA2CON1        equ	15325	;# 
  1910   003BDE                     DMA2AIRQ        equ	15326	;# 
  1911   003BDF                     DMA2SIRQ        equ	15327	;# 
  1912   003BE9                     DMA1BUF         equ	15337	;# 
  1913   003BEA                     DMA1DCNT        equ	15338	;# 
  1914   003BEA                     DMA1DCNTL       equ	15338	;# 
  1915   003BEB                     DMA1DCNTH       equ	15339	;# 
  1916   003BEC                     DMA1DPTR        equ	15340	;# 
  1917   003BEC                     DMA1DPTRL       equ	15340	;# 
  1918   003BED                     DMA1DPTRH       equ	15341	;# 
  1919   003BEE                     DMA1DSZ         equ	15342	;# 
  1920   003BEE                     DMA1DSZL        equ	15342	;# 
  1921   003BEF                     DMA1DSZH        equ	15343	;# 
  1922   003BF0                     DMA1DSA         equ	15344	;# 
  1923   003BF0                     DMA1DSAL        equ	15344	;# 
  1924   003BF1                     DMA1DSAH        equ	15345	;# 
  1925   003BF2                     DMA1SCNT        equ	15346	;# 
  1926   003BF2                     DMA1SCNTL       equ	15346	;# 
  1927   003BF3                     DMA1SCNTH       equ	15347	;# 
  1928   003BF4                     DMA1SPTR        equ	15348	;# 
  1929   003BF4                     DMA1SPTRL       equ	15348	;# 
  1930   003BF5                     DMA1SPTRH       equ	15349	;# 
  1931   003BF6                     DMA1SPTRU       equ	15350	;# 
  1932   003BF7                     DMA1SSZ         equ	15351	;# 
  1933   003BF7                     DMA1SSZL        equ	15351	;# 
  1934   003BF8                     DMA1SSZH        equ	15352	;# 
  1935   003BF9                     DMA1SSA         equ	15353	;# 
  1936   003BF9                     DMA1SSAL        equ	15353	;# 
  1937   003BFA                     DMA1SSAH        equ	15354	;# 
  1938   003BFB                     DMA1SSAU        equ	15355	;# 
  1939   003BFC                     DMA1CON0        equ	15356	;# 
  1940   003BFD                     DMA1CON1        equ	15357	;# 
  1941   003BFE                     DMA1AIRQ        equ	15358	;# 
  1942   003BFF                     DMA1SIRQ        equ	15359	;# 
  1943   003C56                     CLC4CON         equ	15446	;# 
  1944   003C57                     CLC4POL         equ	15447	;# 
  1945   003C58                     CLC4SEL0        equ	15448	;# 
  1946   003C59                     CLC4SEL1        equ	15449	;# 
  1947   003C5A                     CLC4SEL2        equ	15450	;# 
  1948   003C5B                     CLC4SEL3        equ	15451	;# 
  1949   003C5C                     CLC4GLS0        equ	15452	;# 
  1950   003C5D                     CLC4GLS1        equ	15453	;# 
  1951   003C5E                     CLC4GLS2        equ	15454	;# 
  1952   003C5F                     CLC4GLS3        equ	15455	;# 
  1953   003C60                     CLC3CON         equ	15456	;# 
  1954   003C61                     CLC3POL         equ	15457	;# 
  1955   003C62                     CLC3SEL0        equ	15458	;# 
  1956   003C63                     CLC3SEL1        equ	15459	;# 
  1957   003C64                     CLC3SEL2        equ	15460	;# 
  1958   003C65                     CLC3SEL3        equ	15461	;# 
  1959   003C66                     CLC3GLS0        equ	15462	;# 
  1960   003C67                     CLC3GLS1        equ	15463	;# 
  1961   003C68                     CLC3GLS2        equ	15464	;# 
  1962   003C69                     CLC3GLS3        equ	15465	;# 
  1963   003C6A                     CLC2CON         equ	15466	;# 
  1964   003C6B                     CLC2POL         equ	15467	;# 
  1965   003C6C                     CLC2SEL0        equ	15468	;# 
  1966   003C6D                     CLC2SEL1        equ	15469	;# 
  1967   003C6E                     CLC2SEL2        equ	15470	;# 
  1968   003C6F                     CLC2SEL3        equ	15471	;# 
  1969   003C70                     CLC2GLS0        equ	15472	;# 
  1970   003C71                     CLC2GLS1        equ	15473	;# 
  1971   003C72                     CLC2GLS2        equ	15474	;# 
  1972   003C73                     CLC2GLS3        equ	15475	;# 
  1973   003C74                     CLC1CON         equ	15476	;# 
  1974   003C75                     CLC1POL         equ	15477	;# 
  1975   003C76                     CLC1SEL0        equ	15478	;# 
  1976   003C77                     CLC1SEL1        equ	15479	;# 
  1977   003C78                     CLC1SEL2        equ	15480	;# 
  1978   003C79                     CLC1SEL3        equ	15481	;# 
  1979   003C7A                     CLC1GLS0        equ	15482	;# 
  1980   003C7B                     CLC1GLS1        equ	15483	;# 
  1981   003C7C                     CLC1GLS2        equ	15484	;# 
  1982   003C7D                     CLC1GLS3        equ	15485	;# 
  1983   003C7E                     CLCDATA0        equ	15486	;# 
  1984   003CE5                     CLKRCON         equ	15589	;# 
  1985   003CE6                     CLKRCLK         equ	15590	;# 
  1986   003CFA                     MD1CON0         equ	15610	;# 
  1987   003CFB                     MD1CON1         equ	15611	;# 
  1988   003CFC                     MD1SRC          equ	15612	;# 
  1989   003CFD                     MD1CARL         equ	15613	;# 
  1990   003CFE                     MD1CARH         equ	15614	;# 
  1991   003D10                     SPI1RXB         equ	15632	;# 
  1992   003D11                     SPI1TXB         equ	15633	;# 
  1993   003D12                     SPI1TCNT        equ	15634	;# 
  1994   003D12                     SPI1TCNTL       equ	15634	;# 
  1995   003D13                     SPI1TCNTH       equ	15635	;# 
  1996   003D14                     SPI1CON0        equ	15636	;# 
  1997   003D15                     SPI1CON1        equ	15637	;# 
  1998   003D16                     SPI1CON2        equ	15638	;# 
  1999   003D17                     SPI1STATUS      equ	15639	;# 
  2000   003D18                     SPI1TWIDTH      equ	15640	;# 
  2001   003D19                     SPI1BAUD        equ	15641	;# 
  2002   003D1A                     SPI1INTF        equ	15642	;# 
  2003   003D1B                     SPI1INTE        equ	15643	;# 
  2004   003D1C                     SPI1CLK         equ	15644	;# 
  2005   003D54                     I2C2RXB         equ	15700	;# 
  2006   003D55                     I2C2TXB         equ	15701	;# 
  2007   003D56                     I2C2CNT         equ	15702	;# 
  2008   003D57                     I2C2ADB0        equ	15703	;# 
  2009   003D58                     I2C2ADB1        equ	15704	;# 
  2010   003D59                     I2C2ADR0        equ	15705	;# 
  2011   003D5A                     I2C2ADR1        equ	15706	;# 
  2012   003D5B                     I2C2ADR2        equ	15707	;# 
  2013   003D5C                     I2C2ADR3        equ	15708	;# 
  2014   003D5D                     I2C2CON0        equ	15709	;# 
  2015   003D5E                     I2C2CON1        equ	15710	;# 
  2016   003D5F                     I2C2CON2        equ	15711	;# 
  2017   003D60                     I2C2ERR         equ	15712	;# 
  2018   003D61                     I2C2STAT0       equ	15713	;# 
  2019   003D62                     I2C2STAT1       equ	15714	;# 
  2020   003D63                     I2C2PIR         equ	15715	;# 
  2021   003D64                     I2C2PIE         equ	15716	;# 
  2022   003D65                     I2C2CLK         equ	15717	;# 
  2023   003D66                     I2C2BTO         equ	15718	;# 
  2024   003D6A                     I2C1RXB         equ	15722	;# 
  2025   003D6B                     I2C1TXB         equ	15723	;# 
  2026   003D6C                     I2C1CNT         equ	15724	;# 
  2027   003D6D                     I2C1ADB0        equ	15725	;# 
  2028   003D6E                     I2C1ADB1        equ	15726	;# 
  2029   003D6F                     I2C1ADR0        equ	15727	;# 
  2030   003D70                     I2C1ADR1        equ	15728	;# 
  2031   003D71                     I2C1ADR2        equ	15729	;# 
  2032   003D72                     I2C1ADR3        equ	15730	;# 
  2033   003D73                     I2C1CON0        equ	15731	;# 
  2034   003D74                     I2C1CON1        equ	15732	;# 
  2035   003D75                     I2C1CON2        equ	15733	;# 
  2036   003D76                     I2C1ERR         equ	15734	;# 
  2037   003D77                     I2C1STAT0       equ	15735	;# 
  2038   003D78                     I2C1STAT1       equ	15736	;# 
  2039   003D79                     I2C1PIR         equ	15737	;# 
  2040   003D7A                     I2C1PIE         equ	15738	;# 
  2041   003D7B                     I2C1CLK         equ	15739	;# 
  2042   003D7C                     I2C1BTO         equ	15740	;# 
  2043   003DD0                     U2RXB           equ	15824	;# 
  2044   003DD0                     U2RXBL          equ	15824	;# 
  2045   003DD2                     U2TXB           equ	15826	;# 
  2046   003DD2                     U2TXBL          equ	15826	;# 
  2047   003DD4                     U2P1            equ	15828	;# 
  2048   003DD4                     U2P1L           equ	15828	;# 
  2049   003DD6                     U2P2            equ	15830	;# 
  2050   003DD6                     U2P2L           equ	15830	;# 
  2051   003DD8                     U2P3            equ	15832	;# 
  2052   003DD8                     U2P3L           equ	15832	;# 
  2053   003DDA                     U2CON0          equ	15834	;# 
  2054   003DDB                     U2CON1          equ	15835	;# 
  2055   003DDC                     U2CON2          equ	15836	;# 
  2056   003DDD                     U2BRG           equ	15837	;# 
  2057   003DDD                     U2BRGL          equ	15837	;# 
  2058   003DDE                     U2BRGH          equ	15838	;# 
  2059   003DDF                     U2FIFO          equ	15839	;# 
  2060   003DE0                     U2UIR           equ	15840	;# 
  2061   003DE1                     U2ERRIR         equ	15841	;# 
  2062   003DE2                     U2ERRIE         equ	15842	;# 
  2063   003DE8                     U1RXB           equ	15848	;# 
  2064   003DE8                     U1RXBL          equ	15848	;# 
  2065   003DE9                     U1RXCHK         equ	15849	;# 
  2066   003DEA                     U1TXB           equ	15850	;# 
  2067   003DEA                     U1TXBL          equ	15850	;# 
  2068   003DEB                     U1TXCHK         equ	15851	;# 
  2069   003DEC                     U1P1            equ	15852	;# 
  2070   003DEC                     U1P1L           equ	15852	;# 
  2071   003DED                     U1P1H           equ	15853	;# 
  2072   003DEE                     U1P2            equ	15854	;# 
  2073   003DEE                     U1P2L           equ	15854	;# 
  2074   003DEF                     U1P2H           equ	15855	;# 
  2075   003DF0                     U1P3            equ	15856	;# 
  2076   003DF0                     U1P3L           equ	15856	;# 
  2077   003DF1                     U1P3H           equ	15857	;# 
  2078   003DF2                     U1CON0          equ	15858	;# 
  2079   003DF3                     U1CON1          equ	15859	;# 
  2080   003DF4                     U1CON2          equ	15860	;# 
  2081   003DF5                     U1BRG           equ	15861	;# 
  2082   003DF5                     U1BRGL          equ	15861	;# 
  2083   003DF6                     U1BRGH          equ	15862	;# 
  2084   003DF7                     U1FIFO          equ	15863	;# 
  2085   003DF8                     U1UIR           equ	15864	;# 
  2086   003DF9                     U1ERRIR         equ	15865	;# 
  2087   003DFA                     U1ERRIE         equ	15866	;# 
  2088   003E9C                     DAC1CON1        equ	16028	;# 
  2089   003E9E                     DAC1CON0        equ	16030	;# 
  2090   003EB8                     CM2CON0         equ	16056	;# 
  2091   003EB9                     CM2CON1         equ	16057	;# 
  2092   003EBA                     CM2NCH          equ	16058	;# 
  2093   003EBB                     CM2PCH          equ	16059	;# 
  2094   003EBC                     CM1CON0         equ	16060	;# 
  2095   003EBD                     CM1CON1         equ	16061	;# 
  2096   003EBE                     CM1NCH          equ	16062	;# 
  2097   003EBF                     CM1PCH          equ	16063	;# 
  2098   003EC0                     CMOUT           equ	16064	;# 
  2099   003EC1                     FVRCON          equ	16065	;# 
  2100   003EC3                     ZCDCON          equ	16067	;# 
  2101   003EC9                     HLVDCON0        equ	16073	;# 
  2102   003ECA                     HLVDCON1        equ	16074	;# 
  2103   003ED7                     ADCP            equ	16087	;# 
  2104   003EDE                     ADLTH           equ	16094	;# 
  2105   003EDE                     ADLTHL          equ	16094	;# 
  2106   003EDF                     ADLTHH          equ	16095	;# 
  2107   003EE0                     ADUTH           equ	16096	;# 
  2108   003EE0                     ADUTHL          equ	16096	;# 
  2109   003EE1                     ADUTHH          equ	16097	;# 
  2110   003EE2                     ADERR           equ	16098	;# 
  2111   003EE2                     ADERRL          equ	16098	;# 
  2112   003EE3                     ADERRH          equ	16099	;# 
  2113   003EE4                     ADSTPT          equ	16100	;# 
  2114   003EE4                     ADSTPTL         equ	16100	;# 
  2115   003EE5                     ADSTPTH         equ	16101	;# 
  2116   003EE6                     ADFLTR          equ	16102	;# 
  2117   003EE6                     ADFLTRL         equ	16102	;# 
  2118   003EE7                     ADFLTRH         equ	16103	;# 
  2119   003EE8                     ADACC           equ	16104	;# 
  2120   003EE8                     ADACCL          equ	16104	;# 
  2121   003EE9                     ADACCH          equ	16105	;# 
  2122   003EEA                     ADACCU          equ	16106	;# 
  2123   003EEB                     ADCNT           equ	16107	;# 
  2124   003EEC                     ADRPT           equ	16108	;# 
  2125   003EED                     ADPREV          equ	16109	;# 
  2126   003EED                     ADPREVL         equ	16109	;# 
  2127   003EEE                     ADPREVH         equ	16110	;# 
  2128   003EEF                     ADRES           equ	16111	;# 
  2129   003EEF                     ADRESL          equ	16111	;# 
  2130   003EF0                     ADRESH          equ	16112	;# 
  2131   003EF1                     ADPCH           equ	16113	;# 
  2132   003EF3                     ADACQ           equ	16115	;# 
  2133   003EF3                     ADACQL          equ	16115	;# 
  2134   003EF4                     ADACQH          equ	16116	;# 
  2135   003EF5                     ADCAP           equ	16117	;# 
  2136   003EF6                     ADPRE           equ	16118	;# 
  2137   003EF6                     ADPREL          equ	16118	;# 
  2138   003EF7                     ADPREH          equ	16119	;# 
  2139   003EF8                     ADCON0          equ	16120	;# 
  2140   003EF9                     ADCON1          equ	16121	;# 
  2141   003EFA                     ADCON2          equ	16122	;# 
  2142   003EFB                     ADCON3          equ	16123	;# 
  2143   003EFC                     ADSTAT          equ	16124	;# 
  2144   003EFD                     ADREF           equ	16125	;# 
  2145   003EFE                     ADACT           equ	16126	;# 
  2146   003EFF                     ADCLK           equ	16127	;# 
  2147   003F12                     SMT1TMR         equ	16146	;# 
  2148   003F12                     SMT1TMRL        equ	16146	;# 
  2149   003F13                     SMT1TMRH        equ	16147	;# 
  2150   003F14                     SMT1TMRU        equ	16148	;# 
  2151   003F15                     SMT1CPR         equ	16149	;# 
  2152   003F15                     SMT1CPRL        equ	16149	;# 
  2153   003F16                     SMT1CPRH        equ	16150	;# 
  2154   003F17                     SMT1CPRU        equ	16151	;# 
  2155   003F18                     SMT1CPW         equ	16152	;# 
  2156   003F18                     SMT1CPWL        equ	16152	;# 
  2157   003F19                     SMT1CPWH        equ	16153	;# 
  2158   003F1A                     SMT1CPWU        equ	16154	;# 
  2159   003F1B                     SMT1PR          equ	16155	;# 
  2160   003F1B                     SMT1PRL         equ	16155	;# 
  2161   003F1C                     SMT1PRH         equ	16156	;# 
  2162   003F1D                     SMT1PRU         equ	16157	;# 
  2163   003F1E                     SMT1CON0        equ	16158	;# 
  2164   003F1F                     SMT1CON1        equ	16159	;# 
  2165   003F20                     SMT1STAT        equ	16160	;# 
  2166   003F21                     SMT1CLK         equ	16161	;# 
  2167   003F22                     SMT1SIG         equ	16162	;# 
  2168   003F23                     SMT1WIN         equ	16163	;# 
  2169   003F38                     NCO1ACC         equ	16184	;# 
  2170   003F38                     NCO1ACCL        equ	16184	;# 
  2171   003F39                     NCO1ACCH        equ	16185	;# 
  2172   003F3A                     NCO1ACCU        equ	16186	;# 
  2173   003F3B                     NCO1INC         equ	16187	;# 
  2174   003F3B                     NCO1INCL        equ	16187	;# 
  2175   003F3C                     NCO1INCH        equ	16188	;# 
  2176   003F3D                     NCO1INCU        equ	16189	;# 
  2177   003F3E                     NCO1CON         equ	16190	;# 
  2178   003F3F                     NCO1CLK         equ	16191	;# 
  2179   003F40                     CWG3CLK         equ	16192	;# 
  2180   003F40                     CWG3CLKCON      equ	16192	;# 
  2181   003F41                     CWG3ISM         equ	16193	;# 
  2182   003F41                     CWG3DAT         equ	16193	;# 
  2183   003F42                     CWG3DBR         equ	16194	;# 
  2184   003F43                     CWG3DBF         equ	16195	;# 
  2185   003F44                     CWG3CON0        equ	16196	;# 
  2186   003F45                     CWG3CON1        equ	16197	;# 
  2187   003F46                     CWG3AS0         equ	16198	;# 
  2188   003F47                     CWG3AS1         equ	16199	;# 
  2189   003F48                     CWG3STR         equ	16200	;# 
  2190   003F49                     CWG2CLK         equ	16201	;# 
  2191   003F49                     CWG2CLKCON      equ	16201	;# 
  2192   003F4A                     CWG2ISM         equ	16202	;# 
  2193   003F4A                     CWG2DAT         equ	16202	;# 
  2194   003F4B                     CWG2DBR         equ	16203	;# 
  2195   003F4C                     CWG2DBF         equ	16204	;# 
  2196   003F4D                     CWG2CON0        equ	16205	;# 
  2197   003F4E                     CWG2CON1        equ	16206	;# 
  2198   003F4F                     CWG2AS0         equ	16207	;# 
  2199   003F50                     CWG2AS1         equ	16208	;# 
  2200   003F51                     CWG2STR         equ	16209	;# 
  2201   003F52                     CWG1CLK         equ	16210	;# 
  2202   003F52                     CWG1CLKCON      equ	16210	;# 
  2203   003F53                     CWG1ISM         equ	16211	;# 
  2204   003F53                     CWG1DAT         equ	16211	;# 
  2205   003F54                     CWG1DBR         equ	16212	;# 
  2206   003F55                     CWG1DBF         equ	16213	;# 
  2207   003F56                     CWG1CON0        equ	16214	;# 
  2208   003F57                     CWG1CON1        equ	16215	;# 
  2209   003F58                     CWG1AS0         equ	16216	;# 
  2210   003F59                     CWG1AS1         equ	16217	;# 
  2211   003F5A                     CWG1STR         equ	16218	;# 
  2212   003F5E                     CCPTMRS0        equ	16222	;# 
  2213   003F5F                     CCPTMRS1        equ	16223	;# 
  2214   003F60                     PWM8DC          equ	16224	;# 
  2215   003F60                     PWM8DCL         equ	16224	;# 
  2216   003F61                     PWM8DCH         equ	16225	;# 
  2217   003F62                     PWM8CON         equ	16226	;# 
  2218   003F64                     PWM7DC          equ	16228	;# 
  2219   003F64                     PWM7DCL         equ	16228	;# 
  2220   003F65                     PWM7DCH         equ	16229	;# 
  2221   003F66                     PWM7CON         equ	16230	;# 
  2222   003F68                     PWM6DC          equ	16232	;# 
  2223   003F68                     PWM6DCL         equ	16232	;# 
  2224   003F69                     PWM6DCH         equ	16233	;# 
  2225   003F6A                     PWM6CON         equ	16234	;# 
  2226   003F6C                     PWM5DC          equ	16236	;# 
  2227   003F6C                     PWM5DCL         equ	16236	;# 
  2228   003F6D                     PWM5DCH         equ	16237	;# 
  2229   003F6E                     PWM5CON         equ	16238	;# 
  2230   003F70                     CCPR4           equ	16240	;# 
  2231   003F70                     CCPR4L          equ	16240	;# 
  2232   003F71                     CCPR4H          equ	16241	;# 
  2233   003F72                     CCP4CON         equ	16242	;# 
  2234   003F73                     CCP4CAP         equ	16243	;# 
  2235   003F74                     CCPR3           equ	16244	;# 
  2236   003F74                     CCPR3L          equ	16244	;# 
  2237   003F75                     CCPR3H          equ	16245	;# 
  2238   003F76                     CCP3CON         equ	16246	;# 
  2239   003F77                     CCP3CAP         equ	16247	;# 
  2240   003F78                     CCPR2           equ	16248	;# 
  2241   003F78                     CCPR2L          equ	16248	;# 
  2242   003F79                     CCPR2H          equ	16249	;# 
  2243   003F7A                     CCP2CON         equ	16250	;# 
  2244   003F7B                     CCP2CAP         equ	16251	;# 
  2245   003F7C                     CCPR1           equ	16252	;# 
  2246   003F7C                     CCPR1L          equ	16252	;# 
  2247   003F7D                     CCPR1H          equ	16253	;# 
  2248   003F7E                     CCP1CON         equ	16254	;# 
  2249   003F7F                     CCP1CAP         equ	16255	;# 
  2250   003F92                     T6TMR           equ	16274	;# 
  2251   003F92                     TMR6            equ	16274	;# 
  2252   003F93                     T6PR            equ	16275	;# 
  2253   003F93                     PR6             equ	16275	;# 
  2254   003F94                     T6CON           equ	16276	;# 
  2255   003F95                     T6HLT           equ	16277	;# 
  2256   003F96                     T6CLKCON        equ	16278	;# 
  2257   003F96                     T6CLK           equ	16278	;# 
  2258   003F97                     T6RST           equ	16279	;# 
  2259   003F98                     TMR5            equ	16280	;# 
  2260   003F98                     TMR5L           equ	16280	;# 
  2261   003F99                     TMR5H           equ	16281	;# 
  2262   003F9A                     T5CON           equ	16282	;# 
  2263   003F9A                     TMR5CON         equ	16282	;# 
  2264   003F9B                     T5GCON          equ	16283	;# 
  2265   003F9B                     TMR5GCON        equ	16283	;# 
  2266   003F9C                     T5GATE          equ	16284	;# 
  2267   003F9C                     TMR5GATE        equ	16284	;# 
  2268   003F9D                     T5CLK           equ	16285	;# 
  2269   003F9D                     TMR5CLK         equ	16285	;# 
  2270   003F9D                     PR5             equ	16285	;# 
  2271   003F9E                     T4TMR           equ	16286	;# 
  2272   003F9E                     TMR4            equ	16286	;# 
  2273   003F9F                     T4PR            equ	16287	;# 
  2274   003F9F                     PR4             equ	16287	;# 
  2275   003FA0                     T4CON           equ	16288	;# 
  2276   003FA1                     T4HLT           equ	16289	;# 
  2277   003FA2                     T4CLKCON        equ	16290	;# 
  2278   003FA2                     T4CLK           equ	16290	;# 
  2279   003FA3                     T4RST           equ	16291	;# 
  2280   003FA4                     TMR3            equ	16292	;# 
  2281   003FA4                     TMR3L           equ	16292	;# 
  2282   003FA5                     TMR3H           equ	16293	;# 
  2283   003FA6                     T3CON           equ	16294	;# 
  2284   003FA6                     TMR3CON         equ	16294	;# 
  2285   003FA7                     T3GCON          equ	16295	;# 
  2286   003FA7                     TMR3GCON        equ	16295	;# 
  2287   003FA8                     T3GATE          equ	16296	;# 
  2288   003FA8                     TMR3GATE        equ	16296	;# 
  2289   003FA9                     T3CLK           equ	16297	;# 
  2290   003FA9                     TMR3CLK         equ	16297	;# 
  2291   003FA9                     PR3             equ	16297	;# 
  2292   003FAA                     T2TMR           equ	16298	;# 
  2293   003FAA                     TMR2            equ	16298	;# 
  2294   003FAB                     T2PR            equ	16299	;# 
  2295   003FAB                     PR2             equ	16299	;# 
  2296   003FAC                     T2CON           equ	16300	;# 
  2297   003FAD                     T2HLT           equ	16301	;# 
  2298   003FAE                     T2CLKCON        equ	16302	;# 
  2299   003FAE                     T2CLK           equ	16302	;# 
  2300   003FAF                     T2RST           equ	16303	;# 
  2301   003FB0                     TMR1            equ	16304	;# 
  2302   003FB0                     TMR1L           equ	16304	;# 
  2303   003FB1                     TMR1H           equ	16305	;# 
  2304   003FB2                     T1CON           equ	16306	;# 
  2305   003FB2                     TMR1CON         equ	16306	;# 
  2306   003FB3                     T1GCON          equ	16307	;# 
  2307   003FB3                     TMR1GCON        equ	16307	;# 
  2308   003FB4                     T1GATE          equ	16308	;# 
  2309   003FB4                     TMR1GATE        equ	16308	;# 
  2310   003FB5                     T1CLK           equ	16309	;# 
  2311   003FB5                     TMR1CLK         equ	16309	;# 
  2312   003FB5                     PR1             equ	16309	;# 
  2313   003FB6                     TMR0L           equ	16310	;# 
  2314   003FB6                     TMR0            equ	16310	;# 
  2315   003FB7                     TMR0H           equ	16311	;# 
  2316   003FB7                     PR0             equ	16311	;# 
  2317   003FB8                     T0CON0          equ	16312	;# 
  2318   003FB9                     T0CON1          equ	16313	;# 
  2319   003FBA                     LATA            equ	16314	;# 
  2320   003FBB                     LATB            equ	16315	;# 
  2321   003FBC                     LATC            equ	16316	;# 
  2322   003FBD                     LATD            equ	16317	;# 
  2323   003FBE                     LATE            equ	16318	;# 
  2324   003FC2                     TRISA           equ	16322	;# 
  2325   003FC3                     TRISB           equ	16323	;# 
  2326   003FC4                     TRISC           equ	16324	;# 
  2327   003FC5                     TRISD           equ	16325	;# 
  2328   003FC6                     TRISE           equ	16326	;# 
  2329   003FCA                     PORTA           equ	16330	;# 
  2330   003FCB                     PORTB           equ	16331	;# 
  2331   003FCC                     PORTC           equ	16332	;# 
  2332   003FCD                     PORTD           equ	16333	;# 
  2333   003FCE                     PORTE           equ	16334	;# 
  2334   003FD2                     INTCON0         equ	16338	;# 
  2335   003FD3                     INTCON1         equ	16339	;# 
  2336   003FD4                     IVTLOCK         equ	16340	;# 
  2337   003FD5                     IVTBASE         equ	16341	;# 
  2338   003FD5                     IVTBASEL        equ	16341	;# 
  2339   003FD6                     IVTBASEH        equ	16342	;# 
  2340   003FD7                     IVTBASEU        equ	16343	;# 
  2341   003FD8                     STATUS          equ	16344	;# 
  2342   003FD9                     FSR2            equ	16345	;# 
  2343   003FD9                     FSR2L           equ	16345	;# 
  2344   003FDA                     FSR2H           equ	16346	;# 
  2345   003FDB                     PLUSW2          equ	16347	;# 
  2346   003FDC                     PREINC2         equ	16348	;# 
  2347   003FDD                     POSTDEC2        equ	16349	;# 
  2348   003FDE                     POSTINC2        equ	16350	;# 
  2349   003FDF                     INDF2           equ	16351	;# 
  2350   003FE0                     BSR             equ	16352	;# 
  2351   003FE1                     FSR1            equ	16353	;# 
  2352   003FE1                     FSR1L           equ	16353	;# 
  2353   003FE2                     FSR1H           equ	16354	;# 
  2354   003FE3                     PLUSW1          equ	16355	;# 
  2355   003FE4                     PREINC1         equ	16356	;# 
  2356   003FE5                     POSTDEC1        equ	16357	;# 
  2357   003FE6                     POSTINC1        equ	16358	;# 
  2358   003FE7                     INDF1           equ	16359	;# 
  2359   003FE8                     WREG            equ	16360	;# 
  2360   003FE9                     FSR0            equ	16361	;# 
  2361   003FE9                     FSR0L           equ	16361	;# 
  2362   003FEA                     FSR0H           equ	16362	;# 
  2363   003FEB                     PLUSW0          equ	16363	;# 
  2364   003FEC                     PREINC0         equ	16364	;# 
  2365   003FED                     POSTDEC0        equ	16365	;# 
  2366   003FEE                     POSTINC0        equ	16366	;# 
  2367   003FEF                     INDF0           equ	16367	;# 
  2368   003FF0                     PCON0           equ	16368	;# 
  2369   003FF1                     PCON1           equ	16369	;# 
  2370   003FF3                     PROD            equ	16371	;# 
  2371   003FF3                     PRODL           equ	16371	;# 
  2372   003FF4                     PRODH           equ	16372	;# 
  2373   003FF5                     TABLAT          equ	16373	;# 
  2374   003FF6                     TBLPTR          equ	16374	;# 
  2375   003FF6                     TBLPTRL         equ	16374	;# 
  2376   003FF7                     TBLPTRH         equ	16375	;# 
  2377   003FF8                     TBLPTRU         equ	16376	;# 
  2378   003FF9                     PCLAT           equ	16377	;# 
  2379   003FF9                     PCL             equ	16377	;# 
  2380   003FFA                     PCLATH          equ	16378	;# 
  2381   003FFB                     PCLATU          equ	16379	;# 
  2382   003FFC                     STKPTR          equ	16380	;# 
  2383   003FFD                     TOS             equ	16381	;# 
  2384   003FFD                     TOSL            equ	16381	;# 
  2385   003FFE                     TOSH            equ	16382	;# 
  2386   003FFF                     TOSU            equ	16383	;# 
  2387   003880                     STATUS_CSHAD    equ	14464	;# 
  2388   003881                     WREG_CSHAD      equ	14465	;# 
  2389   003882                     BSR_CSHAD       equ	14466	;# 
  2390   003883                     SHADCON         equ	14467	;# 
  2391   003884                     STATUS_SHAD     equ	14468	;# 
  2392   003885                     WREG_SHAD       equ	14469	;# 
  2393   003886                     BSR_SHAD        equ	14470	;# 
  2394   003887                     PCLATH_SHAD     equ	14471	;# 
  2395   003888                     PCLATU_SHAD     equ	14472	;# 
  2396   003889                     FSR0SH          equ	14473	;# 
  2397   003889                     FSR0L_SHAD      equ	14473	;# 
  2398   00388A                     FSR0H_SHAD      equ	14474	;# 
  2399   00388B                     FSR1SH          equ	14475	;# 
  2400   00388B                     FSR1L_SHAD      equ	14475	;# 
  2401   00388C                     FSR1H_SHAD      equ	14476	;# 
  2402   00388D                     FSR2SH          equ	14477	;# 
  2403   00388D                     FSR2L_SHAD      equ	14477	;# 
  2404   00388E                     FSR2H_SHAD      equ	14478	;# 
  2405   00388F                     PRODSH          equ	14479	;# 
  2406   00388F                     PRODL_SHAD      equ	14479	;# 
  2407   003890                     PRODH_SHAD      equ	14480	;# 
  2408   00389D                     IVTADL          equ	14493	;# 
  2409   00389E                     IVTADH          equ	14494	;# 
  2410   00389F                     IVTADU          equ	14495	;# 
  2411   00395B                     WDTCON0         equ	14683	;# 
  2412   00395C                     WDTCON1         equ	14684	;# 
  2413   00395D                     WDTPSL          equ	14685	;# 
  2414   00395E                     WDTPSH          equ	14686	;# 
  2415   00395F                     WDTTMR          equ	14687	;# 
  2416   003960                     CRCDATA         equ	14688	;# 
  2417   003960                     CRCDATL         equ	14688	;# 
  2418   003961                     CRCDATH         equ	14689	;# 
  2419   003962                     CRCACC          equ	14690	;# 
  2420   003962                     CRCACCL         equ	14690	;# 
  2421   003963                     CRCACCH         equ	14691	;# 
  2422   003964                     CRCSHFT         equ	14692	;# 
  2423   003964                     CRCSHIFTL       equ	14692	;# 
  2424   003965                     CRCSHIFTH       equ	14693	;# 
  2425   003966                     CRCXOR          equ	14694	;# 
  2426   003966                     CRCXORL         equ	14694	;# 
  2427   003967                     CRCXORH         equ	14695	;# 
  2428   003968                     CRCCON0         equ	14696	;# 
  2429   003969                     CRCCON1         equ	14697	;# 
  2430   003976                     SCANLADR        equ	14710	;# 
  2431   003976                     SCANLADRL       equ	14710	;# 
  2432   003977                     SCANLADRH       equ	14711	;# 
  2433   003978                     SCANLADRU       equ	14712	;# 
  2434   003979                     SCANHADR        equ	14713	;# 
  2435   003979                     SCANHADRL       equ	14713	;# 
  2436   00397A                     SCANHADRH       equ	14714	;# 
  2437   00397B                     SCANHADRU       equ	14715	;# 
  2438   00397C                     SCANCON0        equ	14716	;# 
  2439   00397D                     SCANTRIG        equ	14717	;# 
  2440   003980                     IPR0            equ	14720	;# 
  2441   003981                     IPR1            equ	14721	;# 
  2442   003982                     IPR2            equ	14722	;# 
  2443   003983                     IPR3            equ	14723	;# 
  2444   003984                     IPR4            equ	14724	;# 
  2445   003985                     IPR5            equ	14725	;# 
  2446   003986                     IPR6            equ	14726	;# 
  2447   003987                     IPR7            equ	14727	;# 
  2448   003988                     IPR8            equ	14728	;# 
  2449   003989                     IPR9            equ	14729	;# 
  2450   00398A                     IPR10           equ	14730	;# 
  2451   003990                     PIE0            equ	14736	;# 
  2452   003991                     PIE1            equ	14737	;# 
  2453   003992                     PIE2            equ	14738	;# 
  2454   003993                     PIE3            equ	14739	;# 
  2455   003994                     PIE4            equ	14740	;# 
  2456   003995                     PIE5            equ	14741	;# 
  2457   003996                     PIE6            equ	14742	;# 
  2458   003997                     PIE7            equ	14743	;# 
  2459   003998                     PIE8            equ	14744	;# 
  2460   003999                     PIE9            equ	14745	;# 
  2461   00399A                     PIE10           equ	14746	;# 
  2462   0039A0                     PIR0            equ	14752	;# 
  2463   0039A1                     PIR1            equ	14753	;# 
  2464   0039A2                     PIR2            equ	14754	;# 
  2465   0039A3                     PIR3            equ	14755	;# 
  2466   0039A4                     PIR4            equ	14756	;# 
  2467   0039A5                     PIR5            equ	14757	;# 
  2468   0039A6                     PIR6            equ	14758	;# 
  2469   0039A7                     PIR7            equ	14759	;# 
  2470   0039A8                     PIR8            equ	14760	;# 
  2471   0039A9                     PIR9            equ	14761	;# 
  2472   0039AA                     PIR10           equ	14762	;# 
  2473   0039C0                     PMD0            equ	14784	;# 
  2474   0039C1                     PMD1            equ	14785	;# 
  2475   0039C2                     PMD2            equ	14786	;# 
  2476   0039C3                     PMD3            equ	14787	;# 
  2477   0039C4                     PMD4            equ	14788	;# 
  2478   0039C5                     PMD5            equ	14789	;# 
  2479   0039C6                     PMD6            equ	14790	;# 
  2480   0039C7                     PMD7            equ	14791	;# 
  2481   0039D0                     BORCON          equ	14800	;# 
  2482   0039D1                     VREGCON         equ	14801	;# 
  2483   0039D8                     CPUDOZE         equ	14808	;# 
  2484   0039D9                     OSCCON1         equ	14809	;# 
  2485   0039DA                     OSCCON2         equ	14810	;# 
  2486   0039DB                     OSCCON3         equ	14811	;# 
  2487   0039DC                     OSCSTAT         equ	14812	;# 
  2488   0039DC                     OSCSTAT1        equ	14812	;# 
  2489   0039DD                     OSCEN           equ	14813	;# 
  2490   0039DE                     OSCTUNE         equ	14814	;# 
  2491   0039DF                     OSCFRQ          equ	14815	;# 
  2492   0039E0                     NVMADRL         equ	14816	;# 
  2493   0039E1                     NVMADRH         equ	14817	;# 
  2494   0039E3                     NVMDAT          equ	14819	;# 
  2495   0039E5                     NVMCON1         equ	14821	;# 
  2496   0039E6                     NVMCON2         equ	14822	;# 
  2497   0039EF                     PRLOCK          equ	14831	;# 
  2498   0039F1                     ISRPR           equ	14833	;# 
  2499   0039F2                     MAINPR          equ	14834	;# 
  2500   0039F3                     DMA1PR          equ	14835	;# 
  2501   0039F4                     DMA2PR          equ	14836	;# 
  2502   0039F7                     SCANPR          equ	14839	;# 
  2503   003A00                     RA0PPS          equ	14848	;# 
  2504   003A01                     RA1PPS          equ	14849	;# 
  2505   003A02                     RA2PPS          equ	14850	;# 
  2506   003A03                     RA3PPS          equ	14851	;# 
  2507   003A04                     RA4PPS          equ	14852	;# 
  2508   003A05                     RA5PPS          equ	14853	;# 
  2509   003A06                     RA6PPS          equ	14854	;# 
  2510   003A07                     RA7PPS          equ	14855	;# 
  2511   003A08                     RB0PPS          equ	14856	;# 
  2512   003A09                     RB1PPS          equ	14857	;# 
  2513   003A0A                     RB2PPS          equ	14858	;# 
  2514   003A0B                     RB3PPS          equ	14859	;# 
  2515   003A0C                     RB4PPS          equ	14860	;# 
  2516   003A0D                     RB5PPS          equ	14861	;# 
  2517   003A0E                     RB6PPS          equ	14862	;# 
  2518   003A0F                     RB7PPS          equ	14863	;# 
  2519   003A10                     RC0PPS          equ	14864	;# 
  2520   003A11                     RC1PPS          equ	14865	;# 
  2521   003A12                     RC2PPS          equ	14866	;# 
  2522   003A13                     RC3PPS          equ	14867	;# 
  2523   003A14                     RC4PPS          equ	14868	;# 
  2524   003A15                     RC5PPS          equ	14869	;# 
  2525   003A16                     RC6PPS          equ	14870	;# 
  2526   003A17                     RC7PPS          equ	14871	;# 
  2527   003A18                     RD0PPS          equ	14872	;# 
  2528   003A19                     RD1PPS          equ	14873	;# 
  2529   003A1A                     RD2PPS          equ	14874	;# 
  2530   003A1B                     RD3PPS          equ	14875	;# 
  2531   003A1C                     RD4PPS          equ	14876	;# 
  2532   003A1D                     RD5PPS          equ	14877	;# 
  2533   003A1E                     RD6PPS          equ	14878	;# 
  2534   003A1F                     RD7PPS          equ	14879	;# 
  2535   003A20                     RE0PPS          equ	14880	;# 
  2536   003A21                     RE1PPS          equ	14881	;# 
  2537   003A22                     RE2PPS          equ	14882	;# 
  2538   003A40                     ANSELA          equ	14912	;# 
  2539   003A41                     WPUA            equ	14913	;# 
  2540   003A42                     ODCONA          equ	14914	;# 
  2541   003A43                     SLRCONA         equ	14915	;# 
  2542   003A44                     INLVLA          equ	14916	;# 
  2543   003A45                     IOCAP           equ	14917	;# 
  2544   003A46                     IOCAN           equ	14918	;# 
  2545   003A47                     IOCAF           equ	14919	;# 
  2546   003A48                     CCDPA           equ	14920	;# 
  2547   003A49                     CCDNA           equ	14921	;# 
  2548   003A50                     ANSELB          equ	14928	;# 
  2549   003A51                     WPUB            equ	14929	;# 
  2550   003A52                     ODCONB          equ	14930	;# 
  2551   003A53                     SLRCONB         equ	14931	;# 
  2552   003A54                     INLVLB          equ	14932	;# 
  2553   003A55                     IOCBP           equ	14933	;# 
  2554   003A56                     IOCBN           equ	14934	;# 
  2555   003A57                     IOCBF           equ	14935	;# 
  2556   003A58                     CCDPB           equ	14936	;# 
  2557   003A59                     CCDNB           equ	14937	;# 
  2558   003A5A                     RB1I2C          equ	14938	;# 
  2559   003A5B                     RB2I2C          equ	14939	;# 
  2560   003A60                     ANSELC          equ	14944	;# 
  2561   003A61                     WPUC            equ	14945	;# 
  2562   003A62                     ODCONC          equ	14946	;# 
  2563   003A63                     SLRCONC         equ	14947	;# 
  2564   003A64                     INLVLC          equ	14948	;# 
  2565   003A65                     IOCCP           equ	14949	;# 
  2566   003A66                     IOCCN           equ	14950	;# 
  2567   003A67                     IOCCF           equ	14951	;# 
  2568   003A68                     CCDPC           equ	14952	;# 
  2569   003A69                     CCDNC           equ	14953	;# 
  2570   003A6A                     RC3I2C          equ	14954	;# 
  2571   003A6B                     RC4I2C          equ	14955	;# 
  2572   003A70                     ANSELD          equ	14960	;# 
  2573   003A71                     WPUD            equ	14961	;# 
  2574   003A72                     ODCOND          equ	14962	;# 
  2575   003A73                     SLRCOND         equ	14963	;# 
  2576   003A74                     INLVLD          equ	14964	;# 
  2577   003A78                     CCDPD           equ	14968	;# 
  2578   003A79                     CCDND           equ	14969	;# 
  2579   003A7A                     RD0I2C          equ	14970	;# 
  2580   003A7B                     RD1I2C          equ	14971	;# 
  2581   003A80                     ANSELE          equ	14976	;# 
  2582   003A81                     WPUE            equ	14977	;# 
  2583   003A82                     ODCONE          equ	14978	;# 
  2584   003A83                     SLRCONE         equ	14979	;# 
  2585   003A84                     INLVLE          equ	14980	;# 
  2586   003A85                     IOCEP           equ	14981	;# 
  2587   003A86                     IOCEN           equ	14982	;# 
  2588   003A87                     IOCEF           equ	14983	;# 
  2589   003A88                     CCDPE           equ	14984	;# 
  2590   003A89                     CCDNE           equ	14985	;# 
  2591   003ABE                     CCDCON          equ	15038	;# 
  2592   003ABF                     PPSLOCK         equ	15039	;# 
  2593   003AC0                     INT0PPS         equ	15040	;# 
  2594   003AC1                     INT1PPS         equ	15041	;# 
  2595   003AC2                     INT2PPS         equ	15042	;# 
  2596   003AC3                     T0CKIPPS        equ	15043	;# 
  2597   003AC4                     T1CKIPPS        equ	15044	;# 
  2598   003AC5                     T1GPPS          equ	15045	;# 
  2599   003AC6                     T3CKIPPS        equ	15046	;# 
  2600   003AC7                     T3GPPS          equ	15047	;# 
  2601   003AC8                     T5CKIPPS        equ	15048	;# 
  2602   003AC9                     T5GPPS          equ	15049	;# 
  2603   003ACA                     T2INPPS         equ	15050	;# 
  2604   003ACB                     T4INPPS         equ	15051	;# 
  2605   003ACC                     T6INPPS         equ	15052	;# 
  2606   003ACD                     CCP1PPS         equ	15053	;# 
  2607   003ACE                     CCP2PPS         equ	15054	;# 
  2608   003ACF                     CCP3PPS         equ	15055	;# 
  2609   003AD0                     CCP4PPS         equ	15056	;# 
  2610   003AD1                     SMT1WINPPS      equ	15057	;# 
  2611   003AD2                     SMT1SIGPPS      equ	15058	;# 
  2612   003AD3                     CWG1INPPS       equ	15059	;# 
  2613   003AD4                     CWG2INPPS       equ	15060	;# 
  2614   003AD5                     CWG3INPPS       equ	15061	;# 
  2615   003AD6                     MD1CARLPPS      equ	15062	;# 
  2616   003AD7                     MD1CARHPPS      equ	15063	;# 
  2617   003AD8                     MD1SRCPPS       equ	15064	;# 
  2618   003AD9                     CLCIN0PPS       equ	15065	;# 
  2619   003ADA                     CLCIN1PPS       equ	15066	;# 
  2620   003ADB                     CLCIN2PPS       equ	15067	;# 
  2621   003ADC                     CLCIN3PPS       equ	15068	;# 
  2622   003ADD                     ADACTPPS        equ	15069	;# 
  2623   003ADE                     SPI1SCKPPS      equ	15070	;# 
  2624   003ADF                     SPI1SDIPPS      equ	15071	;# 
  2625   003AE0                     SPI1SSPPS       equ	15072	;# 
  2626   003AE1                     I2C1SCLPPS      equ	15073	;# 
  2627   003AE2                     I2C1SDAPPS      equ	15074	;# 
  2628   003AE3                     I2C2SCLPPS      equ	15075	;# 
  2629   003AE4                     I2C2SDAPPS      equ	15076	;# 
  2630   003AE5                     U1RXPPS         equ	15077	;# 
  2631   003AE6                     U1CTSPPS        equ	15078	;# 
  2632   003AE8                     U2RXPPS         equ	15080	;# 
  2633   003AE9                     U2CTSPPS        equ	15081	;# 
  2634   003BC9                     DMA2BUF         equ	15305	;# 
  2635   003BCA                     DMA2DCNT        equ	15306	;# 
  2636   003BCA                     DMA2DCNTL       equ	15306	;# 
  2637   003BCB                     DMA2DCNTH       equ	15307	;# 
  2638   003BCC                     DMA2DPTR        equ	15308	;# 
  2639   003BCC                     DMA2DPTRL       equ	15308	;# 
  2640   003BCD                     DMA2DPTRH       equ	15309	;# 
  2641   003BCE                     DMA2DSZ         equ	15310	;# 
  2642   003BCE                     DMA2DSZL        equ	15310	;# 
  2643   003BCF                     DMA2DSZH        equ	15311	;# 
  2644   003BD0                     DMA2DSA         equ	15312	;# 
  2645   003BD0                     DMA2DSAL        equ	15312	;# 
  2646   003BD1                     DMA2DSAH        equ	15313	;# 
  2647   003BD2                     DMA2SCNT        equ	15314	;# 
  2648   003BD2                     DMA2SCNTL       equ	15314	;# 
  2649   003BD3                     DMA2SCNTH       equ	15315	;# 
  2650   003BD4                     DMA2SPTR        equ	15316	;# 
  2651   003BD4                     DMA2SPTRL       equ	15316	;# 
  2652   003BD5                     DMA2SPTRH       equ	15317	;# 
  2653   003BD6                     DMA2SPTRU       equ	15318	;# 
  2654   003BD7                     DMA2SSZ         equ	15319	;# 
  2655   003BD7                     DMA2SSZL        equ	15319	;# 
  2656   003BD8                     DMA2SSZH        equ	15320	;# 
  2657   003BD9                     DMA2SSA         equ	15321	;# 
  2658   003BD9                     DMA2SSAL        equ	15321	;# 
  2659   003BDA                     DMA2SSAH        equ	15322	;# 
  2660   003BDB                     DMA2SSAU        equ	15323	;# 
  2661   003BDC                     DMA2CON0        equ	15324	;# 
  2662   003BDD                     DMA2CON1        equ	15325	;# 
  2663   003BDE                     DMA2AIRQ        equ	15326	;# 
  2664   003BDF                     DMA2SIRQ        equ	15327	;# 
  2665   003BE9                     DMA1BUF         equ	15337	;# 
  2666   003BEA                     DMA1DCNT        equ	15338	;# 
  2667   003BEA                     DMA1DCNTL       equ	15338	;# 
  2668   003BEB                     DMA1DCNTH       equ	15339	;# 
  2669   003BEC                     DMA1DPTR        equ	15340	;# 
  2670   003BEC                     DMA1DPTRL       equ	15340	;# 
  2671   003BED                     DMA1DPTRH       equ	15341	;# 
  2672   003BEE                     DMA1DSZ         equ	15342	;# 
  2673   003BEE                     DMA1DSZL        equ	15342	;# 
  2674   003BEF                     DMA1DSZH        equ	15343	;# 
  2675   003BF0                     DMA1DSA         equ	15344	;# 
  2676   003BF0                     DMA1DSAL        equ	15344	;# 
  2677   003BF1                     DMA1DSAH        equ	15345	;# 
  2678   003BF2                     DMA1SCNT        equ	15346	;# 
  2679   003BF2                     DMA1SCNTL       equ	15346	;# 
  2680   003BF3                     DMA1SCNTH       equ	15347	;# 
  2681   003BF4                     DMA1SPTR        equ	15348	;# 
  2682   003BF4                     DMA1SPTRL       equ	15348	;# 
  2683   003BF5                     DMA1SPTRH       equ	15349	;# 
  2684   003BF6                     DMA1SPTRU       equ	15350	;# 
  2685   003BF7                     DMA1SSZ         equ	15351	;# 
  2686   003BF7                     DMA1SSZL        equ	15351	;# 
  2687   003BF8                     DMA1SSZH        equ	15352	;# 
  2688   003BF9                     DMA1SSA         equ	15353	;# 
  2689   003BF9                     DMA1SSAL        equ	15353	;# 
  2690   003BFA                     DMA1SSAH        equ	15354	;# 
  2691   003BFB                     DMA1SSAU        equ	15355	;# 
  2692   003BFC                     DMA1CON0        equ	15356	;# 
  2693   003BFD                     DMA1CON1        equ	15357	;# 
  2694   003BFE                     DMA1AIRQ        equ	15358	;# 
  2695   003BFF                     DMA1SIRQ        equ	15359	;# 
  2696   003C56                     CLC4CON         equ	15446	;# 
  2697   003C57                     CLC4POL         equ	15447	;# 
  2698   003C58                     CLC4SEL0        equ	15448	;# 
  2699   003C59                     CLC4SEL1        equ	15449	;# 
  2700   003C5A                     CLC4SEL2        equ	15450	;# 
  2701   003C5B                     CLC4SEL3        equ	15451	;# 
  2702   003C5C                     CLC4GLS0        equ	15452	;# 
  2703   003C5D                     CLC4GLS1        equ	15453	;# 
  2704   003C5E                     CLC4GLS2        equ	15454	;# 
  2705   003C5F                     CLC4GLS3        equ	15455	;# 
  2706   003C60                     CLC3CON         equ	15456	;# 
  2707   003C61                     CLC3POL         equ	15457	;# 
  2708   003C62                     CLC3SEL0        equ	15458	;# 
  2709   003C63                     CLC3SEL1        equ	15459	;# 
  2710   003C64                     CLC3SEL2        equ	15460	;# 
  2711   003C65                     CLC3SEL3        equ	15461	;# 
  2712   003C66                     CLC3GLS0        equ	15462	;# 
  2713   003C67                     CLC3GLS1        equ	15463	;# 
  2714   003C68                     CLC3GLS2        equ	15464	;# 
  2715   003C69                     CLC3GLS3        equ	15465	;# 
  2716   003C6A                     CLC2CON         equ	15466	;# 
  2717   003C6B                     CLC2POL         equ	15467	;# 
  2718   003C6C                     CLC2SEL0        equ	15468	;# 
  2719   003C6D                     CLC2SEL1        equ	15469	;# 
  2720   003C6E                     CLC2SEL2        equ	15470	;# 
  2721   003C6F                     CLC2SEL3        equ	15471	;# 
  2722   003C70                     CLC2GLS0        equ	15472	;# 
  2723   003C71                     CLC2GLS1        equ	15473	;# 
  2724   003C72                     CLC2GLS2        equ	15474	;# 
  2725   003C73                     CLC2GLS3        equ	15475	;# 
  2726   003C74                     CLC1CON         equ	15476	;# 
  2727   003C75                     CLC1POL         equ	15477	;# 
  2728   003C76                     CLC1SEL0        equ	15478	;# 
  2729   003C77                     CLC1SEL1        equ	15479	;# 
  2730   003C78                     CLC1SEL2        equ	15480	;# 
  2731   003C79                     CLC1SEL3        equ	15481	;# 
  2732   003C7A                     CLC1GLS0        equ	15482	;# 
  2733   003C7B                     CLC1GLS1        equ	15483	;# 
  2734   003C7C                     CLC1GLS2        equ	15484	;# 
  2735   003C7D                     CLC1GLS3        equ	15485	;# 
  2736   003C7E                     CLCDATA0        equ	15486	;# 
  2737   003CE5                     CLKRCON         equ	15589	;# 
  2738   003CE6                     CLKRCLK         equ	15590	;# 
  2739   003CFA                     MD1CON0         equ	15610	;# 
  2740   003CFB                     MD1CON1         equ	15611	;# 
  2741   003CFC                     MD1SRC          equ	15612	;# 
  2742   003CFD                     MD1CARL         equ	15613	;# 
  2743   003CFE                     MD1CARH         equ	15614	;# 
  2744   003D10                     SPI1RXB         equ	15632	;# 
  2745   003D11                     SPI1TXB         equ	15633	;# 
  2746   003D12                     SPI1TCNT        equ	15634	;# 
  2747   003D12                     SPI1TCNTL       equ	15634	;# 
  2748   003D13                     SPI1TCNTH       equ	15635	;# 
  2749   003D14                     SPI1CON0        equ	15636	;# 
  2750   003D15                     SPI1CON1        equ	15637	;# 
  2751   003D16                     SPI1CON2        equ	15638	;# 
  2752   003D17                     SPI1STATUS      equ	15639	;# 
  2753   003D18                     SPI1TWIDTH      equ	15640	;# 
  2754   003D19                     SPI1BAUD        equ	15641	;# 
  2755   003D1A                     SPI1INTF        equ	15642	;# 
  2756   003D1B                     SPI1INTE        equ	15643	;# 
  2757   003D1C                     SPI1CLK         equ	15644	;# 
  2758   003D54                     I2C2RXB         equ	15700	;# 
  2759   003D55                     I2C2TXB         equ	15701	;# 
  2760   003D56                     I2C2CNT         equ	15702	;# 
  2761   003D57                     I2C2ADB0        equ	15703	;# 
  2762   003D58                     I2C2ADB1        equ	15704	;# 
  2763   003D59                     I2C2ADR0        equ	15705	;# 
  2764   003D5A                     I2C2ADR1        equ	15706	;# 
  2765   003D5B                     I2C2ADR2        equ	15707	;# 
  2766   003D5C                     I2C2ADR3        equ	15708	;# 
  2767   003D5D                     I2C2CON0        equ	15709	;# 
  2768   003D5E                     I2C2CON1        equ	15710	;# 
  2769   003D5F                     I2C2CON2        equ	15711	;# 
  2770   003D60                     I2C2ERR         equ	15712	;# 
  2771   003D61                     I2C2STAT0       equ	15713	;# 
  2772   003D62                     I2C2STAT1       equ	15714	;# 
  2773   003D63                     I2C2PIR         equ	15715	;# 
  2774   003D64                     I2C2PIE         equ	15716	;# 
  2775   003D65                     I2C2CLK         equ	15717	;# 
  2776   003D66                     I2C2BTO         equ	15718	;# 
  2777   003D6A                     I2C1RXB         equ	15722	;# 
  2778   003D6B                     I2C1TXB         equ	15723	;# 
  2779   003D6C                     I2C1CNT         equ	15724	;# 
  2780   003D6D                     I2C1ADB0        equ	15725	;# 
  2781   003D6E                     I2C1ADB1        equ	15726	;# 
  2782   003D6F                     I2C1ADR0        equ	15727	;# 
  2783   003D70                     I2C1ADR1        equ	15728	;# 
  2784   003D71                     I2C1ADR2        equ	15729	;# 
  2785   003D72                     I2C1ADR3        equ	15730	;# 
  2786   003D73                     I2C1CON0        equ	15731	;# 
  2787   003D74                     I2C1CON1        equ	15732	;# 
  2788   003D75                     I2C1CON2        equ	15733	;# 
  2789   003D76                     I2C1ERR         equ	15734	;# 
  2790   003D77                     I2C1STAT0       equ	15735	;# 
  2791   003D78                     I2C1STAT1       equ	15736	;# 
  2792   003D79                     I2C1PIR         equ	15737	;# 
  2793   003D7A                     I2C1PIE         equ	15738	;# 
  2794   003D7B                     I2C1CLK         equ	15739	;# 
  2795   003D7C                     I2C1BTO         equ	15740	;# 
  2796   003DD0                     U2RXB           equ	15824	;# 
  2797   003DD0                     U2RXBL          equ	15824	;# 
  2798   003DD2                     U2TXB           equ	15826	;# 
  2799   003DD2                     U2TXBL          equ	15826	;# 
  2800   003DD4                     U2P1            equ	15828	;# 
  2801   003DD4                     U2P1L           equ	15828	;# 
  2802   003DD6                     U2P2            equ	15830	;# 
  2803   003DD6                     U2P2L           equ	15830	;# 
  2804   003DD8                     U2P3            equ	15832	;# 
  2805   003DD8                     U2P3L           equ	15832	;# 
  2806   003DDA                     U2CON0          equ	15834	;# 
  2807   003DDB                     U2CON1          equ	15835	;# 
  2808   003DDC                     U2CON2          equ	15836	;# 
  2809   003DDD                     U2BRG           equ	15837	;# 
  2810   003DDD                     U2BRGL          equ	15837	;# 
  2811   003DDE                     U2BRGH          equ	15838	;# 
  2812   003DDF                     U2FIFO          equ	15839	;# 
  2813   003DE0                     U2UIR           equ	15840	;# 
  2814   003DE1                     U2ERRIR         equ	15841	;# 
  2815   003DE2                     U2ERRIE         equ	15842	;# 
  2816   003DE8                     U1RXB           equ	15848	;# 
  2817   003DE8                     U1RXBL          equ	15848	;# 
  2818   003DE9                     U1RXCHK         equ	15849	;# 
  2819   003DEA                     U1TXB           equ	15850	;# 
  2820   003DEA                     U1TXBL          equ	15850	;# 
  2821   003DEB                     U1TXCHK         equ	15851	;# 
  2822   003DEC                     U1P1            equ	15852	;# 
  2823   003DEC                     U1P1L           equ	15852	;# 
  2824   003DED                     U1P1H           equ	15853	;# 
  2825   003DEE                     U1P2            equ	15854	;# 
  2826   003DEE                     U1P2L           equ	15854	;# 
  2827   003DEF                     U1P2H           equ	15855	;# 
  2828   003DF0                     U1P3            equ	15856	;# 
  2829   003DF0                     U1P3L           equ	15856	;# 
  2830   003DF1                     U1P3H           equ	15857	;# 
  2831   003DF2                     U1CON0          equ	15858	;# 
  2832   003DF3                     U1CON1          equ	15859	;# 
  2833   003DF4                     U1CON2          equ	15860	;# 
  2834   003DF5                     U1BRG           equ	15861	;# 
  2835   003DF5                     U1BRGL          equ	15861	;# 
  2836   003DF6                     U1BRGH          equ	15862	;# 
  2837   003DF7                     U1FIFO          equ	15863	;# 
  2838   003DF8                     U1UIR           equ	15864	;# 
  2839   003DF9                     U1ERRIR         equ	15865	;# 
  2840   003DFA                     U1ERRIE         equ	15866	;# 
  2841   003E9C                     DAC1CON1        equ	16028	;# 
  2842   003E9E                     DAC1CON0        equ	16030	;# 
  2843   003EB8                     CM2CON0         equ	16056	;# 
  2844   003EB9                     CM2CON1         equ	16057	;# 
  2845   003EBA                     CM2NCH          equ	16058	;# 
  2846   003EBB                     CM2PCH          equ	16059	;# 
  2847   003EBC                     CM1CON0         equ	16060	;# 
  2848   003EBD                     CM1CON1         equ	16061	;# 
  2849   003EBE                     CM1NCH          equ	16062	;# 
  2850   003EBF                     CM1PCH          equ	16063	;# 
  2851   003EC0                     CMOUT           equ	16064	;# 
  2852   003EC1                     FVRCON          equ	16065	;# 
  2853   003EC3                     ZCDCON          equ	16067	;# 
  2854   003EC9                     HLVDCON0        equ	16073	;# 
  2855   003ECA                     HLVDCON1        equ	16074	;# 
  2856   003ED7                     ADCP            equ	16087	;# 
  2857   003EDE                     ADLTH           equ	16094	;# 
  2858   003EDE                     ADLTHL          equ	16094	;# 
  2859   003EDF                     ADLTHH          equ	16095	;# 
  2860   003EE0                     ADUTH           equ	16096	;# 
  2861   003EE0                     ADUTHL          equ	16096	;# 
  2862   003EE1                     ADUTHH          equ	16097	;# 
  2863   003EE2                     ADERR           equ	16098	;# 
  2864   003EE2                     ADERRL          equ	16098	;# 
  2865   003EE3                     ADERRH          equ	16099	;# 
  2866   003EE4                     ADSTPT          equ	16100	;# 
  2867   003EE4                     ADSTPTL         equ	16100	;# 
  2868   003EE5                     ADSTPTH         equ	16101	;# 
  2869   003EE6                     ADFLTR          equ	16102	;# 
  2870   003EE6                     ADFLTRL         equ	16102	;# 
  2871   003EE7                     ADFLTRH         equ	16103	;# 
  2872   003EE8                     ADACC           equ	16104	;# 
  2873   003EE8                     ADACCL          equ	16104	;# 
  2874   003EE9                     ADACCH          equ	16105	;# 
  2875   003EEA                     ADACCU          equ	16106	;# 
  2876   003EEB                     ADCNT           equ	16107	;# 
  2877   003EEC                     ADRPT           equ	16108	;# 
  2878   003EED                     ADPREV          equ	16109	;# 
  2879   003EED                     ADPREVL         equ	16109	;# 
  2880   003EEE                     ADPREVH         equ	16110	;# 
  2881   003EEF                     ADRES           equ	16111	;# 
  2882   003EEF                     ADRESL          equ	16111	;# 
  2883   003EF0                     ADRESH          equ	16112	;# 
  2884   003EF1                     ADPCH           equ	16113	;# 
  2885   003EF3                     ADACQ           equ	16115	;# 
  2886   003EF3                     ADACQL          equ	16115	;# 
  2887   003EF4                     ADACQH          equ	16116	;# 
  2888   003EF5                     ADCAP           equ	16117	;# 
  2889   003EF6                     ADPRE           equ	16118	;# 
  2890   003EF6                     ADPREL          equ	16118	;# 
  2891   003EF7                     ADPREH          equ	16119	;# 
  2892   003EF8                     ADCON0          equ	16120	;# 
  2893   003EF9                     ADCON1          equ	16121	;# 
  2894   003EFA                     ADCON2          equ	16122	;# 
  2895   003EFB                     ADCON3          equ	16123	;# 
  2896   003EFC                     ADSTAT          equ	16124	;# 
  2897   003EFD                     ADREF           equ	16125	;# 
  2898   003EFE                     ADACT           equ	16126	;# 
  2899   003EFF                     ADCLK           equ	16127	;# 
  2900   003F12                     SMT1TMR         equ	16146	;# 
  2901   003F12                     SMT1TMRL        equ	16146	;# 
  2902   003F13                     SMT1TMRH        equ	16147	;# 
  2903   003F14                     SMT1TMRU        equ	16148	;# 
  2904   003F15                     SMT1CPR         equ	16149	;# 
  2905   003F15                     SMT1CPRL        equ	16149	;# 
  2906   003F16                     SMT1CPRH        equ	16150	;# 
  2907   003F17                     SMT1CPRU        equ	16151	;# 
  2908   003F18                     SMT1CPW         equ	16152	;# 
  2909   003F18                     SMT1CPWL        equ	16152	;# 
  2910   003F19                     SMT1CPWH        equ	16153	;# 
  2911   003F1A                     SMT1CPWU        equ	16154	;# 
  2912   003F1B                     SMT1PR          equ	16155	;# 
  2913   003F1B                     SMT1PRL         equ	16155	;# 
  2914   003F1C                     SMT1PRH         equ	16156	;# 
  2915   003F1D                     SMT1PRU         equ	16157	;# 
  2916   003F1E                     SMT1CON0        equ	16158	;# 
  2917   003F1F                     SMT1CON1        equ	16159	;# 
  2918   003F20                     SMT1STAT        equ	16160	;# 
  2919   003F21                     SMT1CLK         equ	16161	;# 
  2920   003F22                     SMT1SIG         equ	16162	;# 
  2921   003F23                     SMT1WIN         equ	16163	;# 
  2922   003F38                     NCO1ACC         equ	16184	;# 
  2923   003F38                     NCO1ACCL        equ	16184	;# 
  2924   003F39                     NCO1ACCH        equ	16185	;# 
  2925   003F3A                     NCO1ACCU        equ	16186	;# 
  2926   003F3B                     NCO1INC         equ	16187	;# 
  2927   003F3B                     NCO1INCL        equ	16187	;# 
  2928   003F3C                     NCO1INCH        equ	16188	;# 
  2929   003F3D                     NCO1INCU        equ	16189	;# 
  2930   003F3E                     NCO1CON         equ	16190	;# 
  2931   003F3F                     NCO1CLK         equ	16191	;# 
  2932   003F40                     CWG3CLK         equ	16192	;# 
  2933   003F40                     CWG3CLKCON      equ	16192	;# 
  2934   003F41                     CWG3ISM         equ	16193	;# 
  2935   003F41                     CWG3DAT         equ	16193	;# 
  2936   003F42                     CWG3DBR         equ	16194	;# 
  2937   003F43                     CWG3DBF         equ	16195	;# 
  2938   003F44                     CWG3CON0        equ	16196	;# 
  2939   003F45                     CWG3CON1        equ	16197	;# 
  2940   003F46                     CWG3AS0         equ	16198	;# 
  2941   003F47                     CWG3AS1         equ	16199	;# 
  2942   003F48                     CWG3STR         equ	16200	;# 
  2943   003F49                     CWG2CLK         equ	16201	;# 
  2944   003F49                     CWG2CLKCON      equ	16201	;# 
  2945   003F4A                     CWG2ISM         equ	16202	;# 
  2946   003F4A                     CWG2DAT         equ	16202	;# 
  2947   003F4B                     CWG2DBR         equ	16203	;# 
  2948   003F4C                     CWG2DBF         equ	16204	;# 
  2949   003F4D                     CWG2CON0        equ	16205	;# 
  2950   003F4E                     CWG2CON1        equ	16206	;# 
  2951   003F4F                     CWG2AS0         equ	16207	;# 
  2952   003F50                     CWG2AS1         equ	16208	;# 
  2953   003F51                     CWG2STR         equ	16209	;# 
  2954   003F52                     CWG1CLK         equ	16210	;# 
  2955   003F52                     CWG1CLKCON      equ	16210	;# 
  2956   003F53                     CWG1ISM         equ	16211	;# 
  2957   003F53                     CWG1DAT         equ	16211	;# 
  2958   003F54                     CWG1DBR         equ	16212	;# 
  2959   003F55                     CWG1DBF         equ	16213	;# 
  2960   003F56                     CWG1CON0        equ	16214	;# 
  2961   003F57                     CWG1CON1        equ	16215	;# 
  2962   003F58                     CWG1AS0         equ	16216	;# 
  2963   003F59                     CWG1AS1         equ	16217	;# 
  2964   003F5A                     CWG1STR         equ	16218	;# 
  2965   003F5E                     CCPTMRS0        equ	16222	;# 
  2966   003F5F                     CCPTMRS1        equ	16223	;# 
  2967   003F60                     PWM8DC          equ	16224	;# 
  2968   003F60                     PWM8DCL         equ	16224	;# 
  2969   003F61                     PWM8DCH         equ	16225	;# 
  2970   003F62                     PWM8CON         equ	16226	;# 
  2971   003F64                     PWM7DC          equ	16228	;# 
  2972   003F64                     PWM7DCL         equ	16228	;# 
  2973   003F65                     PWM7DCH         equ	16229	;# 
  2974   003F66                     PWM7CON         equ	16230	;# 
  2975   003F68                     PWM6DC          equ	16232	;# 
  2976   003F68                     PWM6DCL         equ	16232	;# 
  2977   003F69                     PWM6DCH         equ	16233	;# 
  2978   003F6A                     PWM6CON         equ	16234	;# 
  2979   003F6C                     PWM5DC          equ	16236	;# 
  2980   003F6C                     PWM5DCL         equ	16236	;# 
  2981   003F6D                     PWM5DCH         equ	16237	;# 
  2982   003F6E                     PWM5CON         equ	16238	;# 
  2983   003F70                     CCPR4           equ	16240	;# 
  2984   003F70                     CCPR4L          equ	16240	;# 
  2985   003F71                     CCPR4H          equ	16241	;# 
  2986   003F72                     CCP4CON         equ	16242	;# 
  2987   003F73                     CCP4CAP         equ	16243	;# 
  2988   003F74                     CCPR3           equ	16244	;# 
  2989   003F74                     CCPR3L          equ	16244	;# 
  2990   003F75                     CCPR3H          equ	16245	;# 
  2991   003F76                     CCP3CON         equ	16246	;# 
  2992   003F77                     CCP3CAP         equ	16247	;# 
  2993   003F78                     CCPR2           equ	16248	;# 
  2994   003F78                     CCPR2L          equ	16248	;# 
  2995   003F79                     CCPR2H          equ	16249	;# 
  2996   003F7A                     CCP2CON         equ	16250	;# 
  2997   003F7B                     CCP2CAP         equ	16251	;# 
  2998   003F7C                     CCPR1           equ	16252	;# 
  2999   003F7C                     CCPR1L          equ	16252	;# 
  3000   003F7D                     CCPR1H          equ	16253	;# 
  3001   003F7E                     CCP1CON         equ	16254	;# 
  3002   003F7F                     CCP1CAP         equ	16255	;# 
  3003   003F92                     T6TMR           equ	16274	;# 
  3004   003F92                     TMR6            equ	16274	;# 
  3005   003F93                     T6PR            equ	16275	;# 
  3006   003F93                     PR6             equ	16275	;# 
  3007   003F94                     T6CON           equ	16276	;# 
  3008   003F95                     T6HLT           equ	16277	;# 
  3009   003F96                     T6CLKCON        equ	16278	;# 
  3010   003F96                     T6CLK           equ	16278	;# 
  3011   003F97                     T6RST           equ	16279	;# 
  3012   003F98                     TMR5            equ	16280	;# 
  3013   003F98                     TMR5L           equ	16280	;# 
  3014   003F99                     TMR5H           equ	16281	;# 
  3015   003F9A                     T5CON           equ	16282	;# 
  3016   003F9A                     TMR5CON         equ	16282	;# 
  3017   003F9B                     T5GCON          equ	16283	;# 
  3018   003F9B                     TMR5GCON        equ	16283	;# 
  3019   003F9C                     T5GATE          equ	16284	;# 
  3020   003F9C                     TMR5GATE        equ	16284	;# 
  3021   003F9D                     T5CLK           equ	16285	;# 
  3022   003F9D                     TMR5CLK         equ	16285	;# 
  3023   003F9D                     PR5             equ	16285	;# 
  3024   003F9E                     T4TMR           equ	16286	;# 
  3025   003F9E                     TMR4            equ	16286	;# 
  3026   003F9F                     T4PR            equ	16287	;# 
  3027   003F9F                     PR4             equ	16287	;# 
  3028   003FA0                     T4CON           equ	16288	;# 
  3029   003FA1                     T4HLT           equ	16289	;# 
  3030   003FA2                     T4CLKCON        equ	16290	;# 
  3031   003FA2                     T4CLK           equ	16290	;# 
  3032   003FA3                     T4RST           equ	16291	;# 
  3033   003FA4                     TMR3            equ	16292	;# 
  3034   003FA4                     TMR3L           equ	16292	;# 
  3035   003FA5                     TMR3H           equ	16293	;# 
  3036   003FA6                     T3CON           equ	16294	;# 
  3037   003FA6                     TMR3CON         equ	16294	;# 
  3038   003FA7                     T3GCON          equ	16295	;# 
  3039   003FA7                     TMR3GCON        equ	16295	;# 
  3040   003FA8                     T3GATE          equ	16296	;# 
  3041   003FA8                     TMR3GATE        equ	16296	;# 
  3042   003FA9                     T3CLK           equ	16297	;# 
  3043   003FA9                     TMR3CLK         equ	16297	;# 
  3044   003FA9                     PR3             equ	16297	;# 
  3045   003FAA                     T2TMR           equ	16298	;# 
  3046   003FAA                     TMR2            equ	16298	;# 
  3047   003FAB                     T2PR            equ	16299	;# 
  3048   003FAB                     PR2             equ	16299	;# 
  3049   003FAC                     T2CON           equ	16300	;# 
  3050   003FAD                     T2HLT           equ	16301	;# 
  3051   003FAE                     T2CLKCON        equ	16302	;# 
  3052   003FAE                     T2CLK           equ	16302	;# 
  3053   003FAF                     T2RST           equ	16303	;# 
  3054   003FB0                     TMR1            equ	16304	;# 
  3055   003FB0                     TMR1L           equ	16304	;# 
  3056   003FB1                     TMR1H           equ	16305	;# 
  3057   003FB2                     T1CON           equ	16306	;# 
  3058   003FB2                     TMR1CON         equ	16306	;# 
  3059   003FB3                     T1GCON          equ	16307	;# 
  3060   003FB3                     TMR1GCON        equ	16307	;# 
  3061   003FB4                     T1GATE          equ	16308	;# 
  3062   003FB4                     TMR1GATE        equ	16308	;# 
  3063   003FB5                     T1CLK           equ	16309	;# 
  3064   003FB5                     TMR1CLK         equ	16309	;# 
  3065   003FB5                     PR1             equ	16309	;# 
  3066   003FB6                     TMR0L           equ	16310	;# 
  3067   003FB6                     TMR0            equ	16310	;# 
  3068   003FB7                     TMR0H           equ	16311	;# 
  3069   003FB7                     PR0             equ	16311	;# 
  3070   003FB8                     T0CON0          equ	16312	;# 
  3071   003FB9                     T0CON1          equ	16313	;# 
  3072   003FBA                     LATA            equ	16314	;# 
  3073   003FBB                     LATB            equ	16315	;# 
  3074   003FBC                     LATC            equ	16316	;# 
  3075   003FBD                     LATD            equ	16317	;# 
  3076   003FBE                     LATE            equ	16318	;# 
  3077   003FC2                     TRISA           equ	16322	;# 
  3078   003FC3                     TRISB           equ	16323	;# 
  3079   003FC4                     TRISC           equ	16324	;# 
  3080   003FC5                     TRISD           equ	16325	;# 
  3081   003FC6                     TRISE           equ	16326	;# 
  3082   003FCA                     PORTA           equ	16330	;# 
  3083   003FCB                     PORTB           equ	16331	;# 
  3084   003FCC                     PORTC           equ	16332	;# 
  3085   003FCD                     PORTD           equ	16333	;# 
  3086   003FCE                     PORTE           equ	16334	;# 
  3087   003FD2                     INTCON0         equ	16338	;# 
  3088   003FD3                     INTCON1         equ	16339	;# 
  3089   003FD4                     IVTLOCK         equ	16340	;# 
  3090   003FD5                     IVTBASE         equ	16341	;# 
  3091   003FD5                     IVTBASEL        equ	16341	;# 
  3092   003FD6                     IVTBASEH        equ	16342	;# 
  3093   003FD7                     IVTBASEU        equ	16343	;# 
  3094   003FD8                     STATUS          equ	16344	;# 
  3095   003FD9                     FSR2            equ	16345	;# 
  3096   003FD9                     FSR2L           equ	16345	;# 
  3097   003FDA                     FSR2H           equ	16346	;# 
  3098   003FDB                     PLUSW2          equ	16347	;# 
  3099   003FDC                     PREINC2         equ	16348	;# 
  3100   003FDD                     POSTDEC2        equ	16349	;# 
  3101   003FDE                     POSTINC2        equ	16350	;# 
  3102   003FDF                     INDF2           equ	16351	;# 
  3103   003FE0                     BSR             equ	16352	;# 
  3104   003FE1                     FSR1            equ	16353	;# 
  3105   003FE1                     FSR1L           equ	16353	;# 
  3106   003FE2                     FSR1H           equ	16354	;# 
  3107   003FE3                     PLUSW1          equ	16355	;# 
  3108   003FE4                     PREINC1         equ	16356	;# 
  3109   003FE5                     POSTDEC1        equ	16357	;# 
  3110   003FE6                     POSTINC1        equ	16358	;# 
  3111   003FE7                     INDF1           equ	16359	;# 
  3112   003FE8                     WREG            equ	16360	;# 
  3113   003FE9                     FSR0            equ	16361	;# 
  3114   003FE9                     FSR0L           equ	16361	;# 
  3115   003FEA                     FSR0H           equ	16362	;# 
  3116   003FEB                     PLUSW0          equ	16363	;# 
  3117   003FEC                     PREINC0         equ	16364	;# 
  3118   003FED                     POSTDEC0        equ	16365	;# 
  3119   003FEE                     POSTINC0        equ	16366	;# 
  3120   003FEF                     INDF0           equ	16367	;# 
  3121   003FF0                     PCON0           equ	16368	;# 
  3122   003FF1                     PCON1           equ	16369	;# 
  3123   003FF3                     PROD            equ	16371	;# 
  3124   003FF3                     PRODL           equ	16371	;# 
  3125   003FF4                     PRODH           equ	16372	;# 
  3126   003FF5                     TABLAT          equ	16373	;# 
  3127   003FF6                     TBLPTR          equ	16374	;# 
  3128   003FF6                     TBLPTRL         equ	16374	;# 
  3129   003FF7                     TBLPTRH         equ	16375	;# 
  3130   003FF8                     TBLPTRU         equ	16376	;# 
  3131   003FF9                     PCLAT           equ	16377	;# 
  3132   003FF9                     PCL             equ	16377	;# 
  3133   003FFA                     PCLATH          equ	16378	;# 
  3134   003FFB                     PCLATU          equ	16379	;# 
  3135   003FFC                     STKPTR          equ	16380	;# 
  3136   003FFD                     TOS             equ	16381	;# 
  3137   003FFD                     TOSL            equ	16381	;# 
  3138   003FFE                     TOSH            equ	16382	;# 
  3139   003FFF                     TOSU            equ	16383	;# 
  3140   003880                     STATUS_CSHAD    equ	14464	;# 
  3141   003881                     WREG_CSHAD      equ	14465	;# 
  3142   003882                     BSR_CSHAD       equ	14466	;# 
  3143   003883                     SHADCON         equ	14467	;# 
  3144   003884                     STATUS_SHAD     equ	14468	;# 
  3145   003885                     WREG_SHAD       equ	14469	;# 
  3146   003886                     BSR_SHAD        equ	14470	;# 
  3147   003887                     PCLATH_SHAD     equ	14471	;# 
  3148   003888                     PCLATU_SHAD     equ	14472	;# 
  3149   003889                     FSR0SH          equ	14473	;# 
  3150   003889                     FSR0L_SHAD      equ	14473	;# 
  3151   00388A                     FSR0H_SHAD      equ	14474	;# 
  3152   00388B                     FSR1SH          equ	14475	;# 
  3153   00388B                     FSR1L_SHAD      equ	14475	;# 
  3154   00388C                     FSR1H_SHAD      equ	14476	;# 
  3155   00388D                     FSR2SH          equ	14477	;# 
  3156   00388D                     FSR2L_SHAD      equ	14477	;# 
  3157   00388E                     FSR2H_SHAD      equ	14478	;# 
  3158   00388F                     PRODSH          equ	14479	;# 
  3159   00388F                     PRODL_SHAD      equ	14479	;# 
  3160   003890                     PRODH_SHAD      equ	14480	;# 
  3161   00389D                     IVTADL          equ	14493	;# 
  3162   00389E                     IVTADH          equ	14494	;# 
  3163   00389F                     IVTADU          equ	14495	;# 
  3164   00395B                     WDTCON0         equ	14683	;# 
  3165   00395C                     WDTCON1         equ	14684	;# 
  3166   00395D                     WDTPSL          equ	14685	;# 
  3167   00395E                     WDTPSH          equ	14686	;# 
  3168   00395F                     WDTTMR          equ	14687	;# 
  3169   003960                     CRCDATA         equ	14688	;# 
  3170   003960                     CRCDATL         equ	14688	;# 
  3171   003961                     CRCDATH         equ	14689	;# 
  3172   003962                     CRCACC          equ	14690	;# 
  3173   003962                     CRCACCL         equ	14690	;# 
  3174   003963                     CRCACCH         equ	14691	;# 
  3175   003964                     CRCSHFT         equ	14692	;# 
  3176   003964                     CRCSHIFTL       equ	14692	;# 
  3177   003965                     CRCSHIFTH       equ	14693	;# 
  3178   003966                     CRCXOR          equ	14694	;# 
  3179   003966                     CRCXORL         equ	14694	;# 
  3180   003967                     CRCXORH         equ	14695	;# 
  3181   003968                     CRCCON0         equ	14696	;# 
  3182   003969                     CRCCON1         equ	14697	;# 
  3183   003976                     SCANLADR        equ	14710	;# 
  3184   003976                     SCANLADRL       equ	14710	;# 
  3185   003977                     SCANLADRH       equ	14711	;# 
  3186   003978                     SCANLADRU       equ	14712	;# 
  3187   003979                     SCANHADR        equ	14713	;# 
  3188   003979                     SCANHADRL       equ	14713	;# 
  3189   00397A                     SCANHADRH       equ	14714	;# 
  3190   00397B                     SCANHADRU       equ	14715	;# 
  3191   00397C                     SCANCON0        equ	14716	;# 
  3192   00397D                     SCANTRIG        equ	14717	;# 
  3193   003980                     IPR0            equ	14720	;# 
  3194   003981                     IPR1            equ	14721	;# 
  3195   003982                     IPR2            equ	14722	;# 
  3196   003983                     IPR3            equ	14723	;# 
  3197   003984                     IPR4            equ	14724	;# 
  3198   003985                     IPR5            equ	14725	;# 
  3199   003986                     IPR6            equ	14726	;# 
  3200   003987                     IPR7            equ	14727	;# 
  3201   003988                     IPR8            equ	14728	;# 
  3202   003989                     IPR9            equ	14729	;# 
  3203   00398A                     IPR10           equ	14730	;# 
  3204   003990                     PIE0            equ	14736	;# 
  3205   003991                     PIE1            equ	14737	;# 
  3206   003992                     PIE2            equ	14738	;# 
  3207   003993                     PIE3            equ	14739	;# 
  3208   003994                     PIE4            equ	14740	;# 
  3209   003995                     PIE5            equ	14741	;# 
  3210   003996                     PIE6            equ	14742	;# 
  3211   003997                     PIE7            equ	14743	;# 
  3212   003998                     PIE8            equ	14744	;# 
  3213   003999                     PIE9            equ	14745	;# 
  3214   00399A                     PIE10           equ	14746	;# 
  3215   0039A0                     PIR0            equ	14752	;# 
  3216   0039A1                     PIR1            equ	14753	;# 
  3217   0039A2                     PIR2            equ	14754	;# 
  3218   0039A3                     PIR3            equ	14755	;# 
  3219   0039A4                     PIR4            equ	14756	;# 
  3220   0039A5                     PIR5            equ	14757	;# 
  3221   0039A6                     PIR6            equ	14758	;# 
  3222   0039A7                     PIR7            equ	14759	;# 
  3223   0039A8                     PIR8            equ	14760	;# 
  3224   0039A9                     PIR9            equ	14761	;# 
  3225   0039AA                     PIR10           equ	14762	;# 
  3226   0039C0                     PMD0            equ	14784	;# 
  3227   0039C1                     PMD1            equ	14785	;# 
  3228   0039C2                     PMD2            equ	14786	;# 
  3229   0039C3                     PMD3            equ	14787	;# 
  3230   0039C4                     PMD4            equ	14788	;# 
  3231   0039C5                     PMD5            equ	14789	;# 
  3232   0039C6                     PMD6            equ	14790	;# 
  3233   0039C7                     PMD7            equ	14791	;# 
  3234   0039D0                     BORCON          equ	14800	;# 
  3235   0039D1                     VREGCON         equ	14801	;# 
  3236   0039D8                     CPUDOZE         equ	14808	;# 
  3237   0039D9                     OSCCON1         equ	14809	;# 
  3238   0039DA                     OSCCON2         equ	14810	;# 
  3239   0039DB                     OSCCON3         equ	14811	;# 
  3240   0039DC                     OSCSTAT         equ	14812	;# 
  3241   0039DC                     OSCSTAT1        equ	14812	;# 
  3242   0039DD                     OSCEN           equ	14813	;# 
  3243   0039DE                     OSCTUNE         equ	14814	;# 
  3244   0039DF                     OSCFRQ          equ	14815	;# 
  3245   0039E0                     NVMADRL         equ	14816	;# 
  3246   0039E1                     NVMADRH         equ	14817	;# 
  3247   0039E3                     NVMDAT          equ	14819	;# 
  3248   0039E5                     NVMCON1         equ	14821	;# 
  3249   0039E6                     NVMCON2         equ	14822	;# 
  3250   0039EF                     PRLOCK          equ	14831	;# 
  3251   0039F1                     ISRPR           equ	14833	;# 
  3252   0039F2                     MAINPR          equ	14834	;# 
  3253   0039F3                     DMA1PR          equ	14835	;# 
  3254   0039F4                     DMA2PR          equ	14836	;# 
  3255   0039F7                     SCANPR          equ	14839	;# 
  3256   003A00                     RA0PPS          equ	14848	;# 
  3257   003A01                     RA1PPS          equ	14849	;# 
  3258   003A02                     RA2PPS          equ	14850	;# 
  3259   003A03                     RA3PPS          equ	14851	;# 
  3260   003A04                     RA4PPS          equ	14852	;# 
  3261   003A05                     RA5PPS          equ	14853	;# 
  3262   003A06                     RA6PPS          equ	14854	;# 
  3263   003A07                     RA7PPS          equ	14855	;# 
  3264   003A08                     RB0PPS          equ	14856	;# 
  3265   003A09                     RB1PPS          equ	14857	;# 
  3266   003A0A                     RB2PPS          equ	14858	;# 
  3267   003A0B                     RB3PPS          equ	14859	;# 
  3268   003A0C                     RB4PPS          equ	14860	;# 
  3269   003A0D                     RB5PPS          equ	14861	;# 
  3270   003A0E                     RB6PPS          equ	14862	;# 
  3271   003A0F                     RB7PPS          equ	14863	;# 
  3272   003A10                     RC0PPS          equ	14864	;# 
  3273   003A11                     RC1PPS          equ	14865	;# 
  3274   003A12                     RC2PPS          equ	14866	;# 
  3275   003A13                     RC3PPS          equ	14867	;# 
  3276   003A14                     RC4PPS          equ	14868	;# 
  3277   003A15                     RC5PPS          equ	14869	;# 
  3278   003A16                     RC6PPS          equ	14870	;# 
  3279   003A17                     RC7PPS          equ	14871	;# 
  3280   003A18                     RD0PPS          equ	14872	;# 
  3281   003A19                     RD1PPS          equ	14873	;# 
  3282   003A1A                     RD2PPS          equ	14874	;# 
  3283   003A1B                     RD3PPS          equ	14875	;# 
  3284   003A1C                     RD4PPS          equ	14876	;# 
  3285   003A1D                     RD5PPS          equ	14877	;# 
  3286   003A1E                     RD6PPS          equ	14878	;# 
  3287   003A1F                     RD7PPS          equ	14879	;# 
  3288   003A20                     RE0PPS          equ	14880	;# 
  3289   003A21                     RE1PPS          equ	14881	;# 
  3290   003A22                     RE2PPS          equ	14882	;# 
  3291   003A40                     ANSELA          equ	14912	;# 
  3292   003A41                     WPUA            equ	14913	;# 
  3293   003A42                     ODCONA          equ	14914	;# 
  3294   003A43                     SLRCONA         equ	14915	;# 
  3295   003A44                     INLVLA          equ	14916	;# 
  3296   003A45                     IOCAP           equ	14917	;# 
  3297   003A46                     IOCAN           equ	14918	;# 
  3298   003A47                     IOCAF           equ	14919	;# 
  3299   003A48                     CCDPA           equ	14920	;# 
  3300   003A49                     CCDNA           equ	14921	;# 
  3301   003A50                     ANSELB          equ	14928	;# 
  3302   003A51                     WPUB            equ	14929	;# 
  3303   003A52                     ODCONB          equ	14930	;# 
  3304   003A53                     SLRCONB         equ	14931	;# 
  3305   003A54                     INLVLB          equ	14932	;# 
  3306   003A55                     IOCBP           equ	14933	;# 
  3307   003A56                     IOCBN           equ	14934	;# 
  3308   003A57                     IOCBF           equ	14935	;# 
  3309   003A58                     CCDPB           equ	14936	;# 
  3310   003A59                     CCDNB           equ	14937	;# 
  3311   003A5A                     RB1I2C          equ	14938	;# 
  3312   003A5B                     RB2I2C          equ	14939	;# 
  3313   003A60                     ANSELC          equ	14944	;# 
  3314   003A61                     WPUC            equ	14945	;# 
  3315   003A62                     ODCONC          equ	14946	;# 
  3316   003A63                     SLRCONC         equ	14947	;# 
  3317   003A64                     INLVLC          equ	14948	;# 
  3318   003A65                     IOCCP           equ	14949	;# 
  3319   003A66                     IOCCN           equ	14950	;# 
  3320   003A67                     IOCCF           equ	14951	;# 
  3321   003A68                     CCDPC           equ	14952	;# 
  3322   003A69                     CCDNC           equ	14953	;# 
  3323   003A6A                     RC3I2C          equ	14954	;# 
  3324   003A6B                     RC4I2C          equ	14955	;# 
  3325   003A70                     ANSELD          equ	14960	;# 
  3326   003A71                     WPUD            equ	14961	;# 
  3327   003A72                     ODCOND          equ	14962	;# 
  3328   003A73                     SLRCOND         equ	14963	;# 
  3329   003A74                     INLVLD          equ	14964	;# 
  3330   003A78                     CCDPD           equ	14968	;# 
  3331   003A79                     CCDND           equ	14969	;# 
  3332   003A7A                     RD0I2C          equ	14970	;# 
  3333   003A7B                     RD1I2C          equ	14971	;# 
  3334   003A80                     ANSELE          equ	14976	;# 
  3335   003A81                     WPUE            equ	14977	;# 
  3336   003A82                     ODCONE          equ	14978	;# 
  3337   003A83                     SLRCONE         equ	14979	;# 
  3338   003A84                     INLVLE          equ	14980	;# 
  3339   003A85                     IOCEP           equ	14981	;# 
  3340   003A86                     IOCEN           equ	14982	;# 
  3341   003A87                     IOCEF           equ	14983	;# 
  3342   003A88                     CCDPE           equ	14984	;# 
  3343   003A89                     CCDNE           equ	14985	;# 
  3344   003ABE                     CCDCON          equ	15038	;# 
  3345   003ABF                     PPSLOCK         equ	15039	;# 
  3346   003AC0                     INT0PPS         equ	15040	;# 
  3347   003AC1                     INT1PPS         equ	15041	;# 
  3348   003AC2                     INT2PPS         equ	15042	;# 
  3349   003AC3                     T0CKIPPS        equ	15043	;# 
  3350   003AC4                     T1CKIPPS        equ	15044	;# 
  3351   003AC5                     T1GPPS          equ	15045	;# 
  3352   003AC6                     T3CKIPPS        equ	15046	;# 
  3353   003AC7                     T3GPPS          equ	15047	;# 
  3354   003AC8                     T5CKIPPS        equ	15048	;# 
  3355   003AC9                     T5GPPS          equ	15049	;# 
  3356   003ACA                     T2INPPS         equ	15050	;# 
  3357   003ACB                     T4INPPS         equ	15051	;# 
  3358   003ACC                     T6INPPS         equ	15052	;# 
  3359   003ACD                     CCP1PPS         equ	15053	;# 
  3360   003ACE                     CCP2PPS         equ	15054	;# 
  3361   003ACF                     CCP3PPS         equ	15055	;# 
  3362   003AD0                     CCP4PPS         equ	15056	;# 
  3363   003AD1                     SMT1WINPPS      equ	15057	;# 
  3364   003AD2                     SMT1SIGPPS      equ	15058	;# 
  3365   003AD3                     CWG1INPPS       equ	15059	;# 
  3366   003AD4                     CWG2INPPS       equ	15060	;# 
  3367   003AD5                     CWG3INPPS       equ	15061	;# 
  3368   003AD6                     MD1CARLPPS      equ	15062	;# 
  3369   003AD7                     MD1CARHPPS      equ	15063	;# 
  3370   003AD8                     MD1SRCPPS       equ	15064	;# 
  3371   003AD9                     CLCIN0PPS       equ	15065	;# 
  3372   003ADA                     CLCIN1PPS       equ	15066	;# 
  3373   003ADB                     CLCIN2PPS       equ	15067	;# 
  3374   003ADC                     CLCIN3PPS       equ	15068	;# 
  3375   003ADD                     ADACTPPS        equ	15069	;# 
  3376   003ADE                     SPI1SCKPPS      equ	15070	;# 
  3377   003ADF                     SPI1SDIPPS      equ	15071	;# 
  3378   003AE0                     SPI1SSPPS       equ	15072	;# 
  3379   003AE1                     I2C1SCLPPS      equ	15073	;# 
  3380   003AE2                     I2C1SDAPPS      equ	15074	;# 
  3381   003AE3                     I2C2SCLPPS      equ	15075	;# 
  3382   003AE4                     I2C2SDAPPS      equ	15076	;# 
  3383   003AE5                     U1RXPPS         equ	15077	;# 
  3384   003AE6                     U1CTSPPS        equ	15078	;# 
  3385   003AE8                     U2RXPPS         equ	15080	;# 
  3386   003AE9                     U2CTSPPS        equ	15081	;# 
  3387   003BC9                     DMA2BUF         equ	15305	;# 
  3388   003BCA                     DMA2DCNT        equ	15306	;# 
  3389   003BCA                     DMA2DCNTL       equ	15306	;# 
  3390   003BCB                     DMA2DCNTH       equ	15307	;# 
  3391   003BCC                     DMA2DPTR        equ	15308	;# 
  3392   003BCC                     DMA2DPTRL       equ	15308	;# 
  3393   003BCD                     DMA2DPTRH       equ	15309	;# 
  3394   003BCE                     DMA2DSZ         equ	15310	;# 
  3395   003BCE                     DMA2DSZL        equ	15310	;# 
  3396   003BCF                     DMA2DSZH        equ	15311	;# 
  3397   003BD0                     DMA2DSA         equ	15312	;# 
  3398   003BD0                     DMA2DSAL        equ	15312	;# 
  3399   003BD1                     DMA2DSAH        equ	15313	;# 
  3400   003BD2                     DMA2SCNT        equ	15314	;# 
  3401   003BD2                     DMA2SCNTL       equ	15314	;# 
  3402   003BD3                     DMA2SCNTH       equ	15315	;# 
  3403   003BD4                     DMA2SPTR        equ	15316	;# 
  3404   003BD4                     DMA2SPTRL       equ	15316	;# 
  3405   003BD5                     DMA2SPTRH       equ	15317	;# 
  3406   003BD6                     DMA2SPTRU       equ	15318	;# 
  3407   003BD7                     DMA2SSZ         equ	15319	;# 
  3408   003BD7                     DMA2SSZL        equ	15319	;# 
  3409   003BD8                     DMA2SSZH        equ	15320	;# 
  3410   003BD9                     DMA2SSA         equ	15321	;# 
  3411   003BD9                     DMA2SSAL        equ	15321	;# 
  3412   003BDA                     DMA2SSAH        equ	15322	;# 
  3413   003BDB                     DMA2SSAU        equ	15323	;# 
  3414   003BDC                     DMA2CON0        equ	15324	;# 
  3415   003BDD                     DMA2CON1        equ	15325	;# 
  3416   003BDE                     DMA2AIRQ        equ	15326	;# 
  3417   003BDF                     DMA2SIRQ        equ	15327	;# 
  3418   003BE9                     DMA1BUF         equ	15337	;# 
  3419   003BEA                     DMA1DCNT        equ	15338	;# 
  3420   003BEA                     DMA1DCNTL       equ	15338	;# 
  3421   003BEB                     DMA1DCNTH       equ	15339	;# 
  3422   003BEC                     DMA1DPTR        equ	15340	;# 
  3423   003BEC                     DMA1DPTRL       equ	15340	;# 
  3424   003BED                     DMA1DPTRH       equ	15341	;# 
  3425   003BEE                     DMA1DSZ         equ	15342	;# 
  3426   003BEE                     DMA1DSZL        equ	15342	;# 
  3427   003BEF                     DMA1DSZH        equ	15343	;# 
  3428   003BF0                     DMA1DSA         equ	15344	;# 
  3429   003BF0                     DMA1DSAL        equ	15344	;# 
  3430   003BF1                     DMA1DSAH        equ	15345	;# 
  3431   003BF2                     DMA1SCNT        equ	15346	;# 
  3432   003BF2                     DMA1SCNTL       equ	15346	;# 
  3433   003BF3                     DMA1SCNTH       equ	15347	;# 
  3434   003BF4                     DMA1SPTR        equ	15348	;# 
  3435   003BF4                     DMA1SPTRL       equ	15348	;# 
  3436   003BF5                     DMA1SPTRH       equ	15349	;# 
  3437   003BF6                     DMA1SPTRU       equ	15350	;# 
  3438   003BF7                     DMA1SSZ         equ	15351	;# 
  3439   003BF7                     DMA1SSZL        equ	15351	;# 
  3440   003BF8                     DMA1SSZH        equ	15352	;# 
  3441   003BF9                     DMA1SSA         equ	15353	;# 
  3442   003BF9                     DMA1SSAL        equ	15353	;# 
  3443   003BFA                     DMA1SSAH        equ	15354	;# 
  3444   003BFB                     DMA1SSAU        equ	15355	;# 
  3445   003BFC                     DMA1CON0        equ	15356	;# 
  3446   003BFD                     DMA1CON1        equ	15357	;# 
  3447   003BFE                     DMA1AIRQ        equ	15358	;# 
  3448   003BFF                     DMA1SIRQ        equ	15359	;# 
  3449   003C56                     CLC4CON         equ	15446	;# 
  3450   003C57                     CLC4POL         equ	15447	;# 
  3451   003C58                     CLC4SEL0        equ	15448	;# 
  3452   003C59                     CLC4SEL1        equ	15449	;# 
  3453   003C5A                     CLC4SEL2        equ	15450	;# 
  3454   003C5B                     CLC4SEL3        equ	15451	;# 
  3455   003C5C                     CLC4GLS0        equ	15452	;# 
  3456   003C5D                     CLC4GLS1        equ	15453	;# 
  3457   003C5E                     CLC4GLS2        equ	15454	;# 
  3458   003C5F                     CLC4GLS3        equ	15455	;# 
  3459   003C60                     CLC3CON         equ	15456	;# 
  3460   003C61                     CLC3POL         equ	15457	;# 
  3461   003C62                     CLC3SEL0        equ	15458	;# 
  3462   003C63                     CLC3SEL1        equ	15459	;# 
  3463   003C64                     CLC3SEL2        equ	15460	;# 
  3464   003C65                     CLC3SEL3        equ	15461	;# 
  3465   003C66                     CLC3GLS0        equ	15462	;# 
  3466   003C67                     CLC3GLS1        equ	15463	;# 
  3467   003C68                     CLC3GLS2        equ	15464	;# 
  3468   003C69                     CLC3GLS3        equ	15465	;# 
  3469   003C6A                     CLC2CON         equ	15466	;# 
  3470   003C6B                     CLC2POL         equ	15467	;# 
  3471   003C6C                     CLC2SEL0        equ	15468	;# 
  3472   003C6D                     CLC2SEL1        equ	15469	;# 
  3473   003C6E                     CLC2SEL2        equ	15470	;# 
  3474   003C6F                     CLC2SEL3        equ	15471	;# 
  3475   003C70                     CLC2GLS0        equ	15472	;# 
  3476   003C71                     CLC2GLS1        equ	15473	;# 
  3477   003C72                     CLC2GLS2        equ	15474	;# 
  3478   003C73                     CLC2GLS3        equ	15475	;# 
  3479   003C74                     CLC1CON         equ	15476	;# 
  3480   003C75                     CLC1POL         equ	15477	;# 
  3481   003C76                     CLC1SEL0        equ	15478	;# 
  3482   003C77                     CLC1SEL1        equ	15479	;# 
  3483   003C78                     CLC1SEL2        equ	15480	;# 
  3484   003C79                     CLC1SEL3        equ	15481	;# 
  3485   003C7A                     CLC1GLS0        equ	15482	;# 
  3486   003C7B                     CLC1GLS1        equ	15483	;# 
  3487   003C7C                     CLC1GLS2        equ	15484	;# 
  3488   003C7D                     CLC1GLS3        equ	15485	;# 
  3489   003C7E                     CLCDATA0        equ	15486	;# 
  3490   003CE5                     CLKRCON         equ	15589	;# 
  3491   003CE6                     CLKRCLK         equ	15590	;# 
  3492   003CFA                     MD1CON0         equ	15610	;# 
  3493   003CFB                     MD1CON1         equ	15611	;# 
  3494   003CFC                     MD1SRC          equ	15612	;# 
  3495   003CFD                     MD1CARL         equ	15613	;# 
  3496   003CFE                     MD1CARH         equ	15614	;# 
  3497   003D10                     SPI1RXB         equ	15632	;# 
  3498   003D11                     SPI1TXB         equ	15633	;# 
  3499   003D12                     SPI1TCNT        equ	15634	;# 
  3500   003D12                     SPI1TCNTL       equ	15634	;# 
  3501   003D13                     SPI1TCNTH       equ	15635	;# 
  3502   003D14                     SPI1CON0        equ	15636	;# 
  3503   003D15                     SPI1CON1        equ	15637	;# 
  3504   003D16                     SPI1CON2        equ	15638	;# 
  3505   003D17                     SPI1STATUS      equ	15639	;# 
  3506   003D18                     SPI1TWIDTH      equ	15640	;# 
  3507   003D19                     SPI1BAUD        equ	15641	;# 
  3508   003D1A                     SPI1INTF        equ	15642	;# 
  3509   003D1B                     SPI1INTE        equ	15643	;# 
  3510   003D1C                     SPI1CLK         equ	15644	;# 
  3511   003D54                     I2C2RXB         equ	15700	;# 
  3512   003D55                     I2C2TXB         equ	15701	;# 
  3513   003D56                     I2C2CNT         equ	15702	;# 
  3514   003D57                     I2C2ADB0        equ	15703	;# 
  3515   003D58                     I2C2ADB1        equ	15704	;# 
  3516   003D59                     I2C2ADR0        equ	15705	;# 
  3517   003D5A                     I2C2ADR1        equ	15706	;# 
  3518   003D5B                     I2C2ADR2        equ	15707	;# 
  3519   003D5C                     I2C2ADR3        equ	15708	;# 
  3520   003D5D                     I2C2CON0        equ	15709	;# 
  3521   003D5E                     I2C2CON1        equ	15710	;# 
  3522   003D5F                     I2C2CON2        equ	15711	;# 
  3523   003D60                     I2C2ERR         equ	15712	;# 
  3524   003D61                     I2C2STAT0       equ	15713	;# 
  3525   003D62                     I2C2STAT1       equ	15714	;# 
  3526   003D63                     I2C2PIR         equ	15715	;# 
  3527   003D64                     I2C2PIE         equ	15716	;# 
  3528   003D65                     I2C2CLK         equ	15717	;# 
  3529   003D66                     I2C2BTO         equ	15718	;# 
  3530   003D6A                     I2C1RXB         equ	15722	;# 
  3531   003D6B                     I2C1TXB         equ	15723	;# 
  3532   003D6C                     I2C1CNT         equ	15724	;# 
  3533   003D6D                     I2C1ADB0        equ	15725	;# 
  3534   003D6E                     I2C1ADB1        equ	15726	;# 
  3535   003D6F                     I2C1ADR0        equ	15727	;# 
  3536   003D70                     I2C1ADR1        equ	15728	;# 
  3537   003D71                     I2C1ADR2        equ	15729	;# 
  3538   003D72                     I2C1ADR3        equ	15730	;# 
  3539   003D73                     I2C1CON0        equ	15731	;# 
  3540   003D74                     I2C1CON1        equ	15732	;# 
  3541   003D75                     I2C1CON2        equ	15733	;# 
  3542   003D76                     I2C1ERR         equ	15734	;# 
  3543   003D77                     I2C1STAT0       equ	15735	;# 
  3544   003D78                     I2C1STAT1       equ	15736	;# 
  3545   003D79                     I2C1PIR         equ	15737	;# 
  3546   003D7A                     I2C1PIE         equ	15738	;# 
  3547   003D7B                     I2C1CLK         equ	15739	;# 
  3548   003D7C                     I2C1BTO         equ	15740	;# 
  3549   003DD0                     U2RXB           equ	15824	;# 
  3550   003DD0                     U2RXBL          equ	15824	;# 
  3551   003DD2                     U2TXB           equ	15826	;# 
  3552   003DD2                     U2TXBL          equ	15826	;# 
  3553   003DD4                     U2P1            equ	15828	;# 
  3554   003DD4                     U2P1L           equ	15828	;# 
  3555   003DD6                     U2P2            equ	15830	;# 
  3556   003DD6                     U2P2L           equ	15830	;# 
  3557   003DD8                     U2P3            equ	15832	;# 
  3558   003DD8                     U2P3L           equ	15832	;# 
  3559   003DDA                     U2CON0          equ	15834	;# 
  3560   003DDB                     U2CON1          equ	15835	;# 
  3561   003DDC                     U2CON2          equ	15836	;# 
  3562   003DDD                     U2BRG           equ	15837	;# 
  3563   003DDD                     U2BRGL          equ	15837	;# 
  3564   003DDE                     U2BRGH          equ	15838	;# 
  3565   003DDF                     U2FIFO          equ	15839	;# 
  3566   003DE0                     U2UIR           equ	15840	;# 
  3567   003DE1                     U2ERRIR         equ	15841	;# 
  3568   003DE2                     U2ERRIE         equ	15842	;# 
  3569   003DE8                     U1RXB           equ	15848	;# 
  3570   003DE8                     U1RXBL          equ	15848	;# 
  3571   003DE9                     U1RXCHK         equ	15849	;# 
  3572   003DEA                     U1TXB           equ	15850	;# 
  3573   003DEA                     U1TXBL          equ	15850	;# 
  3574   003DEB                     U1TXCHK         equ	15851	;# 
  3575   003DEC                     U1P1            equ	15852	;# 
  3576   003DEC                     U1P1L           equ	15852	;# 
  3577   003DED                     U1P1H           equ	15853	;# 
  3578   003DEE                     U1P2            equ	15854	;# 
  3579   003DEE                     U1P2L           equ	15854	;# 
  3580   003DEF                     U1P2H           equ	15855	;# 
  3581   003DF0                     U1P3            equ	15856	;# 
  3582   003DF0                     U1P3L           equ	15856	;# 
  3583   003DF1                     U1P3H           equ	15857	;# 
  3584   003DF2                     U1CON0          equ	15858	;# 
  3585   003DF3                     U1CON1          equ	15859	;# 
  3586   003DF4                     U1CON2          equ	15860	;# 
  3587   003DF5                     U1BRG           equ	15861	;# 
  3588   003DF5                     U1BRGL          equ	15861	;# 
  3589   003DF6                     U1BRGH          equ	15862	;# 
  3590   003DF7                     U1FIFO          equ	15863	;# 
  3591   003DF8                     U1UIR           equ	15864	;# 
  3592   003DF9                     U1ERRIR         equ	15865	;# 
  3593   003DFA                     U1ERRIE         equ	15866	;# 
  3594   003E9C                     DAC1CON1        equ	16028	;# 
  3595   003E9E                     DAC1CON0        equ	16030	;# 
  3596   003EB8                     CM2CON0         equ	16056	;# 
  3597   003EB9                     CM2CON1         equ	16057	;# 
  3598   003EBA                     CM2NCH          equ	16058	;# 
  3599   003EBB                     CM2PCH          equ	16059	;# 
  3600   003EBC                     CM1CON0         equ	16060	;# 
  3601   003EBD                     CM1CON1         equ	16061	;# 
  3602   003EBE                     CM1NCH          equ	16062	;# 
  3603   003EBF                     CM1PCH          equ	16063	;# 
  3604   003EC0                     CMOUT           equ	16064	;# 
  3605   003EC1                     FVRCON          equ	16065	;# 
  3606   003EC3                     ZCDCON          equ	16067	;# 
  3607   003EC9                     HLVDCON0        equ	16073	;# 
  3608   003ECA                     HLVDCON1        equ	16074	;# 
  3609   003ED7                     ADCP            equ	16087	;# 
  3610   003EDE                     ADLTH           equ	16094	;# 
  3611   003EDE                     ADLTHL          equ	16094	;# 
  3612   003EDF                     ADLTHH          equ	16095	;# 
  3613   003EE0                     ADUTH           equ	16096	;# 
  3614   003EE0                     ADUTHL          equ	16096	;# 
  3615   003EE1                     ADUTHH          equ	16097	;# 
  3616   003EE2                     ADERR           equ	16098	;# 
  3617   003EE2                     ADERRL          equ	16098	;# 
  3618   003EE3                     ADERRH          equ	16099	;# 
  3619   003EE4                     ADSTPT          equ	16100	;# 
  3620   003EE4                     ADSTPTL         equ	16100	;# 
  3621   003EE5                     ADSTPTH         equ	16101	;# 
  3622   003EE6                     ADFLTR          equ	16102	;# 
  3623   003EE6                     ADFLTRL         equ	16102	;# 
  3624   003EE7                     ADFLTRH         equ	16103	;# 
  3625   003EE8                     ADACC           equ	16104	;# 
  3626   003EE8                     ADACCL          equ	16104	;# 
  3627   003EE9                     ADACCH          equ	16105	;# 
  3628   003EEA                     ADACCU          equ	16106	;# 
  3629   003EEB                     ADCNT           equ	16107	;# 
  3630   003EEC                     ADRPT           equ	16108	;# 
  3631   003EED                     ADPREV          equ	16109	;# 
  3632   003EED                     ADPREVL         equ	16109	;# 
  3633   003EEE                     ADPREVH         equ	16110	;# 
  3634   003EEF                     ADRES           equ	16111	;# 
  3635   003EEF                     ADRESL          equ	16111	;# 
  3636   003EF0                     ADRESH          equ	16112	;# 
  3637   003EF1                     ADPCH           equ	16113	;# 
  3638   003EF3                     ADACQ           equ	16115	;# 
  3639   003EF3                     ADACQL          equ	16115	;# 
  3640   003EF4                     ADACQH          equ	16116	;# 
  3641   003EF5                     ADCAP           equ	16117	;# 
  3642   003EF6                     ADPRE           equ	16118	;# 
  3643   003EF6                     ADPREL          equ	16118	;# 
  3644   003EF7                     ADPREH          equ	16119	;# 
  3645   003EF8                     ADCON0          equ	16120	;# 
  3646   003EF9                     ADCON1          equ	16121	;# 
  3647   003EFA                     ADCON2          equ	16122	;# 
  3648   003EFB                     ADCON3          equ	16123	;# 
  3649   003EFC                     ADSTAT          equ	16124	;# 
  3650   003EFD                     ADREF           equ	16125	;# 
  3651   003EFE                     ADACT           equ	16126	;# 
  3652   003EFF                     ADCLK           equ	16127	;# 
  3653   003F12                     SMT1TMR         equ	16146	;# 
  3654   003F12                     SMT1TMRL        equ	16146	;# 
  3655   003F13                     SMT1TMRH        equ	16147	;# 
  3656   003F14                     SMT1TMRU        equ	16148	;# 
  3657   003F15                     SMT1CPR         equ	16149	;# 
  3658   003F15                     SMT1CPRL        equ	16149	;# 
  3659   003F16                     SMT1CPRH        equ	16150	;# 
  3660   003F17                     SMT1CPRU        equ	16151	;# 
  3661   003F18                     SMT1CPW         equ	16152	;# 
  3662   003F18                     SMT1CPWL        equ	16152	;# 
  3663   003F19                     SMT1CPWH        equ	16153	;# 
  3664   003F1A                     SMT1CPWU        equ	16154	;# 
  3665   003F1B                     SMT1PR          equ	16155	;# 
  3666   003F1B                     SMT1PRL         equ	16155	;# 
  3667   003F1C                     SMT1PRH         equ	16156	;# 
  3668   003F1D                     SMT1PRU         equ	16157	;# 
  3669   003F1E                     SMT1CON0        equ	16158	;# 
  3670   003F1F                     SMT1CON1        equ	16159	;# 
  3671   003F20                     SMT1STAT        equ	16160	;# 
  3672   003F21                     SMT1CLK         equ	16161	;# 
  3673   003F22                     SMT1SIG         equ	16162	;# 
  3674   003F23                     SMT1WIN         equ	16163	;# 
  3675   003F38                     NCO1ACC         equ	16184	;# 
  3676   003F38                     NCO1ACCL        equ	16184	;# 
  3677   003F39                     NCO1ACCH        equ	16185	;# 
  3678   003F3A                     NCO1ACCU        equ	16186	;# 
  3679   003F3B                     NCO1INC         equ	16187	;# 
  3680   003F3B                     NCO1INCL        equ	16187	;# 
  3681   003F3C                     NCO1INCH        equ	16188	;# 
  3682   003F3D                     NCO1INCU        equ	16189	;# 
  3683   003F3E                     NCO1CON         equ	16190	;# 
  3684   003F3F                     NCO1CLK         equ	16191	;# 
  3685   003F40                     CWG3CLK         equ	16192	;# 
  3686   003F40                     CWG3CLKCON      equ	16192	;# 
  3687   003F41                     CWG3ISM         equ	16193	;# 
  3688   003F41                     CWG3DAT         equ	16193	;# 
  3689   003F42                     CWG3DBR         equ	16194	;# 
  3690   003F43                     CWG3DBF         equ	16195	;# 
  3691   003F44                     CWG3CON0        equ	16196	;# 
  3692   003F45                     CWG3CON1        equ	16197	;# 
  3693   003F46                     CWG3AS0         equ	16198	;# 
  3694   003F47                     CWG3AS1         equ	16199	;# 
  3695   003F48                     CWG3STR         equ	16200	;# 
  3696   003F49                     CWG2CLK         equ	16201	;# 
  3697   003F49                     CWG2CLKCON      equ	16201	;# 
  3698   003F4A                     CWG2ISM         equ	16202	;# 
  3699   003F4A                     CWG2DAT         equ	16202	;# 
  3700   003F4B                     CWG2DBR         equ	16203	;# 
  3701   003F4C                     CWG2DBF         equ	16204	;# 
  3702   003F4D                     CWG2CON0        equ	16205	;# 
  3703   003F4E                     CWG2CON1        equ	16206	;# 
  3704   003F4F                     CWG2AS0         equ	16207	;# 
  3705   003F50                     CWG2AS1         equ	16208	;# 
  3706   003F51                     CWG2STR         equ	16209	;# 
  3707   003F52                     CWG1CLK         equ	16210	;# 
  3708   003F52                     CWG1CLKCON      equ	16210	;# 
  3709   003F53                     CWG1ISM         equ	16211	;# 
  3710   003F53                     CWG1DAT         equ	16211	;# 
  3711   003F54                     CWG1DBR         equ	16212	;# 
  3712   003F55                     CWG1DBF         equ	16213	;# 
  3713   003F56                     CWG1CON0        equ	16214	;# 
  3714   003F57                     CWG1CON1        equ	16215	;# 
  3715   003F58                     CWG1AS0         equ	16216	;# 
  3716   003F59                     CWG1AS1         equ	16217	;# 
  3717   003F5A                     CWG1STR         equ	16218	;# 
  3718   003F5E                     CCPTMRS0        equ	16222	;# 
  3719   003F5F                     CCPTMRS1        equ	16223	;# 
  3720   003F60                     PWM8DC          equ	16224	;# 
  3721   003F60                     PWM8DCL         equ	16224	;# 
  3722   003F61                     PWM8DCH         equ	16225	;# 
  3723   003F62                     PWM8CON         equ	16226	;# 
  3724   003F64                     PWM7DC          equ	16228	;# 
  3725   003F64                     PWM7DCL         equ	16228	;# 
  3726   003F65                     PWM7DCH         equ	16229	;# 
  3727   003F66                     PWM7CON         equ	16230	;# 
  3728   003F68                     PWM6DC          equ	16232	;# 
  3729   003F68                     PWM6DCL         equ	16232	;# 
  3730   003F69                     PWM6DCH         equ	16233	;# 
  3731   003F6A                     PWM6CON         equ	16234	;# 
  3732   003F6C                     PWM5DC          equ	16236	;# 
  3733   003F6C                     PWM5DCL         equ	16236	;# 
  3734   003F6D                     PWM5DCH         equ	16237	;# 
  3735   003F6E                     PWM5CON         equ	16238	;# 
  3736   003F70                     CCPR4           equ	16240	;# 
  3737   003F70                     CCPR4L          equ	16240	;# 
  3738   003F71                     CCPR4H          equ	16241	;# 
  3739   003F72                     CCP4CON         equ	16242	;# 
  3740   003F73                     CCP4CAP         equ	16243	;# 
  3741   003F74                     CCPR3           equ	16244	;# 
  3742   003F74                     CCPR3L          equ	16244	;# 
  3743   003F75                     CCPR3H          equ	16245	;# 
  3744   003F76                     CCP3CON         equ	16246	;# 
  3745   003F77                     CCP3CAP         equ	16247	;# 
  3746   003F78                     CCPR2           equ	16248	;# 
  3747   003F78                     CCPR2L          equ	16248	;# 
  3748   003F79                     CCPR2H          equ	16249	;# 
  3749   003F7A                     CCP2CON         equ	16250	;# 
  3750   003F7B                     CCP2CAP         equ	16251	;# 
  3751   003F7C                     CCPR1           equ	16252	;# 
  3752   003F7C                     CCPR1L          equ	16252	;# 
  3753   003F7D                     CCPR1H          equ	16253	;# 
  3754   003F7E                     CCP1CON         equ	16254	;# 
  3755   003F7F                     CCP1CAP         equ	16255	;# 
  3756   003F92                     T6TMR           equ	16274	;# 
  3757   003F92                     TMR6            equ	16274	;# 
  3758   003F93                     T6PR            equ	16275	;# 
  3759   003F93                     PR6             equ	16275	;# 
  3760   003F94                     T6CON           equ	16276	;# 
  3761   003F95                     T6HLT           equ	16277	;# 
  3762   003F96                     T6CLKCON        equ	16278	;# 
  3763   003F96                     T6CLK           equ	16278	;# 
  3764   003F97                     T6RST           equ	16279	;# 
  3765   003F98                     TMR5            equ	16280	;# 
  3766   003F98                     TMR5L           equ	16280	;# 
  3767   003F99                     TMR5H           equ	16281	;# 
  3768   003F9A                     T5CON           equ	16282	;# 
  3769   003F9A                     TMR5CON         equ	16282	;# 
  3770   003F9B                     T5GCON          equ	16283	;# 
  3771   003F9B                     TMR5GCON        equ	16283	;# 
  3772   003F9C                     T5GATE          equ	16284	;# 
  3773   003F9C                     TMR5GATE        equ	16284	;# 
  3774   003F9D                     T5CLK           equ	16285	;# 
  3775   003F9D                     TMR5CLK         equ	16285	;# 
  3776   003F9D                     PR5             equ	16285	;# 
  3777   003F9E                     T4TMR           equ	16286	;# 
  3778   003F9E                     TMR4            equ	16286	;# 
  3779   003F9F                     T4PR            equ	16287	;# 
  3780   003F9F                     PR4             equ	16287	;# 
  3781   003FA0                     T4CON           equ	16288	;# 
  3782   003FA1                     T4HLT           equ	16289	;# 
  3783   003FA2                     T4CLKCON        equ	16290	;# 
  3784   003FA2                     T4CLK           equ	16290	;# 
  3785   003FA3                     T4RST           equ	16291	;# 
  3786   003FA4                     TMR3            equ	16292	;# 
  3787   003FA4                     TMR3L           equ	16292	;# 
  3788   003FA5                     TMR3H           equ	16293	;# 
  3789   003FA6                     T3CON           equ	16294	;# 
  3790   003FA6                     TMR3CON         equ	16294	;# 
  3791   003FA7                     T3GCON          equ	16295	;# 
  3792   003FA7                     TMR3GCON        equ	16295	;# 
  3793   003FA8                     T3GATE          equ	16296	;# 
  3794   003FA8                     TMR3GATE        equ	16296	;# 
  3795   003FA9                     T3CLK           equ	16297	;# 
  3796   003FA9                     TMR3CLK         equ	16297	;# 
  3797   003FA9                     PR3             equ	16297	;# 
  3798   003FAA                     T2TMR           equ	16298	;# 
  3799   003FAA                     TMR2            equ	16298	;# 
  3800   003FAB                     T2PR            equ	16299	;# 
  3801   003FAB                     PR2             equ	16299	;# 
  3802   003FAC                     T2CON           equ	16300	;# 
  3803   003FAD                     T2HLT           equ	16301	;# 
  3804   003FAE                     T2CLKCON        equ	16302	;# 
  3805   003FAE                     T2CLK           equ	16302	;# 
  3806   003FAF                     T2RST           equ	16303	;# 
  3807   003FB0                     TMR1            equ	16304	;# 
  3808   003FB0                     TMR1L           equ	16304	;# 
  3809   003FB1                     TMR1H           equ	16305	;# 
  3810   003FB2                     T1CON           equ	16306	;# 
  3811   003FB2                     TMR1CON         equ	16306	;# 
  3812   003FB3                     T1GCON          equ	16307	;# 
  3813   003FB3                     TMR1GCON        equ	16307	;# 
  3814   003FB4                     T1GATE          equ	16308	;# 
  3815   003FB4                     TMR1GATE        equ	16308	;# 
  3816   003FB5                     T1CLK           equ	16309	;# 
  3817   003FB5                     TMR1CLK         equ	16309	;# 
  3818   003FB5                     PR1             equ	16309	;# 
  3819   003FB6                     TMR0L           equ	16310	;# 
  3820   003FB6                     TMR0            equ	16310	;# 
  3821   003FB7                     TMR0H           equ	16311	;# 
  3822   003FB7                     PR0             equ	16311	;# 
  3823   003FB8                     T0CON0          equ	16312	;# 
  3824   003FB9                     T0CON1          equ	16313	;# 
  3825   003FBA                     LATA            equ	16314	;# 
  3826   003FBB                     LATB            equ	16315	;# 
  3827   003FBC                     LATC            equ	16316	;# 
  3828   003FBD                     LATD            equ	16317	;# 
  3829   003FBE                     LATE            equ	16318	;# 
  3830   003FC2                     TRISA           equ	16322	;# 
  3831   003FC3                     TRISB           equ	16323	;# 
  3832   003FC4                     TRISC           equ	16324	;# 
  3833   003FC5                     TRISD           equ	16325	;# 
  3834   003FC6                     TRISE           equ	16326	;# 
  3835   003FCA                     PORTA           equ	16330	;# 
  3836   003FCB                     PORTB           equ	16331	;# 
  3837   003FCC                     PORTC           equ	16332	;# 
  3838   003FCD                     PORTD           equ	16333	;# 
  3839   003FCE                     PORTE           equ	16334	;# 
  3840   003FD2                     INTCON0         equ	16338	;# 
  3841   003FD3                     INTCON1         equ	16339	;# 
  3842   003FD4                     IVTLOCK         equ	16340	;# 
  3843   003FD5                     IVTBASE         equ	16341	;# 
  3844   003FD5                     IVTBASEL        equ	16341	;# 
  3845   003FD6                     IVTBASEH        equ	16342	;# 
  3846   003FD7                     IVTBASEU        equ	16343	;# 
  3847   003FD8                     STATUS          equ	16344	;# 
  3848   003FD9                     FSR2            equ	16345	;# 
  3849   003FD9                     FSR2L           equ	16345	;# 
  3850   003FDA                     FSR2H           equ	16346	;# 
  3851   003FDB                     PLUSW2          equ	16347	;# 
  3852   003FDC                     PREINC2         equ	16348	;# 
  3853   003FDD                     POSTDEC2        equ	16349	;# 
  3854   003FDE                     POSTINC2        equ	16350	;# 
  3855   003FDF                     INDF2           equ	16351	;# 
  3856   003FE0                     BSR             equ	16352	;# 
  3857   003FE1                     FSR1            equ	16353	;# 
  3858   003FE1                     FSR1L           equ	16353	;# 
  3859   003FE2                     FSR1H           equ	16354	;# 
  3860   003FE3                     PLUSW1          equ	16355	;# 
  3861   003FE4                     PREINC1         equ	16356	;# 
  3862   003FE5                     POSTDEC1        equ	16357	;# 
  3863   003FE6                     POSTINC1        equ	16358	;# 
  3864   003FE7                     INDF1           equ	16359	;# 
  3865   003FE8                     WREG            equ	16360	;# 
  3866   003FE9                     FSR0            equ	16361	;# 
  3867   003FE9                     FSR0L           equ	16361	;# 
  3868   003FEA                     FSR0H           equ	16362	;# 
  3869   003FEB                     PLUSW0          equ	16363	;# 
  3870   003FEC                     PREINC0         equ	16364	;# 
  3871   003FED                     POSTDEC0        equ	16365	;# 
  3872   003FEE                     POSTINC0        equ	16366	;# 
  3873   003FEF                     INDF0           equ	16367	;# 
  3874   003FF0                     PCON0           equ	16368	;# 
  3875   003FF1                     PCON1           equ	16369	;# 
  3876   003FF3                     PROD            equ	16371	;# 
  3877   003FF3                     PRODL           equ	16371	;# 
  3878   003FF4                     PRODH           equ	16372	;# 
  3879   003FF5                     TABLAT          equ	16373	;# 
  3880   003FF6                     TBLPTR          equ	16374	;# 
  3881   003FF6                     TBLPTRL         equ	16374	;# 
  3882   003FF7                     TBLPTRH         equ	16375	;# 
  3883   003FF8                     TBLPTRU         equ	16376	;# 
  3884   003FF9                     PCLAT           equ	16377	;# 
  3885   003FF9                     PCL             equ	16377	;# 
  3886   003FFA                     PCLATH          equ	16378	;# 
  3887   003FFB                     PCLATU          equ	16379	;# 
  3888   003FFC                     STKPTR          equ	16380	;# 
  3889   003FFD                     TOS             equ	16381	;# 
  3890   003FFD                     TOSL            equ	16381	;# 
  3891   003FFE                     TOSH            equ	16382	;# 
  3892   003FFF                     TOSU            equ	16383	;# 
  3893   003880                     STATUS_CSHAD    equ	14464	;# 
  3894   003881                     WREG_CSHAD      equ	14465	;# 
  3895   003882                     BSR_CSHAD       equ	14466	;# 
  3896   003883                     SHADCON         equ	14467	;# 
  3897   003884                     STATUS_SHAD     equ	14468	;# 
  3898   003885                     WREG_SHAD       equ	14469	;# 
  3899   003886                     BSR_SHAD        equ	14470	;# 
  3900   003887                     PCLATH_SHAD     equ	14471	;# 
  3901   003888                     PCLATU_SHAD     equ	14472	;# 
  3902   003889                     FSR0SH          equ	14473	;# 
  3903   003889                     FSR0L_SHAD      equ	14473	;# 
  3904   00388A                     FSR0H_SHAD      equ	14474	;# 
  3905   00388B                     FSR1SH          equ	14475	;# 
  3906   00388B                     FSR1L_SHAD      equ	14475	;# 
  3907   00388C                     FSR1H_SHAD      equ	14476	;# 
  3908   00388D                     FSR2SH          equ	14477	;# 
  3909   00388D                     FSR2L_SHAD      equ	14477	;# 
  3910   00388E                     FSR2H_SHAD      equ	14478	;# 
  3911   00388F                     PRODSH          equ	14479	;# 
  3912   00388F                     PRODL_SHAD      equ	14479	;# 
  3913   003890                     PRODH_SHAD      equ	14480	;# 
  3914   00389D                     IVTADL          equ	14493	;# 
  3915   00389E                     IVTADH          equ	14494	;# 
  3916   00389F                     IVTADU          equ	14495	;# 
  3917   00395B                     WDTCON0         equ	14683	;# 
  3918   00395C                     WDTCON1         equ	14684	;# 
  3919   00395D                     WDTPSL          equ	14685	;# 
  3920   00395E                     WDTPSH          equ	14686	;# 
  3921   00395F                     WDTTMR          equ	14687	;# 
  3922   003960                     CRCDATA         equ	14688	;# 
  3923   003960                     CRCDATL         equ	14688	;# 
  3924   003961                     CRCDATH         equ	14689	;# 
  3925   003962                     CRCACC          equ	14690	;# 
  3926   003962                     CRCACCL         equ	14690	;# 
  3927   003963                     CRCACCH         equ	14691	;# 
  3928   003964                     CRCSHFT         equ	14692	;# 
  3929   003964                     CRCSHIFTL       equ	14692	;# 
  3930   003965                     CRCSHIFTH       equ	14693	;# 
  3931   003966                     CRCXOR          equ	14694	;# 
  3932   003966                     CRCXORL         equ	14694	;# 
  3933   003967                     CRCXORH         equ	14695	;# 
  3934   003968                     CRCCON0         equ	14696	;# 
  3935   003969                     CRCCON1         equ	14697	;# 
  3936   003976                     SCANLADR        equ	14710	;# 
  3937   003976                     SCANLADRL       equ	14710	;# 
  3938   003977                     SCANLADRH       equ	14711	;# 
  3939   003978                     SCANLADRU       equ	14712	;# 
  3940   003979                     SCANHADR        equ	14713	;# 
  3941   003979                     SCANHADRL       equ	14713	;# 
  3942   00397A                     SCANHADRH       equ	14714	;# 
  3943   00397B                     SCANHADRU       equ	14715	;# 
  3944   00397C                     SCANCON0        equ	14716	;# 
  3945   00397D                     SCANTRIG        equ	14717	;# 
  3946   003980                     IPR0            equ	14720	;# 
  3947   003981                     IPR1            equ	14721	;# 
  3948   003982                     IPR2            equ	14722	;# 
  3949   003983                     IPR3            equ	14723	;# 
  3950   003984                     IPR4            equ	14724	;# 
  3951   003985                     IPR5            equ	14725	;# 
  3952   003986                     IPR6            equ	14726	;# 
  3953   003987                     IPR7            equ	14727	;# 
  3954   003988                     IPR8            equ	14728	;# 
  3955   003989                     IPR9            equ	14729	;# 
  3956   00398A                     IPR10           equ	14730	;# 
  3957   003990                     PIE0            equ	14736	;# 
  3958   003991                     PIE1            equ	14737	;# 
  3959   003992                     PIE2            equ	14738	;# 
  3960   003993                     PIE3            equ	14739	;# 
  3961   003994                     PIE4            equ	14740	;# 
  3962   003995                     PIE5            equ	14741	;# 
  3963   003996                     PIE6            equ	14742	;# 
  3964   003997                     PIE7            equ	14743	;# 
  3965   003998                     PIE8            equ	14744	;# 
  3966   003999                     PIE9            equ	14745	;# 
  3967   00399A                     PIE10           equ	14746	;# 
  3968   0039A0                     PIR0            equ	14752	;# 
  3969   0039A1                     PIR1            equ	14753	;# 
  3970   0039A2                     PIR2            equ	14754	;# 
  3971   0039A3                     PIR3            equ	14755	;# 
  3972   0039A4                     PIR4            equ	14756	;# 
  3973   0039A5                     PIR5            equ	14757	;# 
  3974   0039A6                     PIR6            equ	14758	;# 
  3975   0039A7                     PIR7            equ	14759	;# 
  3976   0039A8                     PIR8            equ	14760	;# 
  3977   0039A9                     PIR9            equ	14761	;# 
  3978   0039AA                     PIR10           equ	14762	;# 
  3979   0039C0                     PMD0            equ	14784	;# 
  3980   0039C1                     PMD1            equ	14785	;# 
  3981   0039C2                     PMD2            equ	14786	;# 
  3982   0039C3                     PMD3            equ	14787	;# 
  3983   0039C4                     PMD4            equ	14788	;# 
  3984   0039C5                     PMD5            equ	14789	;# 
  3985   0039C6                     PMD6            equ	14790	;# 
  3986   0039C7                     PMD7            equ	14791	;# 
  3987   0039D0                     BORCON          equ	14800	;# 
  3988   0039D1                     VREGCON         equ	14801	;# 
  3989   0039D8                     CPUDOZE         equ	14808	;# 
  3990   0039D9                     OSCCON1         equ	14809	;# 
  3991   0039DA                     OSCCON2         equ	14810	;# 
  3992   0039DB                     OSCCON3         equ	14811	;# 
  3993   0039DC                     OSCSTAT         equ	14812	;# 
  3994   0039DC                     OSCSTAT1        equ	14812	;# 
  3995   0039DD                     OSCEN           equ	14813	;# 
  3996   0039DE                     OSCTUNE         equ	14814	;# 
  3997   0039DF                     OSCFRQ          equ	14815	;# 
  3998   0039E0                     NVMADRL         equ	14816	;# 
  3999   0039E1                     NVMADRH         equ	14817	;# 
  4000   0039E3                     NVMDAT          equ	14819	;# 
  4001   0039E5                     NVMCON1         equ	14821	;# 
  4002   0039E6                     NVMCON2         equ	14822	;# 
  4003   0039EF                     PRLOCK          equ	14831	;# 
  4004   0039F1                     ISRPR           equ	14833	;# 
  4005   0039F2                     MAINPR          equ	14834	;# 
  4006   0039F3                     DMA1PR          equ	14835	;# 
  4007   0039F4                     DMA2PR          equ	14836	;# 
  4008   0039F7                     SCANPR          equ	14839	;# 
  4009   003A00                     RA0PPS          equ	14848	;# 
  4010   003A01                     RA1PPS          equ	14849	;# 
  4011   003A02                     RA2PPS          equ	14850	;# 
  4012   003A03                     RA3PPS          equ	14851	;# 
  4013   003A04                     RA4PPS          equ	14852	;# 
  4014   003A05                     RA5PPS          equ	14853	;# 
  4015   003A06                     RA6PPS          equ	14854	;# 
  4016   003A07                     RA7PPS          equ	14855	;# 
  4017   003A08                     RB0PPS          equ	14856	;# 
  4018   003A09                     RB1PPS          equ	14857	;# 
  4019   003A0A                     RB2PPS          equ	14858	;# 
  4020   003A0B                     RB3PPS          equ	14859	;# 
  4021   003A0C                     RB4PPS          equ	14860	;# 
  4022   003A0D                     RB5PPS          equ	14861	;# 
  4023   003A0E                     RB6PPS          equ	14862	;# 
  4024   003A0F                     RB7PPS          equ	14863	;# 
  4025   003A10                     RC0PPS          equ	14864	;# 
  4026   003A11                     RC1PPS          equ	14865	;# 
  4027   003A12                     RC2PPS          equ	14866	;# 
  4028   003A13                     RC3PPS          equ	14867	;# 
  4029   003A14                     RC4PPS          equ	14868	;# 
  4030   003A15                     RC5PPS          equ	14869	;# 
  4031   003A16                     RC6PPS          equ	14870	;# 
  4032   003A17                     RC7PPS          equ	14871	;# 
  4033   003A18                     RD0PPS          equ	14872	;# 
  4034   003A19                     RD1PPS          equ	14873	;# 
  4035   003A1A                     RD2PPS          equ	14874	;# 
  4036   003A1B                     RD3PPS          equ	14875	;# 
  4037   003A1C                     RD4PPS          equ	14876	;# 
  4038   003A1D                     RD5PPS          equ	14877	;# 
  4039   003A1E                     RD6PPS          equ	14878	;# 
  4040   003A1F                     RD7PPS          equ	14879	;# 
  4041   003A20                     RE0PPS          equ	14880	;# 
  4042   003A21                     RE1PPS          equ	14881	;# 
  4043   003A22                     RE2PPS          equ	14882	;# 
  4044   003A40                     ANSELA          equ	14912	;# 
  4045   003A41                     WPUA            equ	14913	;# 
  4046   003A42                     ODCONA          equ	14914	;# 
  4047   003A43                     SLRCONA         equ	14915	;# 
  4048   003A44                     INLVLA          equ	14916	;# 
  4049   003A45                     IOCAP           equ	14917	;# 
  4050   003A46                     IOCAN           equ	14918	;# 
  4051   003A47                     IOCAF           equ	14919	;# 
  4052   003A48                     CCDPA           equ	14920	;# 
  4053   003A49                     CCDNA           equ	14921	;# 
  4054   003A50                     ANSELB          equ	14928	;# 
  4055   003A51                     WPUB            equ	14929	;# 
  4056   003A52                     ODCONB          equ	14930	;# 
  4057   003A53                     SLRCONB         equ	14931	;# 
  4058   003A54                     INLVLB          equ	14932	;# 
  4059   003A55                     IOCBP           equ	14933	;# 
  4060   003A56                     IOCBN           equ	14934	;# 
  4061   003A57                     IOCBF           equ	14935	;# 
  4062   003A58                     CCDPB           equ	14936	;# 
  4063   003A59                     CCDNB           equ	14937	;# 
  4064   003A5A                     RB1I2C          equ	14938	;# 
  4065   003A5B                     RB2I2C          equ	14939	;# 
  4066   003A60                     ANSELC          equ	14944	;# 
  4067   003A61                     WPUC            equ	14945	;# 
  4068   003A62                     ODCONC          equ	14946	;# 
  4069   003A63                     SLRCONC         equ	14947	;# 
  4070   003A64                     INLVLC          equ	14948	;# 
  4071   003A65                     IOCCP           equ	14949	;# 
  4072   003A66                     IOCCN           equ	14950	;# 
  4073   003A67                     IOCCF           equ	14951	;# 
  4074   003A68                     CCDPC           equ	14952	;# 
  4075   003A69                     CCDNC           equ	14953	;# 
  4076   003A6A                     RC3I2C          equ	14954	;# 
  4077   003A6B                     RC4I2C          equ	14955	;# 
  4078   003A70                     ANSELD          equ	14960	;# 
  4079   003A71                     WPUD            equ	14961	;# 
  4080   003A72                     ODCOND          equ	14962	;# 
  4081   003A73                     SLRCOND         equ	14963	;# 
  4082   003A74                     INLVLD          equ	14964	;# 
  4083   003A78                     CCDPD           equ	14968	;# 
  4084   003A79                     CCDND           equ	14969	;# 
  4085   003A7A                     RD0I2C          equ	14970	;# 
  4086   003A7B                     RD1I2C          equ	14971	;# 
  4087   003A80                     ANSELE          equ	14976	;# 
  4088   003A81                     WPUE            equ	14977	;# 
  4089   003A82                     ODCONE          equ	14978	;# 
  4090   003A83                     SLRCONE         equ	14979	;# 
  4091   003A84                     INLVLE          equ	14980	;# 
  4092   003A85                     IOCEP           equ	14981	;# 
  4093   003A86                     IOCEN           equ	14982	;# 
  4094   003A87                     IOCEF           equ	14983	;# 
  4095   003A88                     CCDPE           equ	14984	;# 
  4096   003A89                     CCDNE           equ	14985	;# 
  4097   003ABE                     CCDCON          equ	15038	;# 
  4098   003ABF                     PPSLOCK         equ	15039	;# 
  4099   003AC0                     INT0PPS         equ	15040	;# 
  4100   003AC1                     INT1PPS         equ	15041	;# 
  4101   003AC2                     INT2PPS         equ	15042	;# 
  4102   003AC3                     T0CKIPPS        equ	15043	;# 
  4103   003AC4                     T1CKIPPS        equ	15044	;# 
  4104   003AC5                     T1GPPS          equ	15045	;# 
  4105   003AC6                     T3CKIPPS        equ	15046	;# 
  4106   003AC7                     T3GPPS          equ	15047	;# 
  4107   003AC8                     T5CKIPPS        equ	15048	;# 
  4108   003AC9                     T5GPPS          equ	15049	;# 
  4109   003ACA                     T2INPPS         equ	15050	;# 
  4110   003ACB                     T4INPPS         equ	15051	;# 
  4111   003ACC                     T6INPPS         equ	15052	;# 
  4112   003ACD                     CCP1PPS         equ	15053	;# 
  4113   003ACE                     CCP2PPS         equ	15054	;# 
  4114   003ACF                     CCP3PPS         equ	15055	;# 
  4115   003AD0                     CCP4PPS         equ	15056	;# 
  4116   003AD1                     SMT1WINPPS      equ	15057	;# 
  4117   003AD2                     SMT1SIGPPS      equ	15058	;# 
  4118   003AD3                     CWG1INPPS       equ	15059	;# 
  4119   003AD4                     CWG2INPPS       equ	15060	;# 
  4120   003AD5                     CWG3INPPS       equ	15061	;# 
  4121   003AD6                     MD1CARLPPS      equ	15062	;# 
  4122   003AD7                     MD1CARHPPS      equ	15063	;# 
  4123   003AD8                     MD1SRCPPS       equ	15064	;# 
  4124   003AD9                     CLCIN0PPS       equ	15065	;# 
  4125   003ADA                     CLCIN1PPS       equ	15066	;# 
  4126   003ADB                     CLCIN2PPS       equ	15067	;# 
  4127   003ADC                     CLCIN3PPS       equ	15068	;# 
  4128   003ADD                     ADACTPPS        equ	15069	;# 
  4129   003ADE                     SPI1SCKPPS      equ	15070	;# 
  4130   003ADF                     SPI1SDIPPS      equ	15071	;# 
  4131   003AE0                     SPI1SSPPS       equ	15072	;# 
  4132   003AE1                     I2C1SCLPPS      equ	15073	;# 
  4133   003AE2                     I2C1SDAPPS      equ	15074	;# 
  4134   003AE3                     I2C2SCLPPS      equ	15075	;# 
  4135   003AE4                     I2C2SDAPPS      equ	15076	;# 
  4136   003AE5                     U1RXPPS         equ	15077	;# 
  4137   003AE6                     U1CTSPPS        equ	15078	;# 
  4138   003AE8                     U2RXPPS         equ	15080	;# 
  4139   003AE9                     U2CTSPPS        equ	15081	;# 
  4140   003BC9                     DMA2BUF         equ	15305	;# 
  4141   003BCA                     DMA2DCNT        equ	15306	;# 
  4142   003BCA                     DMA2DCNTL       equ	15306	;# 
  4143   003BCB                     DMA2DCNTH       equ	15307	;# 
  4144   003BCC                     DMA2DPTR        equ	15308	;# 
  4145   003BCC                     DMA2DPTRL       equ	15308	;# 
  4146   003BCD                     DMA2DPTRH       equ	15309	;# 
  4147   003BCE                     DMA2DSZ         equ	15310	;# 
  4148   003BCE                     DMA2DSZL        equ	15310	;# 
  4149   003BCF                     DMA2DSZH        equ	15311	;# 
  4150   003BD0                     DMA2DSA         equ	15312	;# 
  4151   003BD0                     DMA2DSAL        equ	15312	;# 
  4152   003BD1                     DMA2DSAH        equ	15313	;# 
  4153   003BD2                     DMA2SCNT        equ	15314	;# 
  4154   003BD2                     DMA2SCNTL       equ	15314	;# 
  4155   003BD3                     DMA2SCNTH       equ	15315	;# 
  4156   003BD4                     DMA2SPTR        equ	15316	;# 
  4157   003BD4                     DMA2SPTRL       equ	15316	;# 
  4158   003BD5                     DMA2SPTRH       equ	15317	;# 
  4159   003BD6                     DMA2SPTRU       equ	15318	;# 
  4160   003BD7                     DMA2SSZ         equ	15319	;# 
  4161   003BD7                     DMA2SSZL        equ	15319	;# 
  4162   003BD8                     DMA2SSZH        equ	15320	;# 
  4163   003BD9                     DMA2SSA         equ	15321	;# 
  4164   003BD9                     DMA2SSAL        equ	15321	;# 
  4165   003BDA                     DMA2SSAH        equ	15322	;# 
  4166   003BDB                     DMA2SSAU        equ	15323	;# 
  4167   003BDC                     DMA2CON0        equ	15324	;# 
  4168   003BDD                     DMA2CON1        equ	15325	;# 
  4169   003BDE                     DMA2AIRQ        equ	15326	;# 
  4170   003BDF                     DMA2SIRQ        equ	15327	;# 
  4171   003BE9                     DMA1BUF         equ	15337	;# 
  4172   003BEA                     DMA1DCNT        equ	15338	;# 
  4173   003BEA                     DMA1DCNTL       equ	15338	;# 
  4174   003BEB                     DMA1DCNTH       equ	15339	;# 
  4175   003BEC                     DMA1DPTR        equ	15340	;# 
  4176   003BEC                     DMA1DPTRL       equ	15340	;# 
  4177   003BED                     DMA1DPTRH       equ	15341	;# 
  4178   003BEE                     DMA1DSZ         equ	15342	;# 
  4179   003BEE                     DMA1DSZL        equ	15342	;# 
  4180   003BEF                     DMA1DSZH        equ	15343	;# 
  4181   003BF0                     DMA1DSA         equ	15344	;# 
  4182   003BF0                     DMA1DSAL        equ	15344	;# 
  4183   003BF1                     DMA1DSAH        equ	15345	;# 
  4184   003BF2                     DMA1SCNT        equ	15346	;# 
  4185   003BF2                     DMA1SCNTL       equ	15346	;# 
  4186   003BF3                     DMA1SCNTH       equ	15347	;# 
  4187   003BF4                     DMA1SPTR        equ	15348	;# 
  4188   003BF4                     DMA1SPTRL       equ	15348	;# 
  4189   003BF5                     DMA1SPTRH       equ	15349	;# 
  4190   003BF6                     DMA1SPTRU       equ	15350	;# 
  4191   003BF7                     DMA1SSZ         equ	15351	;# 
  4192   003BF7                     DMA1SSZL        equ	15351	;# 
  4193   003BF8                     DMA1SSZH        equ	15352	;# 
  4194   003BF9                     DMA1SSA         equ	15353	;# 
  4195   003BF9                     DMA1SSAL        equ	15353	;# 
  4196   003BFA                     DMA1SSAH        equ	15354	;# 
  4197   003BFB                     DMA1SSAU        equ	15355	;# 
  4198   003BFC                     DMA1CON0        equ	15356	;# 
  4199   003BFD                     DMA1CON1        equ	15357	;# 
  4200   003BFE                     DMA1AIRQ        equ	15358	;# 
  4201   003BFF                     DMA1SIRQ        equ	15359	;# 
  4202   003C56                     CLC4CON         equ	15446	;# 
  4203   003C57                     CLC4POL         equ	15447	;# 
  4204   003C58                     CLC4SEL0        equ	15448	;# 
  4205   003C59                     CLC4SEL1        equ	15449	;# 
  4206   003C5A                     CLC4SEL2        equ	15450	;# 
  4207   003C5B                     CLC4SEL3        equ	15451	;# 
  4208   003C5C                     CLC4GLS0        equ	15452	;# 
  4209   003C5D                     CLC4GLS1        equ	15453	;# 
  4210   003C5E                     CLC4GLS2        equ	15454	;# 
  4211   003C5F                     CLC4GLS3        equ	15455	;# 
  4212   003C60                     CLC3CON         equ	15456	;# 
  4213   003C61                     CLC3POL         equ	15457	;# 
  4214   003C62                     CLC3SEL0        equ	15458	;# 
  4215   003C63                     CLC3SEL1        equ	15459	;# 
  4216   003C64                     CLC3SEL2        equ	15460	;# 
  4217   003C65                     CLC3SEL3        equ	15461	;# 
  4218   003C66                     CLC3GLS0        equ	15462	;# 
  4219   003C67                     CLC3GLS1        equ	15463	;# 
  4220   003C68                     CLC3GLS2        equ	15464	;# 
  4221   003C69                     CLC3GLS3        equ	15465	;# 
  4222   003C6A                     CLC2CON         equ	15466	;# 
  4223   003C6B                     CLC2POL         equ	15467	;# 
  4224   003C6C                     CLC2SEL0        equ	15468	;# 
  4225   003C6D                     CLC2SEL1        equ	15469	;# 
  4226   003C6E                     CLC2SEL2        equ	15470	;# 
  4227   003C6F                     CLC2SEL3        equ	15471	;# 
  4228   003C70                     CLC2GLS0        equ	15472	;# 
  4229   003C71                     CLC2GLS1        equ	15473	;# 
  4230   003C72                     CLC2GLS2        equ	15474	;# 
  4231   003C73                     CLC2GLS3        equ	15475	;# 
  4232   003C74                     CLC1CON         equ	15476	;# 
  4233   003C75                     CLC1POL         equ	15477	;# 
  4234   003C76                     CLC1SEL0        equ	15478	;# 
  4235   003C77                     CLC1SEL1        equ	15479	;# 
  4236   003C78                     CLC1SEL2        equ	15480	;# 
  4237   003C79                     CLC1SEL3        equ	15481	;# 
  4238   003C7A                     CLC1GLS0        equ	15482	;# 
  4239   003C7B                     CLC1GLS1        equ	15483	;# 
  4240   003C7C                     CLC1GLS2        equ	15484	;# 
  4241   003C7D                     CLC1GLS3        equ	15485	;# 
  4242   003C7E                     CLCDATA0        equ	15486	;# 
  4243   003CE5                     CLKRCON         equ	15589	;# 
  4244   003CE6                     CLKRCLK         equ	15590	;# 
  4245   003CFA                     MD1CON0         equ	15610	;# 
  4246   003CFB                     MD1CON1         equ	15611	;# 
  4247   003CFC                     MD1SRC          equ	15612	;# 
  4248   003CFD                     MD1CARL         equ	15613	;# 
  4249   003CFE                     MD1CARH         equ	15614	;# 
  4250   003D10                     SPI1RXB         equ	15632	;# 
  4251   003D11                     SPI1TXB         equ	15633	;# 
  4252   003D12                     SPI1TCNT        equ	15634	;# 
  4253   003D12                     SPI1TCNTL       equ	15634	;# 
  4254   003D13                     SPI1TCNTH       equ	15635	;# 
  4255   003D14                     SPI1CON0        equ	15636	;# 
  4256   003D15                     SPI1CON1        equ	15637	;# 
  4257   003D16                     SPI1CON2        equ	15638	;# 
  4258   003D17                     SPI1STATUS      equ	15639	;# 
  4259   003D18                     SPI1TWIDTH      equ	15640	;# 
  4260   003D19                     SPI1BAUD        equ	15641	;# 
  4261   003D1A                     SPI1INTF        equ	15642	;# 
  4262   003D1B                     SPI1INTE        equ	15643	;# 
  4263   003D1C                     SPI1CLK         equ	15644	;# 
  4264   003D54                     I2C2RXB         equ	15700	;# 
  4265   003D55                     I2C2TXB         equ	15701	;# 
  4266   003D56                     I2C2CNT         equ	15702	;# 
  4267   003D57                     I2C2ADB0        equ	15703	;# 
  4268   003D58                     I2C2ADB1        equ	15704	;# 
  4269   003D59                     I2C2ADR0        equ	15705	;# 
  4270   003D5A                     I2C2ADR1        equ	15706	;# 
  4271   003D5B                     I2C2ADR2        equ	15707	;# 
  4272   003D5C                     I2C2ADR3        equ	15708	;# 
  4273   003D5D                     I2C2CON0        equ	15709	;# 
  4274   003D5E                     I2C2CON1        equ	15710	;# 
  4275   003D5F                     I2C2CON2        equ	15711	;# 
  4276   003D60                     I2C2ERR         equ	15712	;# 
  4277   003D61                     I2C2STAT0       equ	15713	;# 
  4278   003D62                     I2C2STAT1       equ	15714	;# 
  4279   003D63                     I2C2PIR         equ	15715	;# 
  4280   003D64                     I2C2PIE         equ	15716	;# 
  4281   003D65                     I2C2CLK         equ	15717	;# 
  4282   003D66                     I2C2BTO         equ	15718	;# 
  4283   003D6A                     I2C1RXB         equ	15722	;# 
  4284   003D6B                     I2C1TXB         equ	15723	;# 
  4285   003D6C                     I2C1CNT         equ	15724	;# 
  4286   003D6D                     I2C1ADB0        equ	15725	;# 
  4287   003D6E                     I2C1ADB1        equ	15726	;# 
  4288   003D6F                     I2C1ADR0        equ	15727	;# 
  4289   003D70                     I2C1ADR1        equ	15728	;# 
  4290   003D71                     I2C1ADR2        equ	15729	;# 
  4291   003D72                     I2C1ADR3        equ	15730	;# 
  4292   003D73                     I2C1CON0        equ	15731	;# 
  4293   003D74                     I2C1CON1        equ	15732	;# 
  4294   003D75                     I2C1CON2        equ	15733	;# 
  4295   003D76                     I2C1ERR         equ	15734	;# 
  4296   003D77                     I2C1STAT0       equ	15735	;# 
  4297   003D78                     I2C1STAT1       equ	15736	;# 
  4298   003D79                     I2C1PIR         equ	15737	;# 
  4299   003D7A                     I2C1PIE         equ	15738	;# 
  4300   003D7B                     I2C1CLK         equ	15739	;# 
  4301   003D7C                     I2C1BTO         equ	15740	;# 
  4302   003DD0                     U2RXB           equ	15824	;# 
  4303   003DD0                     U2RXBL          equ	15824	;# 
  4304   003DD2                     U2TXB           equ	15826	;# 
  4305   003DD2                     U2TXBL          equ	15826	;# 
  4306   003DD4                     U2P1            equ	15828	;# 
  4307   003DD4                     U2P1L           equ	15828	;# 
  4308   003DD6                     U2P2            equ	15830	;# 
  4309   003DD6                     U2P2L           equ	15830	;# 
  4310   003DD8                     U2P3            equ	15832	;# 
  4311   003DD8                     U2P3L           equ	15832	;# 
  4312   003DDA                     U2CON0          equ	15834	;# 
  4313   003DDB                     U2CON1          equ	15835	;# 
  4314   003DDC                     U2CON2          equ	15836	;# 
  4315   003DDD                     U2BRG           equ	15837	;# 
  4316   003DDD                     U2BRGL          equ	15837	;# 
  4317   003DDE                     U2BRGH          equ	15838	;# 
  4318   003DDF                     U2FIFO          equ	15839	;# 
  4319   003DE0                     U2UIR           equ	15840	;# 
  4320   003DE1                     U2ERRIR         equ	15841	;# 
  4321   003DE2                     U2ERRIE         equ	15842	;# 
  4322   003DE8                     U1RXB           equ	15848	;# 
  4323   003DE8                     U1RXBL          equ	15848	;# 
  4324   003DE9                     U1RXCHK         equ	15849	;# 
  4325   003DEA                     U1TXB           equ	15850	;# 
  4326   003DEA                     U1TXBL          equ	15850	;# 
  4327   003DEB                     U1TXCHK         equ	15851	;# 
  4328   003DEC                     U1P1            equ	15852	;# 
  4329   003DEC                     U1P1L           equ	15852	;# 
  4330   003DED                     U1P1H           equ	15853	;# 
  4331   003DEE                     U1P2            equ	15854	;# 
  4332   003DEE                     U1P2L           equ	15854	;# 
  4333   003DEF                     U1P2H           equ	15855	;# 
  4334   003DF0                     U1P3            equ	15856	;# 
  4335   003DF0                     U1P3L           equ	15856	;# 
  4336   003DF1                     U1P3H           equ	15857	;# 
  4337   003DF2                     U1CON0          equ	15858	;# 
  4338   003DF3                     U1CON1          equ	15859	;# 
  4339   003DF4                     U1CON2          equ	15860	;# 
  4340   003DF5                     U1BRG           equ	15861	;# 
  4341   003DF5                     U1BRGL          equ	15861	;# 
  4342   003DF6                     U1BRGH          equ	15862	;# 
  4343   003DF7                     U1FIFO          equ	15863	;# 
  4344   003DF8                     U1UIR           equ	15864	;# 
  4345   003DF9                     U1ERRIR         equ	15865	;# 
  4346   003DFA                     U1ERRIE         equ	15866	;# 
  4347   003E9C                     DAC1CON1        equ	16028	;# 
  4348   003E9E                     DAC1CON0        equ	16030	;# 
  4349   003EB8                     CM2CON0         equ	16056	;# 
  4350   003EB9                     CM2CON1         equ	16057	;# 
  4351   003EBA                     CM2NCH          equ	16058	;# 
  4352   003EBB                     CM2PCH          equ	16059	;# 
  4353   003EBC                     CM1CON0         equ	16060	;# 
  4354   003EBD                     CM1CON1         equ	16061	;# 
  4355   003EBE                     CM1NCH          equ	16062	;# 
  4356   003EBF                     CM1PCH          equ	16063	;# 
  4357   003EC0                     CMOUT           equ	16064	;# 
  4358   003EC1                     FVRCON          equ	16065	;# 
  4359   003EC3                     ZCDCON          equ	16067	;# 
  4360   003EC9                     HLVDCON0        equ	16073	;# 
  4361   003ECA                     HLVDCON1        equ	16074	;# 
  4362   003ED7                     ADCP            equ	16087	;# 
  4363   003EDE                     ADLTH           equ	16094	;# 
  4364   003EDE                     ADLTHL          equ	16094	;# 
  4365   003EDF                     ADLTHH          equ	16095	;# 
  4366   003EE0                     ADUTH           equ	16096	;# 
  4367   003EE0                     ADUTHL          equ	16096	;# 
  4368   003EE1                     ADUTHH          equ	16097	;# 
  4369   003EE2                     ADERR           equ	16098	;# 
  4370   003EE2                     ADERRL          equ	16098	;# 
  4371   003EE3                     ADERRH          equ	16099	;# 
  4372   003EE4                     ADSTPT          equ	16100	;# 
  4373   003EE4                     ADSTPTL         equ	16100	;# 
  4374   003EE5                     ADSTPTH         equ	16101	;# 
  4375   003EE6                     ADFLTR          equ	16102	;# 
  4376   003EE6                     ADFLTRL         equ	16102	;# 
  4377   003EE7                     ADFLTRH         equ	16103	;# 
  4378   003EE8                     ADACC           equ	16104	;# 
  4379   003EE8                     ADACCL          equ	16104	;# 
  4380   003EE9                     ADACCH          equ	16105	;# 
  4381   003EEA                     ADACCU          equ	16106	;# 
  4382   003EEB                     ADCNT           equ	16107	;# 
  4383   003EEC                     ADRPT           equ	16108	;# 
  4384   003EED                     ADPREV          equ	16109	;# 
  4385   003EED                     ADPREVL         equ	16109	;# 
  4386   003EEE                     ADPREVH         equ	16110	;# 
  4387   003EEF                     ADRES           equ	16111	;# 
  4388   003EEF                     ADRESL          equ	16111	;# 
  4389   003EF0                     ADRESH          equ	16112	;# 
  4390   003EF1                     ADPCH           equ	16113	;# 
  4391   003EF3                     ADACQ           equ	16115	;# 
  4392   003EF3                     ADACQL          equ	16115	;# 
  4393   003EF4                     ADACQH          equ	16116	;# 
  4394   003EF5                     ADCAP           equ	16117	;# 
  4395   003EF6                     ADPRE           equ	16118	;# 
  4396   003EF6                     ADPREL          equ	16118	;# 
  4397   003EF7                     ADPREH          equ	16119	;# 
  4398   003EF8                     ADCON0          equ	16120	;# 
  4399   003EF9                     ADCON1          equ	16121	;# 
  4400   003EFA                     ADCON2          equ	16122	;# 
  4401   003EFB                     ADCON3          equ	16123	;# 
  4402   003EFC                     ADSTAT          equ	16124	;# 
  4403   003EFD                     ADREF           equ	16125	;# 
  4404   003EFE                     ADACT           equ	16126	;# 
  4405   003EFF                     ADCLK           equ	16127	;# 
  4406   003F12                     SMT1TMR         equ	16146	;# 
  4407   003F12                     SMT1TMRL        equ	16146	;# 
  4408   003F13                     SMT1TMRH        equ	16147	;# 
  4409   003F14                     SMT1TMRU        equ	16148	;# 
  4410   003F15                     SMT1CPR         equ	16149	;# 
  4411   003F15                     SMT1CPRL        equ	16149	;# 
  4412   003F16                     SMT1CPRH        equ	16150	;# 
  4413   003F17                     SMT1CPRU        equ	16151	;# 
  4414   003F18                     SMT1CPW         equ	16152	;# 
  4415   003F18                     SMT1CPWL        equ	16152	;# 
  4416   003F19                     SMT1CPWH        equ	16153	;# 
  4417   003F1A                     SMT1CPWU        equ	16154	;# 
  4418   003F1B                     SMT1PR          equ	16155	;# 
  4419   003F1B                     SMT1PRL         equ	16155	;# 
  4420   003F1C                     SMT1PRH         equ	16156	;# 
  4421   003F1D                     SMT1PRU         equ	16157	;# 
  4422   003F1E                     SMT1CON0        equ	16158	;# 
  4423   003F1F                     SMT1CON1        equ	16159	;# 
  4424   003F20                     SMT1STAT        equ	16160	;# 
  4425   003F21                     SMT1CLK         equ	16161	;# 
  4426   003F22                     SMT1SIG         equ	16162	;# 
  4427   003F23                     SMT1WIN         equ	16163	;# 
  4428   003F38                     NCO1ACC         equ	16184	;# 
  4429   003F38                     NCO1ACCL        equ	16184	;# 
  4430   003F39                     NCO1ACCH        equ	16185	;# 
  4431   003F3A                     NCO1ACCU        equ	16186	;# 
  4432   003F3B                     NCO1INC         equ	16187	;# 
  4433   003F3B                     NCO1INCL        equ	16187	;# 
  4434   003F3C                     NCO1INCH        equ	16188	;# 
  4435   003F3D                     NCO1INCU        equ	16189	;# 
  4436   003F3E                     NCO1CON         equ	16190	;# 
  4437   003F3F                     NCO1CLK         equ	16191	;# 
  4438   003F40                     CWG3CLK         equ	16192	;# 
  4439   003F40                     CWG3CLKCON      equ	16192	;# 
  4440   003F41                     CWG3ISM         equ	16193	;# 
  4441   003F41                     CWG3DAT         equ	16193	;# 
  4442   003F42                     CWG3DBR         equ	16194	;# 
  4443   003F43                     CWG3DBF         equ	16195	;# 
  4444   003F44                     CWG3CON0        equ	16196	;# 
  4445   003F45                     CWG3CON1        equ	16197	;# 
  4446   003F46                     CWG3AS0         equ	16198	;# 
  4447   003F47                     CWG3AS1         equ	16199	;# 
  4448   003F48                     CWG3STR         equ	16200	;# 
  4449   003F49                     CWG2CLK         equ	16201	;# 
  4450   003F49                     CWG2CLKCON      equ	16201	;# 
  4451   003F4A                     CWG2ISM         equ	16202	;# 
  4452   003F4A                     CWG2DAT         equ	16202	;# 
  4453   003F4B                     CWG2DBR         equ	16203	;# 
  4454   003F4C                     CWG2DBF         equ	16204	;# 
  4455   003F4D                     CWG2CON0        equ	16205	;# 
  4456   003F4E                     CWG2CON1        equ	16206	;# 
  4457   003F4F                     CWG2AS0         equ	16207	;# 
  4458   003F50                     CWG2AS1         equ	16208	;# 
  4459   003F51                     CWG2STR         equ	16209	;# 
  4460   003F52                     CWG1CLK         equ	16210	;# 
  4461   003F52                     CWG1CLKCON      equ	16210	;# 
  4462   003F53                     CWG1ISM         equ	16211	;# 
  4463   003F53                     CWG1DAT         equ	16211	;# 
  4464   003F54                     CWG1DBR         equ	16212	;# 
  4465   003F55                     CWG1DBF         equ	16213	;# 
  4466   003F56                     CWG1CON0        equ	16214	;# 
  4467   003F57                     CWG1CON1        equ	16215	;# 
  4468   003F58                     CWG1AS0         equ	16216	;# 
  4469   003F59                     CWG1AS1         equ	16217	;# 
  4470   003F5A                     CWG1STR         equ	16218	;# 
  4471   003F5E                     CCPTMRS0        equ	16222	;# 
  4472   003F5F                     CCPTMRS1        equ	16223	;# 
  4473   003F60                     PWM8DC          equ	16224	;# 
  4474   003F60                     PWM8DCL         equ	16224	;# 
  4475   003F61                     PWM8DCH         equ	16225	;# 
  4476   003F62                     PWM8CON         equ	16226	;# 
  4477   003F64                     PWM7DC          equ	16228	;# 
  4478   003F64                     PWM7DCL         equ	16228	;# 
  4479   003F65                     PWM7DCH         equ	16229	;# 
  4480   003F66                     PWM7CON         equ	16230	;# 
  4481   003F68                     PWM6DC          equ	16232	;# 
  4482   003F68                     PWM6DCL         equ	16232	;# 
  4483   003F69                     PWM6DCH         equ	16233	;# 
  4484   003F6A                     PWM6CON         equ	16234	;# 
  4485   003F6C                     PWM5DC          equ	16236	;# 
  4486   003F6C                     PWM5DCL         equ	16236	;# 
  4487   003F6D                     PWM5DCH         equ	16237	;# 
  4488   003F6E                     PWM5CON         equ	16238	;# 
  4489   003F70                     CCPR4           equ	16240	;# 
  4490   003F70                     CCPR4L          equ	16240	;# 
  4491   003F71                     CCPR4H          equ	16241	;# 
  4492   003F72                     CCP4CON         equ	16242	;# 
  4493   003F73                     CCP4CAP         equ	16243	;# 
  4494   003F74                     CCPR3           equ	16244	;# 
  4495   003F74                     CCPR3L          equ	16244	;# 
  4496   003F75                     CCPR3H          equ	16245	;# 
  4497   003F76                     CCP3CON         equ	16246	;# 
  4498   003F77                     CCP3CAP         equ	16247	;# 
  4499   003F78                     CCPR2           equ	16248	;# 
  4500   003F78                     CCPR2L          equ	16248	;# 
  4501   003F79                     CCPR2H          equ	16249	;# 
  4502   003F7A                     CCP2CON         equ	16250	;# 
  4503   003F7B                     CCP2CAP         equ	16251	;# 
  4504   003F7C                     CCPR1           equ	16252	;# 
  4505   003F7C                     CCPR1L          equ	16252	;# 
  4506   003F7D                     CCPR1H          equ	16253	;# 
  4507   003F7E                     CCP1CON         equ	16254	;# 
  4508   003F7F                     CCP1CAP         equ	16255	;# 
  4509   003F92                     T6TMR           equ	16274	;# 
  4510   003F92                     TMR6            equ	16274	;# 
  4511   003F93                     T6PR            equ	16275	;# 
  4512   003F93                     PR6             equ	16275	;# 
  4513   003F94                     T6CON           equ	16276	;# 
  4514   003F95                     T6HLT           equ	16277	;# 
  4515   003F96                     T6CLKCON        equ	16278	;# 
  4516   003F96                     T6CLK           equ	16278	;# 
  4517   003F97                     T6RST           equ	16279	;# 
  4518   003F98                     TMR5            equ	16280	;# 
  4519   003F98                     TMR5L           equ	16280	;# 
  4520   003F99                     TMR5H           equ	16281	;# 
  4521   003F9A                     T5CON           equ	16282	;# 
  4522   003F9A                     TMR5CON         equ	16282	;# 
  4523   003F9B                     T5GCON          equ	16283	;# 
  4524   003F9B                     TMR5GCON        equ	16283	;# 
  4525   003F9C                     T5GATE          equ	16284	;# 
  4526   003F9C                     TMR5GATE        equ	16284	;# 
  4527   003F9D                     T5CLK           equ	16285	;# 
  4528   003F9D                     TMR5CLK         equ	16285	;# 
  4529   003F9D                     PR5             equ	16285	;# 
  4530   003F9E                     T4TMR           equ	16286	;# 
  4531   003F9E                     TMR4            equ	16286	;# 
  4532   003F9F                     T4PR            equ	16287	;# 
  4533   003F9F                     PR4             equ	16287	;# 
  4534   003FA0                     T4CON           equ	16288	;# 
  4535   003FA1                     T4HLT           equ	16289	;# 
  4536   003FA2                     T4CLKCON        equ	16290	;# 
  4537   003FA2                     T4CLK           equ	16290	;# 
  4538   003FA3                     T4RST           equ	16291	;# 
  4539   003FA4                     TMR3            equ	16292	;# 
  4540   003FA4                     TMR3L           equ	16292	;# 
  4541   003FA5                     TMR3H           equ	16293	;# 
  4542   003FA6                     T3CON           equ	16294	;# 
  4543   003FA6                     TMR3CON         equ	16294	;# 
  4544   003FA7                     T3GCON          equ	16295	;# 
  4545   003FA7                     TMR3GCON        equ	16295	;# 
  4546   003FA8                     T3GATE          equ	16296	;# 
  4547   003FA8                     TMR3GATE        equ	16296	;# 
  4548   003FA9                     T3CLK           equ	16297	;# 
  4549   003FA9                     TMR3CLK         equ	16297	;# 
  4550   003FA9                     PR3             equ	16297	;# 
  4551   003FAA                     T2TMR           equ	16298	;# 
  4552   003FAA                     TMR2            equ	16298	;# 
  4553   003FAB                     T2PR            equ	16299	;# 
  4554   003FAB                     PR2             equ	16299	;# 
  4555   003FAC                     T2CON           equ	16300	;# 
  4556   003FAD                     T2HLT           equ	16301	;# 
  4557   003FAE                     T2CLKCON        equ	16302	;# 
  4558   003FAE                     T2CLK           equ	16302	;# 
  4559   003FAF                     T2RST           equ	16303	;# 
  4560   003FB0                     TMR1            equ	16304	;# 
  4561   003FB0                     TMR1L           equ	16304	;# 
  4562   003FB1                     TMR1H           equ	16305	;# 
  4563   003FB2                     T1CON           equ	16306	;# 
  4564   003FB2                     TMR1CON         equ	16306	;# 
  4565   003FB3                     T1GCON          equ	16307	;# 
  4566   003FB3                     TMR1GCON        equ	16307	;# 
  4567   003FB4                     T1GATE          equ	16308	;# 
  4568   003FB4                     TMR1GATE        equ	16308	;# 
  4569   003FB5                     T1CLK           equ	16309	;# 
  4570   003FB5                     TMR1CLK         equ	16309	;# 
  4571   003FB5                     PR1             equ	16309	;# 
  4572   003FB6                     TMR0L           equ	16310	;# 
  4573   003FB6                     TMR0            equ	16310	;# 
  4574   003FB7                     TMR0H           equ	16311	;# 
  4575   003FB7                     PR0             equ	16311	;# 
  4576   003FB8                     T0CON0          equ	16312	;# 
  4577   003FB9                     T0CON1          equ	16313	;# 
  4578   003FBA                     LATA            equ	16314	;# 
  4579   003FBB                     LATB            equ	16315	;# 
  4580   003FBC                     LATC            equ	16316	;# 
  4581   003FBD                     LATD            equ	16317	;# 
  4582   003FBE                     LATE            equ	16318	;# 
  4583   003FC2                     TRISA           equ	16322	;# 
  4584   003FC3                     TRISB           equ	16323	;# 
  4585   003FC4                     TRISC           equ	16324	;# 
  4586   003FC5                     TRISD           equ	16325	;# 
  4587   003FC6                     TRISE           equ	16326	;# 
  4588   003FCA                     PORTA           equ	16330	;# 
  4589   003FCB                     PORTB           equ	16331	;# 
  4590   003FCC                     PORTC           equ	16332	;# 
  4591   003FCD                     PORTD           equ	16333	;# 
  4592   003FCE                     PORTE           equ	16334	;# 
  4593   003FD2                     INTCON0         equ	16338	;# 
  4594   003FD3                     INTCON1         equ	16339	;# 
  4595   003FD4                     IVTLOCK         equ	16340	;# 
  4596   003FD5                     IVTBASE         equ	16341	;# 
  4597   003FD5                     IVTBASEL        equ	16341	;# 
  4598   003FD6                     IVTBASEH        equ	16342	;# 
  4599   003FD7                     IVTBASEU        equ	16343	;# 
  4600   003FD8                     STATUS          equ	16344	;# 
  4601   003FD9                     FSR2            equ	16345	;# 
  4602   003FD9                     FSR2L           equ	16345	;# 
  4603   003FDA                     FSR2H           equ	16346	;# 
  4604   003FDB                     PLUSW2          equ	16347	;# 
  4605   003FDC                     PREINC2         equ	16348	;# 
  4606   003FDD                     POSTDEC2        equ	16349	;# 
  4607   003FDE                     POSTINC2        equ	16350	;# 
  4608   003FDF                     INDF2           equ	16351	;# 
  4609   003FE0                     BSR             equ	16352	;# 
  4610   003FE1                     FSR1            equ	16353	;# 
  4611   003FE1                     FSR1L           equ	16353	;# 
  4612   003FE2                     FSR1H           equ	16354	;# 
  4613   003FE3                     PLUSW1          equ	16355	;# 
  4614   003FE4                     PREINC1         equ	16356	;# 
  4615   003FE5                     POSTDEC1        equ	16357	;# 
  4616   003FE6                     POSTINC1        equ	16358	;# 
  4617   003FE7                     INDF1           equ	16359	;# 
  4618   003FE8                     WREG            equ	16360	;# 
  4619   003FE9                     FSR0            equ	16361	;# 
  4620   003FE9                     FSR0L           equ	16361	;# 
  4621   003FEA                     FSR0H           equ	16362	;# 
  4622   003FEB                     PLUSW0          equ	16363	;# 
  4623   003FEC                     PREINC0         equ	16364	;# 
  4624   003FED                     POSTDEC0        equ	16365	;# 
  4625   003FEE                     POSTINC0        equ	16366	;# 
  4626   003FEF                     INDF0           equ	16367	;# 
  4627   003FF0                     PCON0           equ	16368	;# 
  4628   003FF1                     PCON1           equ	16369	;# 
  4629   003FF3                     PROD            equ	16371	;# 
  4630   003FF3                     PRODL           equ	16371	;# 
  4631   003FF4                     PRODH           equ	16372	;# 
  4632   003FF5                     TABLAT          equ	16373	;# 
  4633   003FF6                     TBLPTR          equ	16374	;# 
  4634   003FF6                     TBLPTRL         equ	16374	;# 
  4635   003FF7                     TBLPTRH         equ	16375	;# 
  4636   003FF8                     TBLPTRU         equ	16376	;# 
  4637   003FF9                     PCLAT           equ	16377	;# 
  4638   003FF9                     PCL             equ	16377	;# 
  4639   003FFA                     PCLATH          equ	16378	;# 
  4640   003FFB                     PCLATU          equ	16379	;# 
  4641   003FFC                     STKPTR          equ	16380	;# 
  4642   003FFD                     TOS             equ	16381	;# 
  4643   003FFD                     TOSL            equ	16381	;# 
  4644   003FFE                     TOSH            equ	16382	;# 
  4645   003FFF                     TOSU            equ	16383	;# 
  4646   003880                     STATUS_CSHAD    equ	14464	;# 
  4647   003881                     WREG_CSHAD      equ	14465	;# 
  4648   003882                     BSR_CSHAD       equ	14466	;# 
  4649   003883                     SHADCON         equ	14467	;# 
  4650   003884                     STATUS_SHAD     equ	14468	;# 
  4651   003885                     WREG_SHAD       equ	14469	;# 
  4652   003886                     BSR_SHAD        equ	14470	;# 
  4653   003887                     PCLATH_SHAD     equ	14471	;# 
  4654   003888                     PCLATU_SHAD     equ	14472	;# 
  4655   003889                     FSR0SH          equ	14473	;# 
  4656   003889                     FSR0L_SHAD      equ	14473	;# 
  4657   00388A                     FSR0H_SHAD      equ	14474	;# 
  4658   00388B                     FSR1SH          equ	14475	;# 
  4659   00388B                     FSR1L_SHAD      equ	14475	;# 
  4660   00388C                     FSR1H_SHAD      equ	14476	;# 
  4661   00388D                     FSR2SH          equ	14477	;# 
  4662   00388D                     FSR2L_SHAD      equ	14477	;# 
  4663   00388E                     FSR2H_SHAD      equ	14478	;# 
  4664   00388F                     PRODSH          equ	14479	;# 
  4665   00388F                     PRODL_SHAD      equ	14479	;# 
  4666   003890                     PRODH_SHAD      equ	14480	;# 
  4667   00389D                     IVTADL          equ	14493	;# 
  4668   00389E                     IVTADH          equ	14494	;# 
  4669   00389F                     IVTADU          equ	14495	;# 
  4670   00395B                     WDTCON0         equ	14683	;# 
  4671   00395C                     WDTCON1         equ	14684	;# 
  4672   00395D                     WDTPSL          equ	14685	;# 
  4673   00395E                     WDTPSH          equ	14686	;# 
  4674   00395F                     WDTTMR          equ	14687	;# 
  4675   003960                     CRCDATA         equ	14688	;# 
  4676   003960                     CRCDATL         equ	14688	;# 
  4677   003961                     CRCDATH         equ	14689	;# 
  4678   003962                     CRCACC          equ	14690	;# 
  4679   003962                     CRCACCL         equ	14690	;# 
  4680   003963                     CRCACCH         equ	14691	;# 
  4681   003964                     CRCSHFT         equ	14692	;# 
  4682   003964                     CRCSHIFTL       equ	14692	;# 
  4683   003965                     CRCSHIFTH       equ	14693	;# 
  4684   003966                     CRCXOR          equ	14694	;# 
  4685   003966                     CRCXORL         equ	14694	;# 
  4686   003967                     CRCXORH         equ	14695	;# 
  4687   003968                     CRCCON0         equ	14696	;# 
  4688   003969                     CRCCON1         equ	14697	;# 
  4689   003976                     SCANLADR        equ	14710	;# 
  4690   003976                     SCANLADRL       equ	14710	;# 
  4691   003977                     SCANLADRH       equ	14711	;# 
  4692   003978                     SCANLADRU       equ	14712	;# 
  4693   003979                     SCANHADR        equ	14713	;# 
  4694   003979                     SCANHADRL       equ	14713	;# 
  4695   00397A                     SCANHADRH       equ	14714	;# 
  4696   00397B                     SCANHADRU       equ	14715	;# 
  4697   00397C                     SCANCON0        equ	14716	;# 
  4698   00397D                     SCANTRIG        equ	14717	;# 
  4699   003980                     IPR0            equ	14720	;# 
  4700   003981                     IPR1            equ	14721	;# 
  4701   003982                     IPR2            equ	14722	;# 
  4702   003983                     IPR3            equ	14723	;# 
  4703   003984                     IPR4            equ	14724	;# 
  4704   003985                     IPR5            equ	14725	;# 
  4705   003986                     IPR6            equ	14726	;# 
  4706   003987                     IPR7            equ	14727	;# 
  4707   003988                     IPR8            equ	14728	;# 
  4708   003989                     IPR9            equ	14729	;# 
  4709   00398A                     IPR10           equ	14730	;# 
  4710   003990                     PIE0            equ	14736	;# 
  4711   003991                     PIE1            equ	14737	;# 
  4712   003992                     PIE2            equ	14738	;# 
  4713   003993                     PIE3            equ	14739	;# 
  4714   003994                     PIE4            equ	14740	;# 
  4715   003995                     PIE5            equ	14741	;# 
  4716   003996                     PIE6            equ	14742	;# 
  4717   003997                     PIE7            equ	14743	;# 
  4718   003998                     PIE8            equ	14744	;# 
  4719   003999                     PIE9            equ	14745	;# 
  4720   00399A                     PIE10           equ	14746	;# 
  4721   0039A0                     PIR0            equ	14752	;# 
  4722   0039A1                     PIR1            equ	14753	;# 
  4723   0039A2                     PIR2            equ	14754	;# 
  4724   0039A3                     PIR3            equ	14755	;# 
  4725   0039A4                     PIR4            equ	14756	;# 
  4726   0039A5                     PIR5            equ	14757	;# 
  4727   0039A6                     PIR6            equ	14758	;# 
  4728   0039A7                     PIR7            equ	14759	;# 
  4729   0039A8                     PIR8            equ	14760	;# 
  4730   0039A9                     PIR9            equ	14761	;# 
  4731   0039AA                     PIR10           equ	14762	;# 
  4732   0039C0                     PMD0            equ	14784	;# 
  4733   0039C1                     PMD1            equ	14785	;# 
  4734   0039C2                     PMD2            equ	14786	;# 
  4735   0039C3                     PMD3            equ	14787	;# 
  4736   0039C4                     PMD4            equ	14788	;# 
  4737   0039C5                     PMD5            equ	14789	;# 
  4738   0039C6                     PMD6            equ	14790	;# 
  4739   0039C7                     PMD7            equ	14791	;# 
  4740   0039D0                     BORCON          equ	14800	;# 
  4741   0039D1                     VREGCON         equ	14801	;# 
  4742   0039D8                     CPUDOZE         equ	14808	;# 
  4743   0039D9                     OSCCON1         equ	14809	;# 
  4744   0039DA                     OSCCON2         equ	14810	;# 
  4745   0039DB                     OSCCON3         equ	14811	;# 
  4746   0039DC                     OSCSTAT         equ	14812	;# 
  4747   0039DC                     OSCSTAT1        equ	14812	;# 
  4748   0039DD                     OSCEN           equ	14813	;# 
  4749   0039DE                     OSCTUNE         equ	14814	;# 
  4750   0039DF                     OSCFRQ          equ	14815	;# 
  4751   0039E0                     NVMADRL         equ	14816	;# 
  4752   0039E1                     NVMADRH         equ	14817	;# 
  4753   0039E3                     NVMDAT          equ	14819	;# 
  4754   0039E5                     NVMCON1         equ	14821	;# 
  4755   0039E6                     NVMCON2         equ	14822	;# 
  4756   0039EF                     PRLOCK          equ	14831	;# 
  4757   0039F1                     ISRPR           equ	14833	;# 
  4758   0039F2                     MAINPR          equ	14834	;# 
  4759   0039F3                     DMA1PR          equ	14835	;# 
  4760   0039F4                     DMA2PR          equ	14836	;# 
  4761   0039F7                     SCANPR          equ	14839	;# 
  4762   003A00                     RA0PPS          equ	14848	;# 
  4763   003A01                     RA1PPS          equ	14849	;# 
  4764   003A02                     RA2PPS          equ	14850	;# 
  4765   003A03                     RA3PPS          equ	14851	;# 
  4766   003A04                     RA4PPS          equ	14852	;# 
  4767   003A05                     RA5PPS          equ	14853	;# 
  4768   003A06                     RA6PPS          equ	14854	;# 
  4769   003A07                     RA7PPS          equ	14855	;# 
  4770   003A08                     RB0PPS          equ	14856	;# 
  4771   003A09                     RB1PPS          equ	14857	;# 
  4772   003A0A                     RB2PPS          equ	14858	;# 
  4773   003A0B                     RB3PPS          equ	14859	;# 
  4774   003A0C                     RB4PPS          equ	14860	;# 
  4775   003A0D                     RB5PPS          equ	14861	;# 
  4776   003A0E                     RB6PPS          equ	14862	;# 
  4777   003A0F                     RB7PPS          equ	14863	;# 
  4778   003A10                     RC0PPS          equ	14864	;# 
  4779   003A11                     RC1PPS          equ	14865	;# 
  4780   003A12                     RC2PPS          equ	14866	;# 
  4781   003A13                     RC3PPS          equ	14867	;# 
  4782   003A14                     RC4PPS          equ	14868	;# 
  4783   003A15                     RC5PPS          equ	14869	;# 
  4784   003A16                     RC6PPS          equ	14870	;# 
  4785   003A17                     RC7PPS          equ	14871	;# 
  4786   003A18                     RD0PPS          equ	14872	;# 
  4787   003A19                     RD1PPS          equ	14873	;# 
  4788   003A1A                     RD2PPS          equ	14874	;# 
  4789   003A1B                     RD3PPS          equ	14875	;# 
  4790   003A1C                     RD4PPS          equ	14876	;# 
  4791   003A1D                     RD5PPS          equ	14877	;# 
  4792   003A1E                     RD6PPS          equ	14878	;# 
  4793   003A1F                     RD7PPS          equ	14879	;# 
  4794   003A20                     RE0PPS          equ	14880	;# 
  4795   003A21                     RE1PPS          equ	14881	;# 
  4796   003A22                     RE2PPS          equ	14882	;# 
  4797   003A40                     ANSELA          equ	14912	;# 
  4798   003A41                     WPUA            equ	14913	;# 
  4799   003A42                     ODCONA          equ	14914	;# 
  4800   003A43                     SLRCONA         equ	14915	;# 
  4801   003A44                     INLVLA          equ	14916	;# 
  4802   003A45                     IOCAP           equ	14917	;# 
  4803   003A46                     IOCAN           equ	14918	;# 
  4804   003A47                     IOCAF           equ	14919	;# 
  4805   003A48                     CCDPA           equ	14920	;# 
  4806   003A49                     CCDNA           equ	14921	;# 
  4807   003A50                     ANSELB          equ	14928	;# 
  4808   003A51                     WPUB            equ	14929	;# 
  4809   003A52                     ODCONB          equ	14930	;# 
  4810   003A53                     SLRCONB         equ	14931	;# 
  4811   003A54                     INLVLB          equ	14932	;# 
  4812   003A55                     IOCBP           equ	14933	;# 
  4813   003A56                     IOCBN           equ	14934	;# 
  4814   003A57                     IOCBF           equ	14935	;# 
  4815   003A58                     CCDPB           equ	14936	;# 
  4816   003A59                     CCDNB           equ	14937	;# 
  4817   003A5A                     RB1I2C          equ	14938	;# 
  4818   003A5B                     RB2I2C          equ	14939	;# 
  4819   003A60                     ANSELC          equ	14944	;# 
  4820   003A61                     WPUC            equ	14945	;# 
  4821   003A62                     ODCONC          equ	14946	;# 
  4822   003A63                     SLRCONC         equ	14947	;# 
  4823   003A64                     INLVLC          equ	14948	;# 
  4824   003A65                     IOCCP           equ	14949	;# 
  4825   003A66                     IOCCN           equ	14950	;# 
  4826   003A67                     IOCCF           equ	14951	;# 
  4827   003A68                     CCDPC           equ	14952	;# 
  4828   003A69                     CCDNC           equ	14953	;# 
  4829   003A6A                     RC3I2C          equ	14954	;# 
  4830   003A6B                     RC4I2C          equ	14955	;# 
  4831   003A70                     ANSELD          equ	14960	;# 
  4832   003A71                     WPUD            equ	14961	;# 
  4833   003A72                     ODCOND          equ	14962	;# 
  4834   003A73                     SLRCOND         equ	14963	;# 
  4835   003A74                     INLVLD          equ	14964	;# 
  4836   003A78                     CCDPD           equ	14968	;# 
  4837   003A79                     CCDND           equ	14969	;# 
  4838   003A7A                     RD0I2C          equ	14970	;# 
  4839   003A7B                     RD1I2C          equ	14971	;# 
  4840   003A80                     ANSELE          equ	14976	;# 
  4841   003A81                     WPUE            equ	14977	;# 
  4842   003A82                     ODCONE          equ	14978	;# 
  4843   003A83                     SLRCONE         equ	14979	;# 
  4844   003A84                     INLVLE          equ	14980	;# 
  4845   003A85                     IOCEP           equ	14981	;# 
  4846   003A86                     IOCEN           equ	14982	;# 
  4847   003A87                     IOCEF           equ	14983	;# 
  4848   003A88                     CCDPE           equ	14984	;# 
  4849   003A89                     CCDNE           equ	14985	;# 
  4850   003ABE                     CCDCON          equ	15038	;# 
  4851   003ABF                     PPSLOCK         equ	15039	;# 
  4852   003AC0                     INT0PPS         equ	15040	;# 
  4853   003AC1                     INT1PPS         equ	15041	;# 
  4854   003AC2                     INT2PPS         equ	15042	;# 
  4855   003AC3                     T0CKIPPS        equ	15043	;# 
  4856   003AC4                     T1CKIPPS        equ	15044	;# 
  4857   003AC5                     T1GPPS          equ	15045	;# 
  4858   003AC6                     T3CKIPPS        equ	15046	;# 
  4859   003AC7                     T3GPPS          equ	15047	;# 
  4860   003AC8                     T5CKIPPS        equ	15048	;# 
  4861   003AC9                     T5GPPS          equ	15049	;# 
  4862   003ACA                     T2INPPS         equ	15050	;# 
  4863   003ACB                     T4INPPS         equ	15051	;# 
  4864   003ACC                     T6INPPS         equ	15052	;# 
  4865   003ACD                     CCP1PPS         equ	15053	;# 
  4866   003ACE                     CCP2PPS         equ	15054	;# 
  4867   003ACF                     CCP3PPS         equ	15055	;# 
  4868   003AD0                     CCP4PPS         equ	15056	;# 
  4869   003AD1                     SMT1WINPPS      equ	15057	;# 
  4870   003AD2                     SMT1SIGPPS      equ	15058	;# 
  4871   003AD3                     CWG1INPPS       equ	15059	;# 
  4872   003AD4                     CWG2INPPS       equ	15060	;# 
  4873   003AD5                     CWG3INPPS       equ	15061	;# 
  4874   003AD6                     MD1CARLPPS      equ	15062	;# 
  4875   003AD7                     MD1CARHPPS      equ	15063	;# 
  4876   003AD8                     MD1SRCPPS       equ	15064	;# 
  4877   003AD9                     CLCIN0PPS       equ	15065	;# 
  4878   003ADA                     CLCIN1PPS       equ	15066	;# 
  4879   003ADB                     CLCIN2PPS       equ	15067	;# 
  4880   003ADC                     CLCIN3PPS       equ	15068	;# 
  4881   003ADD                     ADACTPPS        equ	15069	;# 
  4882   003ADE                     SPI1SCKPPS      equ	15070	;# 
  4883   003ADF                     SPI1SDIPPS      equ	15071	;# 
  4884   003AE0                     SPI1SSPPS       equ	15072	;# 
  4885   003AE1                     I2C1SCLPPS      equ	15073	;# 
  4886   003AE2                     I2C1SDAPPS      equ	15074	;# 
  4887   003AE3                     I2C2SCLPPS      equ	15075	;# 
  4888   003AE4                     I2C2SDAPPS      equ	15076	;# 
  4889   003AE5                     U1RXPPS         equ	15077	;# 
  4890   003AE6                     U1CTSPPS        equ	15078	;# 
  4891   003AE8                     U2RXPPS         equ	15080	;# 
  4892   003AE9                     U2CTSPPS        equ	15081	;# 
  4893   003BC9                     DMA2BUF         equ	15305	;# 
  4894   003BCA                     DMA2DCNT        equ	15306	;# 
  4895   003BCA                     DMA2DCNTL       equ	15306	;# 
  4896   003BCB                     DMA2DCNTH       equ	15307	;# 
  4897   003BCC                     DMA2DPTR        equ	15308	;# 
  4898   003BCC                     DMA2DPTRL       equ	15308	;# 
  4899   003BCD                     DMA2DPTRH       equ	15309	;# 
  4900   003BCE                     DMA2DSZ         equ	15310	;# 
  4901   003BCE                     DMA2DSZL        equ	15310	;# 
  4902   003BCF                     DMA2DSZH        equ	15311	;# 
  4903   003BD0                     DMA2DSA         equ	15312	;# 
  4904   003BD0                     DMA2DSAL        equ	15312	;# 
  4905   003BD1                     DMA2DSAH        equ	15313	;# 
  4906   003BD2                     DMA2SCNT        equ	15314	;# 
  4907   003BD2                     DMA2SCNTL       equ	15314	;# 
  4908   003BD3                     DMA2SCNTH       equ	15315	;# 
  4909   003BD4                     DMA2SPTR        equ	15316	;# 
  4910   003BD4                     DMA2SPTRL       equ	15316	;# 
  4911   003BD5                     DMA2SPTRH       equ	15317	;# 
  4912   003BD6                     DMA2SPTRU       equ	15318	;# 
  4913   003BD7                     DMA2SSZ         equ	15319	;# 
  4914   003BD7                     DMA2SSZL        equ	15319	;# 
  4915   003BD8                     DMA2SSZH        equ	15320	;# 
  4916   003BD9                     DMA2SSA         equ	15321	;# 
  4917   003BD9                     DMA2SSAL        equ	15321	;# 
  4918   003BDA                     DMA2SSAH        equ	15322	;# 
  4919   003BDB                     DMA2SSAU        equ	15323	;# 
  4920   003BDC                     DMA2CON0        equ	15324	;# 
  4921   003BDD                     DMA2CON1        equ	15325	;# 
  4922   003BDE                     DMA2AIRQ        equ	15326	;# 
  4923   003BDF                     DMA2SIRQ        equ	15327	;# 
  4924   003BE9                     DMA1BUF         equ	15337	;# 
  4925   003BEA                     DMA1DCNT        equ	15338	;# 
  4926   003BEA                     DMA1DCNTL       equ	15338	;# 
  4927   003BEB                     DMA1DCNTH       equ	15339	;# 
  4928   003BEC                     DMA1DPTR        equ	15340	;# 
  4929   003BEC                     DMA1DPTRL       equ	15340	;# 
  4930   003BED                     DMA1DPTRH       equ	15341	;# 
  4931   003BEE                     DMA1DSZ         equ	15342	;# 
  4932   003BEE                     DMA1DSZL        equ	15342	;# 
  4933   003BEF                     DMA1DSZH        equ	15343	;# 
  4934   003BF0                     DMA1DSA         equ	15344	;# 
  4935   003BF0                     DMA1DSAL        equ	15344	;# 
  4936   003BF1                     DMA1DSAH        equ	15345	;# 
  4937   003BF2                     DMA1SCNT        equ	15346	;# 
  4938   003BF2                     DMA1SCNTL       equ	15346	;# 
  4939   003BF3                     DMA1SCNTH       equ	15347	;# 
  4940   003BF4                     DMA1SPTR        equ	15348	;# 
  4941   003BF4                     DMA1SPTRL       equ	15348	;# 
  4942   003BF5                     DMA1SPTRH       equ	15349	;# 
  4943   003BF6                     DMA1SPTRU       equ	15350	;# 
  4944   003BF7                     DMA1SSZ         equ	15351	;# 
  4945   003BF7                     DMA1SSZL        equ	15351	;# 
  4946   003BF8                     DMA1SSZH        equ	15352	;# 
  4947   003BF9                     DMA1SSA         equ	15353	;# 
  4948   003BF9                     DMA1SSAL        equ	15353	;# 
  4949   003BFA                     DMA1SSAH        equ	15354	;# 
  4950   003BFB                     DMA1SSAU        equ	15355	;# 
  4951   003BFC                     DMA1CON0        equ	15356	;# 
  4952   003BFD                     DMA1CON1        equ	15357	;# 
  4953   003BFE                     DMA1AIRQ        equ	15358	;# 
  4954   003BFF                     DMA1SIRQ        equ	15359	;# 
  4955   003C56                     CLC4CON         equ	15446	;# 
  4956   003C57                     CLC4POL         equ	15447	;# 
  4957   003C58                     CLC4SEL0        equ	15448	;# 
  4958   003C59                     CLC4SEL1        equ	15449	;# 
  4959   003C5A                     CLC4SEL2        equ	15450	;# 
  4960   003C5B                     CLC4SEL3        equ	15451	;# 
  4961   003C5C                     CLC4GLS0        equ	15452	;# 
  4962   003C5D                     CLC4GLS1        equ	15453	;# 
  4963   003C5E                     CLC4GLS2        equ	15454	;# 
  4964   003C5F                     CLC4GLS3        equ	15455	;# 
  4965   003C60                     CLC3CON         equ	15456	;# 
  4966   003C61                     CLC3POL         equ	15457	;# 
  4967   003C62                     CLC3SEL0        equ	15458	;# 
  4968   003C63                     CLC3SEL1        equ	15459	;# 
  4969   003C64                     CLC3SEL2        equ	15460	;# 
  4970   003C65                     CLC3SEL3        equ	15461	;# 
  4971   003C66                     CLC3GLS0        equ	15462	;# 
  4972   003C67                     CLC3GLS1        equ	15463	;# 
  4973   003C68                     CLC3GLS2        equ	15464	;# 
  4974   003C69                     CLC3GLS3        equ	15465	;# 
  4975   003C6A                     CLC2CON         equ	15466	;# 
  4976   003C6B                     CLC2POL         equ	15467	;# 
  4977   003C6C                     CLC2SEL0        equ	15468	;# 
  4978   003C6D                     CLC2SEL1        equ	15469	;# 
  4979   003C6E                     CLC2SEL2        equ	15470	;# 
  4980   003C6F                     CLC2SEL3        equ	15471	;# 
  4981   003C70                     CLC2GLS0        equ	15472	;# 
  4982   003C71                     CLC2GLS1        equ	15473	;# 
  4983   003C72                     CLC2GLS2        equ	15474	;# 
  4984   003C73                     CLC2GLS3        equ	15475	;# 
  4985   003C74                     CLC1CON         equ	15476	;# 
  4986   003C75                     CLC1POL         equ	15477	;# 
  4987   003C76                     CLC1SEL0        equ	15478	;# 
  4988   003C77                     CLC1SEL1        equ	15479	;# 
  4989   003C78                     CLC1SEL2        equ	15480	;# 
  4990   003C79                     CLC1SEL3        equ	15481	;# 
  4991   003C7A                     CLC1GLS0        equ	15482	;# 
  4992   003C7B                     CLC1GLS1        equ	15483	;# 
  4993   003C7C                     CLC1GLS2        equ	15484	;# 
  4994   003C7D                     CLC1GLS3        equ	15485	;# 
  4995   003C7E                     CLCDATA0        equ	15486	;# 
  4996   003CE5                     CLKRCON         equ	15589	;# 
  4997   003CE6                     CLKRCLK         equ	15590	;# 
  4998   003CFA                     MD1CON0         equ	15610	;# 
  4999   003CFB                     MD1CON1         equ	15611	;# 
  5000   003CFC                     MD1SRC          equ	15612	;# 
  5001   003CFD                     MD1CARL         equ	15613	;# 
  5002   003CFE                     MD1CARH         equ	15614	;# 
  5003   003D10                     SPI1RXB         equ	15632	;# 
  5004   003D11                     SPI1TXB         equ	15633	;# 
  5005   003D12                     SPI1TCNT        equ	15634	;# 
  5006   003D12                     SPI1TCNTL       equ	15634	;# 
  5007   003D13                     SPI1TCNTH       equ	15635	;# 
  5008   003D14                     SPI1CON0        equ	15636	;# 
  5009   003D15                     SPI1CON1        equ	15637	;# 
  5010   003D16                     SPI1CON2        equ	15638	;# 
  5011   003D17                     SPI1STATUS      equ	15639	;# 
  5012   003D18                     SPI1TWIDTH      equ	15640	;# 
  5013   003D19                     SPI1BAUD        equ	15641	;# 
  5014   003D1A                     SPI1INTF        equ	15642	;# 
  5015   003D1B                     SPI1INTE        equ	15643	;# 
  5016   003D1C                     SPI1CLK         equ	15644	;# 
  5017   003D54                     I2C2RXB         equ	15700	;# 
  5018   003D55                     I2C2TXB         equ	15701	;# 
  5019   003D56                     I2C2CNT         equ	15702	;# 
  5020   003D57                     I2C2ADB0        equ	15703	;# 
  5021   003D58                     I2C2ADB1        equ	15704	;# 
  5022   003D59                     I2C2ADR0        equ	15705	;# 
  5023   003D5A                     I2C2ADR1        equ	15706	;# 
  5024   003D5B                     I2C2ADR2        equ	15707	;# 
  5025   003D5C                     I2C2ADR3        equ	15708	;# 
  5026   003D5D                     I2C2CON0        equ	15709	;# 
  5027   003D5E                     I2C2CON1        equ	15710	;# 
  5028   003D5F                     I2C2CON2        equ	15711	;# 
  5029   003D60                     I2C2ERR         equ	15712	;# 
  5030   003D61                     I2C2STAT0       equ	15713	;# 
  5031   003D62                     I2C2STAT1       equ	15714	;# 
  5032   003D63                     I2C2PIR         equ	15715	;# 
  5033   003D64                     I2C2PIE         equ	15716	;# 
  5034   003D65                     I2C2CLK         equ	15717	;# 
  5035   003D66                     I2C2BTO         equ	15718	;# 
  5036   003D6A                     I2C1RXB         equ	15722	;# 
  5037   003D6B                     I2C1TXB         equ	15723	;# 
  5038   003D6C                     I2C1CNT         equ	15724	;# 
  5039   003D6D                     I2C1ADB0        equ	15725	;# 
  5040   003D6E                     I2C1ADB1        equ	15726	;# 
  5041   003D6F                     I2C1ADR0        equ	15727	;# 
  5042   003D70                     I2C1ADR1        equ	15728	;# 
  5043   003D71                     I2C1ADR2        equ	15729	;# 
  5044   003D72                     I2C1ADR3        equ	15730	;# 
  5045   003D73                     I2C1CON0        equ	15731	;# 
  5046   003D74                     I2C1CON1        equ	15732	;# 
  5047   003D75                     I2C1CON2        equ	15733	;# 
  5048   003D76                     I2C1ERR         equ	15734	;# 
  5049   003D77                     I2C1STAT0       equ	15735	;# 
  5050   003D78                     I2C1STAT1       equ	15736	;# 
  5051   003D79                     I2C1PIR         equ	15737	;# 
  5052   003D7A                     I2C1PIE         equ	15738	;# 
  5053   003D7B                     I2C1CLK         equ	15739	;# 
  5054   003D7C                     I2C1BTO         equ	15740	;# 
  5055   003DD0                     U2RXB           equ	15824	;# 
  5056   003DD0                     U2RXBL          equ	15824	;# 
  5057   003DD2                     U2TXB           equ	15826	;# 
  5058   003DD2                     U2TXBL          equ	15826	;# 
  5059   003DD4                     U2P1            equ	15828	;# 
  5060   003DD4                     U2P1L           equ	15828	;# 
  5061   003DD6                     U2P2            equ	15830	;# 
  5062   003DD6                     U2P2L           equ	15830	;# 
  5063   003DD8                     U2P3            equ	15832	;# 
  5064   003DD8                     U2P3L           equ	15832	;# 
  5065   003DDA                     U2CON0          equ	15834	;# 
  5066   003DDB                     U2CON1          equ	15835	;# 
  5067   003DDC                     U2CON2          equ	15836	;# 
  5068   003DDD                     U2BRG           equ	15837	;# 
  5069   003DDD                     U2BRGL          equ	15837	;# 
  5070   003DDE                     U2BRGH          equ	15838	;# 
  5071   003DDF                     U2FIFO          equ	15839	;# 
  5072   003DE0                     U2UIR           equ	15840	;# 
  5073   003DE1                     U2ERRIR         equ	15841	;# 
  5074   003DE2                     U2ERRIE         equ	15842	;# 
  5075   003DE8                     U1RXB           equ	15848	;# 
  5076   003DE8                     U1RXBL          equ	15848	;# 
  5077   003DE9                     U1RXCHK         equ	15849	;# 
  5078   003DEA                     U1TXB           equ	15850	;# 
  5079   003DEA                     U1TXBL          equ	15850	;# 
  5080   003DEB                     U1TXCHK         equ	15851	;# 
  5081   003DEC                     U1P1            equ	15852	;# 
  5082   003DEC                     U1P1L           equ	15852	;# 
  5083   003DED                     U1P1H           equ	15853	;# 
  5084   003DEE                     U1P2            equ	15854	;# 
  5085   003DEE                     U1P2L           equ	15854	;# 
  5086   003DEF                     U1P2H           equ	15855	;# 
  5087   003DF0                     U1P3            equ	15856	;# 
  5088   003DF0                     U1P3L           equ	15856	;# 
  5089   003DF1                     U1P3H           equ	15857	;# 
  5090   003DF2                     U1CON0          equ	15858	;# 
  5091   003DF3                     U1CON1          equ	15859	;# 
  5092   003DF4                     U1CON2          equ	15860	;# 
  5093   003DF5                     U1BRG           equ	15861	;# 
  5094   003DF5                     U1BRGL          equ	15861	;# 
  5095   003DF6                     U1BRGH          equ	15862	;# 
  5096   003DF7                     U1FIFO          equ	15863	;# 
  5097   003DF8                     U1UIR           equ	15864	;# 
  5098   003DF9                     U1ERRIR         equ	15865	;# 
  5099   003DFA                     U1ERRIE         equ	15866	;# 
  5100   003E9C                     DAC1CON1        equ	16028	;# 
  5101   003E9E                     DAC1CON0        equ	16030	;# 
  5102   003EB8                     CM2CON0         equ	16056	;# 
  5103   003EB9                     CM2CON1         equ	16057	;# 
  5104   003EBA                     CM2NCH          equ	16058	;# 
  5105   003EBB                     CM2PCH          equ	16059	;# 
  5106   003EBC                     CM1CON0         equ	16060	;# 
  5107   003EBD                     CM1CON1         equ	16061	;# 
  5108   003EBE                     CM1NCH          equ	16062	;# 
  5109   003EBF                     CM1PCH          equ	16063	;# 
  5110   003EC0                     CMOUT           equ	16064	;# 
  5111   003EC1                     FVRCON          equ	16065	;# 
  5112   003EC3                     ZCDCON          equ	16067	;# 
  5113   003EC9                     HLVDCON0        equ	16073	;# 
  5114   003ECA                     HLVDCON1        equ	16074	;# 
  5115   003ED7                     ADCP            equ	16087	;# 
  5116   003EDE                     ADLTH           equ	16094	;# 
  5117   003EDE                     ADLTHL          equ	16094	;# 
  5118   003EDF                     ADLTHH          equ	16095	;# 
  5119   003EE0                     ADUTH           equ	16096	;# 
  5120   003EE0                     ADUTHL          equ	16096	;# 
  5121   003EE1                     ADUTHH          equ	16097	;# 
  5122   003EE2                     ADERR           equ	16098	;# 
  5123   003EE2                     ADERRL          equ	16098	;# 
  5124   003EE3                     ADERRH          equ	16099	;# 
  5125   003EE4                     ADSTPT          equ	16100	;# 
  5126   003EE4                     ADSTPTL         equ	16100	;# 
  5127   003EE5                     ADSTPTH         equ	16101	;# 
  5128   003EE6                     ADFLTR          equ	16102	;# 
  5129   003EE6                     ADFLTRL         equ	16102	;# 
  5130   003EE7                     ADFLTRH         equ	16103	;# 
  5131   003EE8                     ADACC           equ	16104	;# 
  5132   003EE8                     ADACCL          equ	16104	;# 
  5133   003EE9                     ADACCH          equ	16105	;# 
  5134   003EEA                     ADACCU          equ	16106	;# 
  5135   003EEB                     ADCNT           equ	16107	;# 
  5136   003EEC                     ADRPT           equ	16108	;# 
  5137   003EED                     ADPREV          equ	16109	;# 
  5138   003EED                     ADPREVL         equ	16109	;# 
  5139   003EEE                     ADPREVH         equ	16110	;# 
  5140   003EEF                     ADRES           equ	16111	;# 
  5141   003EEF                     ADRESL          equ	16111	;# 
  5142   003EF0                     ADRESH          equ	16112	;# 
  5143   003EF1                     ADPCH           equ	16113	;# 
  5144   003EF3                     ADACQ           equ	16115	;# 
  5145   003EF3                     ADACQL          equ	16115	;# 
  5146   003EF4                     ADACQH          equ	16116	;# 
  5147   003EF5                     ADCAP           equ	16117	;# 
  5148   003EF6                     ADPRE           equ	16118	;# 
  5149   003EF6                     ADPREL          equ	16118	;# 
  5150   003EF7                     ADPREH          equ	16119	;# 
  5151   003EF8                     ADCON0          equ	16120	;# 
  5152   003EF9                     ADCON1          equ	16121	;# 
  5153   003EFA                     ADCON2          equ	16122	;# 
  5154   003EFB                     ADCON3          equ	16123	;# 
  5155   003EFC                     ADSTAT          equ	16124	;# 
  5156   003EFD                     ADREF           equ	16125	;# 
  5157   003EFE                     ADACT           equ	16126	;# 
  5158   003EFF                     ADCLK           equ	16127	;# 
  5159   003F12                     SMT1TMR         equ	16146	;# 
  5160   003F12                     SMT1TMRL        equ	16146	;# 
  5161   003F13                     SMT1TMRH        equ	16147	;# 
  5162   003F14                     SMT1TMRU        equ	16148	;# 
  5163   003F15                     SMT1CPR         equ	16149	;# 
  5164   003F15                     SMT1CPRL        equ	16149	;# 
  5165   003F16                     SMT1CPRH        equ	16150	;# 
  5166   003F17                     SMT1CPRU        equ	16151	;# 
  5167   003F18                     SMT1CPW         equ	16152	;# 
  5168   003F18                     SMT1CPWL        equ	16152	;# 
  5169   003F19                     SMT1CPWH        equ	16153	;# 
  5170   003F1A                     SMT1CPWU        equ	16154	;# 
  5171   003F1B                     SMT1PR          equ	16155	;# 
  5172   003F1B                     SMT1PRL         equ	16155	;# 
  5173   003F1C                     SMT1PRH         equ	16156	;# 
  5174   003F1D                     SMT1PRU         equ	16157	;# 
  5175   003F1E                     SMT1CON0        equ	16158	;# 
  5176   003F1F                     SMT1CON1        equ	16159	;# 
  5177   003F20                     SMT1STAT        equ	16160	;# 
  5178   003F21                     SMT1CLK         equ	16161	;# 
  5179   003F22                     SMT1SIG         equ	16162	;# 
  5180   003F23                     SMT1WIN         equ	16163	;# 
  5181   003F38                     NCO1ACC         equ	16184	;# 
  5182   003F38                     NCO1ACCL        equ	16184	;# 
  5183   003F39                     NCO1ACCH        equ	16185	;# 
  5184   003F3A                     NCO1ACCU        equ	16186	;# 
  5185   003F3B                     NCO1INC         equ	16187	;# 
  5186   003F3B                     NCO1INCL        equ	16187	;# 
  5187   003F3C                     NCO1INCH        equ	16188	;# 
  5188   003F3D                     NCO1INCU        equ	16189	;# 
  5189   003F3E                     NCO1CON         equ	16190	;# 
  5190   003F3F                     NCO1CLK         equ	16191	;# 
  5191   003F40                     CWG3CLK         equ	16192	;# 
  5192   003F40                     CWG3CLKCON      equ	16192	;# 
  5193   003F41                     CWG3ISM         equ	16193	;# 
  5194   003F41                     CWG3DAT         equ	16193	;# 
  5195   003F42                     CWG3DBR         equ	16194	;# 
  5196   003F43                     CWG3DBF         equ	16195	;# 
  5197   003F44                     CWG3CON0        equ	16196	;# 
  5198   003F45                     CWG3CON1        equ	16197	;# 
  5199   003F46                     CWG3AS0         equ	16198	;# 
  5200   003F47                     CWG3AS1         equ	16199	;# 
  5201   003F48                     CWG3STR         equ	16200	;# 
  5202   003F49                     CWG2CLK         equ	16201	;# 
  5203   003F49                     CWG2CLKCON      equ	16201	;# 
  5204   003F4A                     CWG2ISM         equ	16202	;# 
  5205   003F4A                     CWG2DAT         equ	16202	;# 
  5206   003F4B                     CWG2DBR         equ	16203	;# 
  5207   003F4C                     CWG2DBF         equ	16204	;# 
  5208   003F4D                     CWG2CON0        equ	16205	;# 
  5209   003F4E                     CWG2CON1        equ	16206	;# 
  5210   003F4F                     CWG2AS0         equ	16207	;# 
  5211   003F50                     CWG2AS1         equ	16208	;# 
  5212   003F51                     CWG2STR         equ	16209	;# 
  5213   003F52                     CWG1CLK         equ	16210	;# 
  5214   003F52                     CWG1CLKCON      equ	16210	;# 
  5215   003F53                     CWG1ISM         equ	16211	;# 
  5216   003F53                     CWG1DAT         equ	16211	;# 
  5217   003F54                     CWG1DBR         equ	16212	;# 
  5218   003F55                     CWG1DBF         equ	16213	;# 
  5219   003F56                     CWG1CON0        equ	16214	;# 
  5220   003F57                     CWG1CON1        equ	16215	;# 
  5221   003F58                     CWG1AS0         equ	16216	;# 
  5222   003F59                     CWG1AS1         equ	16217	;# 
  5223   003F5A                     CWG1STR         equ	16218	;# 
  5224   003F5E                     CCPTMRS0        equ	16222	;# 
  5225   003F5F                     CCPTMRS1        equ	16223	;# 
  5226   003F60                     PWM8DC          equ	16224	;# 
  5227   003F60                     PWM8DCL         equ	16224	;# 
  5228   003F61                     PWM8DCH         equ	16225	;# 
  5229   003F62                     PWM8CON         equ	16226	;# 
  5230   003F64                     PWM7DC          equ	16228	;# 
  5231   003F64                     PWM7DCL         equ	16228	;# 
  5232   003F65                     PWM7DCH         equ	16229	;# 
  5233   003F66                     PWM7CON         equ	16230	;# 
  5234   003F68                     PWM6DC          equ	16232	;# 
  5235   003F68                     PWM6DCL         equ	16232	;# 
  5236   003F69                     PWM6DCH         equ	16233	;# 
  5237   003F6A                     PWM6CON         equ	16234	;# 
  5238   003F6C                     PWM5DC          equ	16236	;# 
  5239   003F6C                     PWM5DCL         equ	16236	;# 
  5240   003F6D                     PWM5DCH         equ	16237	;# 
  5241   003F6E                     PWM5CON         equ	16238	;# 
  5242   003F70                     CCPR4           equ	16240	;# 
  5243   003F70                     CCPR4L          equ	16240	;# 
  5244   003F71                     CCPR4H          equ	16241	;# 
  5245   003F72                     CCP4CON         equ	16242	;# 
  5246   003F73                     CCP4CAP         equ	16243	;# 
  5247   003F74                     CCPR3           equ	16244	;# 
  5248   003F74                     CCPR3L          equ	16244	;# 
  5249   003F75                     CCPR3H          equ	16245	;# 
  5250   003F76                     CCP3CON         equ	16246	;# 
  5251   003F77                     CCP3CAP         equ	16247	;# 
  5252   003F78                     CCPR2           equ	16248	;# 
  5253   003F78                     CCPR2L          equ	16248	;# 
  5254   003F79                     CCPR2H          equ	16249	;# 
  5255   003F7A                     CCP2CON         equ	16250	;# 
  5256   003F7B                     CCP2CAP         equ	16251	;# 
  5257   003F7C                     CCPR1           equ	16252	;# 
  5258   003F7C                     CCPR1L          equ	16252	;# 
  5259   003F7D                     CCPR1H          equ	16253	;# 
  5260   003F7E                     CCP1CON         equ	16254	;# 
  5261   003F7F                     CCP1CAP         equ	16255	;# 
  5262   003F92                     T6TMR           equ	16274	;# 
  5263   003F92                     TMR6            equ	16274	;# 
  5264   003F93                     T6PR            equ	16275	;# 
  5265   003F93                     PR6             equ	16275	;# 
  5266   003F94                     T6CON           equ	16276	;# 
  5267   003F95                     T6HLT           equ	16277	;# 
  5268   003F96                     T6CLKCON        equ	16278	;# 
  5269   003F96                     T6CLK           equ	16278	;# 
  5270   003F97                     T6RST           equ	16279	;# 
  5271   003F98                     TMR5            equ	16280	;# 
  5272   003F98                     TMR5L           equ	16280	;# 
  5273   003F99                     TMR5H           equ	16281	;# 
  5274   003F9A                     T5CON           equ	16282	;# 
  5275   003F9A                     TMR5CON         equ	16282	;# 
  5276   003F9B                     T5GCON          equ	16283	;# 
  5277   003F9B                     TMR5GCON        equ	16283	;# 
  5278   003F9C                     T5GATE          equ	16284	;# 
  5279   003F9C                     TMR5GATE        equ	16284	;# 
  5280   003F9D                     T5CLK           equ	16285	;# 
  5281   003F9D                     TMR5CLK         equ	16285	;# 
  5282   003F9D                     PR5             equ	16285	;# 
  5283   003F9E                     T4TMR           equ	16286	;# 
  5284   003F9E                     TMR4            equ	16286	;# 
  5285   003F9F                     T4PR            equ	16287	;# 
  5286   003F9F                     PR4             equ	16287	;# 
  5287   003FA0                     T4CON           equ	16288	;# 
  5288   003FA1                     T4HLT           equ	16289	;# 
  5289   003FA2                     T4CLKCON        equ	16290	;# 
  5290   003FA2                     T4CLK           equ	16290	;# 
  5291   003FA3                     T4RST           equ	16291	;# 
  5292   003FA4                     TMR3            equ	16292	;# 
  5293   003FA4                     TMR3L           equ	16292	;# 
  5294   003FA5                     TMR3H           equ	16293	;# 
  5295   003FA6                     T3CON           equ	16294	;# 
  5296   003FA6                     TMR3CON         equ	16294	;# 
  5297   003FA7                     T3GCON          equ	16295	;# 
  5298   003FA7                     TMR3GCON        equ	16295	;# 
  5299   003FA8                     T3GATE          equ	16296	;# 
  5300   003FA8                     TMR3GATE        equ	16296	;# 
  5301   003FA9                     T3CLK           equ	16297	;# 
  5302   003FA9                     TMR3CLK         equ	16297	;# 
  5303   003FA9                     PR3             equ	16297	;# 
  5304   003FAA                     T2TMR           equ	16298	;# 
  5305   003FAA                     TMR2            equ	16298	;# 
  5306   003FAB                     T2PR            equ	16299	;# 
  5307   003FAB                     PR2             equ	16299	;# 
  5308   003FAC                     T2CON           equ	16300	;# 
  5309   003FAD                     T2HLT           equ	16301	;# 
  5310   003FAE                     T2CLKCON        equ	16302	;# 
  5311   003FAE                     T2CLK           equ	16302	;# 
  5312   003FAF                     T2RST           equ	16303	;# 
  5313   003FB0                     TMR1            equ	16304	;# 
  5314   003FB0                     TMR1L           equ	16304	;# 
  5315   003FB1                     TMR1H           equ	16305	;# 
  5316   003FB2                     T1CON           equ	16306	;# 
  5317   003FB2                     TMR1CON         equ	16306	;# 
  5318   003FB3                     T1GCON          equ	16307	;# 
  5319   003FB3                     TMR1GCON        equ	16307	;# 
  5320   003FB4                     T1GATE          equ	16308	;# 
  5321   003FB4                     TMR1GATE        equ	16308	;# 
  5322   003FB5                     T1CLK           equ	16309	;# 
  5323   003FB5                     TMR1CLK         equ	16309	;# 
  5324   003FB5                     PR1             equ	16309	;# 
  5325   003FB6                     TMR0L           equ	16310	;# 
  5326   003FB6                     TMR0            equ	16310	;# 
  5327   003FB7                     TMR0H           equ	16311	;# 
  5328   003FB7                     PR0             equ	16311	;# 
  5329   003FB8                     T0CON0          equ	16312	;# 
  5330   003FB9                     T0CON1          equ	16313	;# 
  5331   003FBA                     LATA            equ	16314	;# 
  5332   003FBB                     LATB            equ	16315	;# 
  5333   003FBC                     LATC            equ	16316	;# 
  5334   003FBD                     LATD            equ	16317	;# 
  5335   003FBE                     LATE            equ	16318	;# 
  5336   003FC2                     TRISA           equ	16322	;# 
  5337   003FC3                     TRISB           equ	16323	;# 
  5338   003FC4                     TRISC           equ	16324	;# 
  5339   003FC5                     TRISD           equ	16325	;# 
  5340   003FC6                     TRISE           equ	16326	;# 
  5341   003FCA                     PORTA           equ	16330	;# 
  5342   003FCB                     PORTB           equ	16331	;# 
  5343   003FCC                     PORTC           equ	16332	;# 
  5344   003FCD                     PORTD           equ	16333	;# 
  5345   003FCE                     PORTE           equ	16334	;# 
  5346   003FD2                     INTCON0         equ	16338	;# 
  5347   003FD3                     INTCON1         equ	16339	;# 
  5348   003FD4                     IVTLOCK         equ	16340	;# 
  5349   003FD5                     IVTBASE         equ	16341	;# 
  5350   003FD5                     IVTBASEL        equ	16341	;# 
  5351   003FD6                     IVTBASEH        equ	16342	;# 
  5352   003FD7                     IVTBASEU        equ	16343	;# 
  5353   003FD8                     STATUS          equ	16344	;# 
  5354   003FD9                     FSR2            equ	16345	;# 
  5355   003FD9                     FSR2L           equ	16345	;# 
  5356   003FDA                     FSR2H           equ	16346	;# 
  5357   003FDB                     PLUSW2          equ	16347	;# 
  5358   003FDC                     PREINC2         equ	16348	;# 
  5359   003FDD                     POSTDEC2        equ	16349	;# 
  5360   003FDE                     POSTINC2        equ	16350	;# 
  5361   003FDF                     INDF2           equ	16351	;# 
  5362   003FE0                     BSR             equ	16352	;# 
  5363   003FE1                     FSR1            equ	16353	;# 
  5364   003FE1                     FSR1L           equ	16353	;# 
  5365   003FE2                     FSR1H           equ	16354	;# 
  5366   003FE3                     PLUSW1          equ	16355	;# 
  5367   003FE4                     PREINC1         equ	16356	;# 
  5368   003FE5                     POSTDEC1        equ	16357	;# 
  5369   003FE6                     POSTINC1        equ	16358	;# 
  5370   003FE7                     INDF1           equ	16359	;# 
  5371   003FE8                     WREG            equ	16360	;# 
  5372   003FE9                     FSR0            equ	16361	;# 
  5373   003FE9                     FSR0L           equ	16361	;# 
  5374   003FEA                     FSR0H           equ	16362	;# 
  5375   003FEB                     PLUSW0          equ	16363	;# 
  5376   003FEC                     PREINC0         equ	16364	;# 
  5377   003FED                     POSTDEC0        equ	16365	;# 
  5378   003FEE                     POSTINC0        equ	16366	;# 
  5379   003FEF                     INDF0           equ	16367	;# 
  5380   003FF0                     PCON0           equ	16368	;# 
  5381   003FF1                     PCON1           equ	16369	;# 
  5382   003FF3                     PROD            equ	16371	;# 
  5383   003FF3                     PRODL           equ	16371	;# 
  5384   003FF4                     PRODH           equ	16372	;# 
  5385   003FF5                     TABLAT          equ	16373	;# 
  5386   003FF6                     TBLPTR          equ	16374	;# 
  5387   003FF6                     TBLPTRL         equ	16374	;# 
  5388   003FF7                     TBLPTRH         equ	16375	;# 
  5389   003FF8                     TBLPTRU         equ	16376	;# 
  5390   003FF9                     PCLAT           equ	16377	;# 
  5391   003FF9                     PCL             equ	16377	;# 
  5392   003FFA                     PCLATH          equ	16378	;# 
  5393   003FFB                     PCLATU          equ	16379	;# 
  5394   003FFC                     STKPTR          equ	16380	;# 
  5395   003FFD                     TOS             equ	16381	;# 
  5396   003FFD                     TOSL            equ	16381	;# 
  5397   003FFE                     TOSH            equ	16382	;# 
  5398   003FFF                     TOSU            equ	16383	;# 
  5399   003880                     STATUS_CSHAD    equ	14464	;# 
  5400   003881                     WREG_CSHAD      equ	14465	;# 
  5401   003882                     BSR_CSHAD       equ	14466	;# 
  5402   003883                     SHADCON         equ	14467	;# 
  5403   003884                     STATUS_SHAD     equ	14468	;# 
  5404   003885                     WREG_SHAD       equ	14469	;# 
  5405   003886                     BSR_SHAD        equ	14470	;# 
  5406   003887                     PCLATH_SHAD     equ	14471	;# 
  5407   003888                     PCLATU_SHAD     equ	14472	;# 
  5408   003889                     FSR0SH          equ	14473	;# 
  5409   003889                     FSR0L_SHAD      equ	14473	;# 
  5410   00388A                     FSR0H_SHAD      equ	14474	;# 
  5411   00388B                     FSR1SH          equ	14475	;# 
  5412   00388B                     FSR1L_SHAD      equ	14475	;# 
  5413   00388C                     FSR1H_SHAD      equ	14476	;# 
  5414   00388D                     FSR2SH          equ	14477	;# 
  5415   00388D                     FSR2L_SHAD      equ	14477	;# 
  5416   00388E                     FSR2H_SHAD      equ	14478	;# 
  5417   00388F                     PRODSH          equ	14479	;# 
  5418   00388F                     PRODL_SHAD      equ	14479	;# 
  5419   003890                     PRODH_SHAD      equ	14480	;# 
  5420   00389D                     IVTADL          equ	14493	;# 
  5421   00389E                     IVTADH          equ	14494	;# 
  5422   00389F                     IVTADU          equ	14495	;# 
  5423   00395B                     WDTCON0         equ	14683	;# 
  5424   00395C                     WDTCON1         equ	14684	;# 
  5425   00395D                     WDTPSL          equ	14685	;# 
  5426   00395E                     WDTPSH          equ	14686	;# 
  5427   00395F                     WDTTMR          equ	14687	;# 
  5428   003960                     CRCDATA         equ	14688	;# 
  5429   003960                     CRCDATL         equ	14688	;# 
  5430   003961                     CRCDATH         equ	14689	;# 
  5431   003962                     CRCACC          equ	14690	;# 
  5432   003962                     CRCACCL         equ	14690	;# 
  5433   003963                     CRCACCH         equ	14691	;# 
  5434   003964                     CRCSHFT         equ	14692	;# 
  5435   003964                     CRCSHIFTL       equ	14692	;# 
  5436   003965                     CRCSHIFTH       equ	14693	;# 
  5437   003966                     CRCXOR          equ	14694	;# 
  5438   003966                     CRCXORL         equ	14694	;# 
  5439   003967                     CRCXORH         equ	14695	;# 
  5440   003968                     CRCCON0         equ	14696	;# 
  5441   003969                     CRCCON1         equ	14697	;# 
  5442   003976                     SCANLADR        equ	14710	;# 
  5443   003976                     SCANLADRL       equ	14710	;# 
  5444   003977                     SCANLADRH       equ	14711	;# 
  5445   003978                     SCANLADRU       equ	14712	;# 
  5446   003979                     SCANHADR        equ	14713	;# 
  5447   003979                     SCANHADRL       equ	14713	;# 
  5448   00397A                     SCANHADRH       equ	14714	;# 
  5449   00397B                     SCANHADRU       equ	14715	;# 
  5450   00397C                     SCANCON0        equ	14716	;# 
  5451   00397D                     SCANTRIG        equ	14717	;# 
  5452   003980                     IPR0            equ	14720	;# 
  5453   003981                     IPR1            equ	14721	;# 
  5454   003982                     IPR2            equ	14722	;# 
  5455   003983                     IPR3            equ	14723	;# 
  5456   003984                     IPR4            equ	14724	;# 
  5457   003985                     IPR5            equ	14725	;# 
  5458   003986                     IPR6            equ	14726	;# 
  5459   003987                     IPR7            equ	14727	;# 
  5460   003988                     IPR8            equ	14728	;# 
  5461   003989                     IPR9            equ	14729	;# 
  5462   00398A                     IPR10           equ	14730	;# 
  5463   003990                     PIE0            equ	14736	;# 
  5464   003991                     PIE1            equ	14737	;# 
  5465   003992                     PIE2            equ	14738	;# 
  5466   003993                     PIE3            equ	14739	;# 
  5467   003994                     PIE4            equ	14740	;# 
  5468   003995                     PIE5            equ	14741	;# 
  5469   003996                     PIE6            equ	14742	;# 
  5470   003997                     PIE7            equ	14743	;# 
  5471   003998                     PIE8            equ	14744	;# 
  5472   003999                     PIE9            equ	14745	;# 
  5473   00399A                     PIE10           equ	14746	;# 
  5474   0039A0                     PIR0            equ	14752	;# 
  5475   0039A1                     PIR1            equ	14753	;# 
  5476   0039A2                     PIR2            equ	14754	;# 
  5477   0039A3                     PIR3            equ	14755	;# 
  5478   0039A4                     PIR4            equ	14756	;# 
  5479   0039A5                     PIR5            equ	14757	;# 
  5480   0039A6                     PIR6            equ	14758	;# 
  5481   0039A7                     PIR7            equ	14759	;# 
  5482   0039A8                     PIR8            equ	14760	;# 
  5483   0039A9                     PIR9            equ	14761	;# 
  5484   0039AA                     PIR10           equ	14762	;# 
  5485   0039C0                     PMD0            equ	14784	;# 
  5486   0039C1                     PMD1            equ	14785	;# 
  5487   0039C2                     PMD2            equ	14786	;# 
  5488   0039C3                     PMD3            equ	14787	;# 
  5489   0039C4                     PMD4            equ	14788	;# 
  5490   0039C5                     PMD5            equ	14789	;# 
  5491   0039C6                     PMD6            equ	14790	;# 
  5492   0039C7                     PMD7            equ	14791	;# 
  5493   0039D0                     BORCON          equ	14800	;# 
  5494   0039D1                     VREGCON         equ	14801	;# 
  5495   0039D8                     CPUDOZE         equ	14808	;# 
  5496   0039D9                     OSCCON1         equ	14809	;# 
  5497   0039DA                     OSCCON2         equ	14810	;# 
  5498   0039DB                     OSCCON3         equ	14811	;# 
  5499   0039DC                     OSCSTAT         equ	14812	;# 
  5500   0039DC                     OSCSTAT1        equ	14812	;# 
  5501   0039DD                     OSCEN           equ	14813	;# 
  5502   0039DE                     OSCTUNE         equ	14814	;# 
  5503   0039DF                     OSCFRQ          equ	14815	;# 
  5504   0039E0                     NVMADRL         equ	14816	;# 
  5505   0039E1                     NVMADRH         equ	14817	;# 
  5506   0039E3                     NVMDAT          equ	14819	;# 
  5507   0039E5                     NVMCON1         equ	14821	;# 
  5508   0039E6                     NVMCON2         equ	14822	;# 
  5509   0039EF                     PRLOCK          equ	14831	;# 
  5510   0039F1                     ISRPR           equ	14833	;# 
  5511   0039F2                     MAINPR          equ	14834	;# 
  5512   0039F3                     DMA1PR          equ	14835	;# 
  5513   0039F4                     DMA2PR          equ	14836	;# 
  5514   0039F7                     SCANPR          equ	14839	;# 
  5515   003A00                     RA0PPS          equ	14848	;# 
  5516   003A01                     RA1PPS          equ	14849	;# 
  5517   003A02                     RA2PPS          equ	14850	;# 
  5518   003A03                     RA3PPS          equ	14851	;# 
  5519   003A04                     RA4PPS          equ	14852	;# 
  5520   003A05                     RA5PPS          equ	14853	;# 
  5521   003A06                     RA6PPS          equ	14854	;# 
  5522   003A07                     RA7PPS          equ	14855	;# 
  5523   003A08                     RB0PPS          equ	14856	;# 
  5524   003A09                     RB1PPS          equ	14857	;# 
  5525   003A0A                     RB2PPS          equ	14858	;# 
  5526   003A0B                     RB3PPS          equ	14859	;# 
  5527   003A0C                     RB4PPS          equ	14860	;# 
  5528   003A0D                     RB5PPS          equ	14861	;# 
  5529   003A0E                     RB6PPS          equ	14862	;# 
  5530   003A0F                     RB7PPS          equ	14863	;# 
  5531   003A10                     RC0PPS          equ	14864	;# 
  5532   003A11                     RC1PPS          equ	14865	;# 
  5533   003A12                     RC2PPS          equ	14866	;# 
  5534   003A13                     RC3PPS          equ	14867	;# 
  5535   003A14                     RC4PPS          equ	14868	;# 
  5536   003A15                     RC5PPS          equ	14869	;# 
  5537   003A16                     RC6PPS          equ	14870	;# 
  5538   003A17                     RC7PPS          equ	14871	;# 
  5539   003A18                     RD0PPS          equ	14872	;# 
  5540   003A19                     RD1PPS          equ	14873	;# 
  5541   003A1A                     RD2PPS          equ	14874	;# 
  5542   003A1B                     RD3PPS          equ	14875	;# 
  5543   003A1C                     RD4PPS          equ	14876	;# 
  5544   003A1D                     RD5PPS          equ	14877	;# 
  5545   003A1E                     RD6PPS          equ	14878	;# 
  5546   003A1F                     RD7PPS          equ	14879	;# 
  5547   003A20                     RE0PPS          equ	14880	;# 
  5548   003A21                     RE1PPS          equ	14881	;# 
  5549   003A22                     RE2PPS          equ	14882	;# 
  5550   003A40                     ANSELA          equ	14912	;# 
  5551   003A41                     WPUA            equ	14913	;# 
  5552   003A42                     ODCONA          equ	14914	;# 
  5553   003A43                     SLRCONA         equ	14915	;# 
  5554   003A44                     INLVLA          equ	14916	;# 
  5555   003A45                     IOCAP           equ	14917	;# 
  5556   003A46                     IOCAN           equ	14918	;# 
  5557   003A47                     IOCAF           equ	14919	;# 
  5558   003A48                     CCDPA           equ	14920	;# 
  5559   003A49                     CCDNA           equ	14921	;# 
  5560   003A50                     ANSELB          equ	14928	;# 
  5561   003A51                     WPUB            equ	14929	;# 
  5562   003A52                     ODCONB          equ	14930	;# 
  5563   003A53                     SLRCONB         equ	14931	;# 
  5564   003A54                     INLVLB          equ	14932	;# 
  5565   003A55                     IOCBP           equ	14933	;# 
  5566   003A56                     IOCBN           equ	14934	;# 
  5567   003A57                     IOCBF           equ	14935	;# 
  5568   003A58                     CCDPB           equ	14936	;# 
  5569   003A59                     CCDNB           equ	14937	;# 
  5570   003A5A                     RB1I2C          equ	14938	;# 
  5571   003A5B                     RB2I2C          equ	14939	;# 
  5572   003A60                     ANSELC          equ	14944	;# 
  5573   003A61                     WPUC            equ	14945	;# 
  5574   003A62                     ODCONC          equ	14946	;# 
  5575   003A63                     SLRCONC         equ	14947	;# 
  5576   003A64                     INLVLC          equ	14948	;# 
  5577   003A65                     IOCCP           equ	14949	;# 
  5578   003A66                     IOCCN           equ	14950	;# 
  5579   003A67                     IOCCF           equ	14951	;# 
  5580   003A68                     CCDPC           equ	14952	;# 
  5581   003A69                     CCDNC           equ	14953	;# 
  5582   003A6A                     RC3I2C          equ	14954	;# 
  5583   003A6B                     RC4I2C          equ	14955	;# 
  5584   003A70                     ANSELD          equ	14960	;# 
  5585   003A71                     WPUD            equ	14961	;# 
  5586   003A72                     ODCOND          equ	14962	;# 
  5587   003A73                     SLRCOND         equ	14963	;# 
  5588   003A74                     INLVLD          equ	14964	;# 
  5589   003A78                     CCDPD           equ	14968	;# 
  5590   003A79                     CCDND           equ	14969	;# 
  5591   003A7A                     RD0I2C          equ	14970	;# 
  5592   003A7B                     RD1I2C          equ	14971	;# 
  5593   003A80                     ANSELE          equ	14976	;# 
  5594   003A81                     WPUE            equ	14977	;# 
  5595   003A82                     ODCONE          equ	14978	;# 
  5596   003A83                     SLRCONE         equ	14979	;# 
  5597   003A84                     INLVLE          equ	14980	;# 
  5598   003A85                     IOCEP           equ	14981	;# 
  5599   003A86                     IOCEN           equ	14982	;# 
  5600   003A87                     IOCEF           equ	14983	;# 
  5601   003A88                     CCDPE           equ	14984	;# 
  5602   003A89                     CCDNE           equ	14985	;# 
  5603   003ABE                     CCDCON          equ	15038	;# 
  5604   003ABF                     PPSLOCK         equ	15039	;# 
  5605   003AC0                     INT0PPS         equ	15040	;# 
  5606   003AC1                     INT1PPS         equ	15041	;# 
  5607   003AC2                     INT2PPS         equ	15042	;# 
  5608   003AC3                     T0CKIPPS        equ	15043	;# 
  5609   003AC4                     T1CKIPPS        equ	15044	;# 
  5610   003AC5                     T1GPPS          equ	15045	;# 
  5611   003AC6                     T3CKIPPS        equ	15046	;# 
  5612   003AC7                     T3GPPS          equ	15047	;# 
  5613   003AC8                     T5CKIPPS        equ	15048	;# 
  5614   003AC9                     T5GPPS          equ	15049	;# 
  5615   003ACA                     T2INPPS         equ	15050	;# 
  5616   003ACB                     T4INPPS         equ	15051	;# 
  5617   003ACC                     T6INPPS         equ	15052	;# 
  5618   003ACD                     CCP1PPS         equ	15053	;# 
  5619   003ACE                     CCP2PPS         equ	15054	;# 
  5620   003ACF                     CCP3PPS         equ	15055	;# 
  5621   003AD0                     CCP4PPS         equ	15056	;# 
  5622   003AD1                     SMT1WINPPS      equ	15057	;# 
  5623   003AD2                     SMT1SIGPPS      equ	15058	;# 
  5624   003AD3                     CWG1INPPS       equ	15059	;# 
  5625   003AD4                     CWG2INPPS       equ	15060	;# 
  5626   003AD5                     CWG3INPPS       equ	15061	;# 
  5627   003AD6                     MD1CARLPPS      equ	15062	;# 
  5628   003AD7                     MD1CARHPPS      equ	15063	;# 
  5629   003AD8                     MD1SRCPPS       equ	15064	;# 
  5630   003AD9                     CLCIN0PPS       equ	15065	;# 
  5631   003ADA                     CLCIN1PPS       equ	15066	;# 
  5632   003ADB                     CLCIN2PPS       equ	15067	;# 
  5633   003ADC                     CLCIN3PPS       equ	15068	;# 
  5634   003ADD                     ADACTPPS        equ	15069	;# 
  5635   003ADE                     SPI1SCKPPS      equ	15070	;# 
  5636   003ADF                     SPI1SDIPPS      equ	15071	;# 
  5637   003AE0                     SPI1SSPPS       equ	15072	;# 
  5638   003AE1                     I2C1SCLPPS      equ	15073	;# 
  5639   003AE2                     I2C1SDAPPS      equ	15074	;# 
  5640   003AE3                     I2C2SCLPPS      equ	15075	;# 
  5641   003AE4                     I2C2SDAPPS      equ	15076	;# 
  5642   003AE5                     U1RXPPS         equ	15077	;# 
  5643   003AE6                     U1CTSPPS        equ	15078	;# 
  5644   003AE8                     U2RXPPS         equ	15080	;# 
  5645   003AE9                     U2CTSPPS        equ	15081	;# 
  5646   003BC9                     DMA2BUF         equ	15305	;# 
  5647   003BCA                     DMA2DCNT        equ	15306	;# 
  5648   003BCA                     DMA2DCNTL       equ	15306	;# 
  5649   003BCB                     DMA2DCNTH       equ	15307	;# 
  5650   003BCC                     DMA2DPTR        equ	15308	;# 
  5651   003BCC                     DMA2DPTRL       equ	15308	;# 
  5652   003BCD                     DMA2DPTRH       equ	15309	;# 
  5653   003BCE                     DMA2DSZ         equ	15310	;# 
  5654   003BCE                     DMA2DSZL        equ	15310	;# 
  5655   003BCF                     DMA2DSZH        equ	15311	;# 
  5656   003BD0                     DMA2DSA         equ	15312	;# 
  5657   003BD0                     DMA2DSAL        equ	15312	;# 
  5658   003BD1                     DMA2DSAH        equ	15313	;# 
  5659   003BD2                     DMA2SCNT        equ	15314	;# 
  5660   003BD2                     DMA2SCNTL       equ	15314	;# 
  5661   003BD3                     DMA2SCNTH       equ	15315	;# 
  5662   003BD4                     DMA2SPTR        equ	15316	;# 
  5663   003BD4                     DMA2SPTRL       equ	15316	;# 
  5664   003BD5                     DMA2SPTRH       equ	15317	;# 
  5665   003BD6                     DMA2SPTRU       equ	15318	;# 
  5666   003BD7                     DMA2SSZ         equ	15319	;# 
  5667   003BD7                     DMA2SSZL        equ	15319	;# 
  5668   003BD8                     DMA2SSZH        equ	15320	;# 
  5669   003BD9                     DMA2SSA         equ	15321	;# 
  5670   003BD9                     DMA2SSAL        equ	15321	;# 
  5671   003BDA                     DMA2SSAH        equ	15322	;# 
  5672   003BDB                     DMA2SSAU        equ	15323	;# 
  5673   003BDC                     DMA2CON0        equ	15324	;# 
  5674   003BDD                     DMA2CON1        equ	15325	;# 
  5675   003BDE                     DMA2AIRQ        equ	15326	;# 
  5676   003BDF                     DMA2SIRQ        equ	15327	;# 
  5677   003BE9                     DMA1BUF         equ	15337	;# 
  5678   003BEA                     DMA1DCNT        equ	15338	;# 
  5679   003BEA                     DMA1DCNTL       equ	15338	;# 
  5680   003BEB                     DMA1DCNTH       equ	15339	;# 
  5681   003BEC                     DMA1DPTR        equ	15340	;# 
  5682   003BEC                     DMA1DPTRL       equ	15340	;# 
  5683   003BED                     DMA1DPTRH       equ	15341	;# 
  5684   003BEE                     DMA1DSZ         equ	15342	;# 
  5685   003BEE                     DMA1DSZL        equ	15342	;# 
  5686   003BEF                     DMA1DSZH        equ	15343	;# 
  5687   003BF0                     DMA1DSA         equ	15344	;# 
  5688   003BF0                     DMA1DSAL        equ	15344	;# 
  5689   003BF1                     DMA1DSAH        equ	15345	;# 
  5690   003BF2                     DMA1SCNT        equ	15346	;# 
  5691   003BF2                     DMA1SCNTL       equ	15346	;# 
  5692   003BF3                     DMA1SCNTH       equ	15347	;# 
  5693   003BF4                     DMA1SPTR        equ	15348	;# 
  5694   003BF4                     DMA1SPTRL       equ	15348	;# 
  5695   003BF5                     DMA1SPTRH       equ	15349	;# 
  5696   003BF6                     DMA1SPTRU       equ	15350	;# 
  5697   003BF7                     DMA1SSZ         equ	15351	;# 
  5698   003BF7                     DMA1SSZL        equ	15351	;# 
  5699   003BF8                     DMA1SSZH        equ	15352	;# 
  5700   003BF9                     DMA1SSA         equ	15353	;# 
  5701   003BF9                     DMA1SSAL        equ	15353	;# 
  5702   003BFA                     DMA1SSAH        equ	15354	;# 
  5703   003BFB                     DMA1SSAU        equ	15355	;# 
  5704   003BFC                     DMA1CON0        equ	15356	;# 
  5705   003BFD                     DMA1CON1        equ	15357	;# 
  5706   003BFE                     DMA1AIRQ        equ	15358	;# 
  5707   003BFF                     DMA1SIRQ        equ	15359	;# 
  5708   003C56                     CLC4CON         equ	15446	;# 
  5709   003C57                     CLC4POL         equ	15447	;# 
  5710   003C58                     CLC4SEL0        equ	15448	;# 
  5711   003C59                     CLC4SEL1        equ	15449	;# 
  5712   003C5A                     CLC4SEL2        equ	15450	;# 
  5713   003C5B                     CLC4SEL3        equ	15451	;# 
  5714   003C5C                     CLC4GLS0        equ	15452	;# 
  5715   003C5D                     CLC4GLS1        equ	15453	;# 
  5716   003C5E                     CLC4GLS2        equ	15454	;# 
  5717   003C5F                     CLC4GLS3        equ	15455	;# 
  5718   003C60                     CLC3CON         equ	15456	;# 
  5719   003C61                     CLC3POL         equ	15457	;# 
  5720   003C62                     CLC3SEL0        equ	15458	;# 
  5721   003C63                     CLC3SEL1        equ	15459	;# 
  5722   003C64                     CLC3SEL2        equ	15460	;# 
  5723   003C65                     CLC3SEL3        equ	15461	;# 
  5724   003C66                     CLC3GLS0        equ	15462	;# 
  5725   003C67                     CLC3GLS1        equ	15463	;# 
  5726   003C68                     CLC3GLS2        equ	15464	;# 
  5727   003C69                     CLC3GLS3        equ	15465	;# 
  5728   003C6A                     CLC2CON         equ	15466	;# 
  5729   003C6B                     CLC2POL         equ	15467	;# 
  5730   003C6C                     CLC2SEL0        equ	15468	;# 
  5731   003C6D                     CLC2SEL1        equ	15469	;# 
  5732   003C6E                     CLC2SEL2        equ	15470	;# 
  5733   003C6F                     CLC2SEL3        equ	15471	;# 
  5734   003C70                     CLC2GLS0        equ	15472	;# 
  5735   003C71                     CLC2GLS1        equ	15473	;# 
  5736   003C72                     CLC2GLS2        equ	15474	;# 
  5737   003C73                     CLC2GLS3        equ	15475	;# 
  5738   003C74                     CLC1CON         equ	15476	;# 
  5739   003C75                     CLC1POL         equ	15477	;# 
  5740   003C76                     CLC1SEL0        equ	15478	;# 
  5741   003C77                     CLC1SEL1        equ	15479	;# 
  5742   003C78                     CLC1SEL2        equ	15480	;# 
  5743   003C79                     CLC1SEL3        equ	15481	;# 
  5744   003C7A                     CLC1GLS0        equ	15482	;# 
  5745   003C7B                     CLC1GLS1        equ	15483	;# 
  5746   003C7C                     CLC1GLS2        equ	15484	;# 
  5747   003C7D                     CLC1GLS3        equ	15485	;# 
  5748   003C7E                     CLCDATA0        equ	15486	;# 
  5749   003CE5                     CLKRCON         equ	15589	;# 
  5750   003CE6                     CLKRCLK         equ	15590	;# 
  5751   003CFA                     MD1CON0         equ	15610	;# 
  5752   003CFB                     MD1CON1         equ	15611	;# 
  5753   003CFC                     MD1SRC          equ	15612	;# 
  5754   003CFD                     MD1CARL         equ	15613	;# 
  5755   003CFE                     MD1CARH         equ	15614	;# 
  5756   003D10                     SPI1RXB         equ	15632	;# 
  5757   003D11                     SPI1TXB         equ	15633	;# 
  5758   003D12                     SPI1TCNT        equ	15634	;# 
  5759   003D12                     SPI1TCNTL       equ	15634	;# 
  5760   003D13                     SPI1TCNTH       equ	15635	;# 
  5761   003D14                     SPI1CON0        equ	15636	;# 
  5762   003D15                     SPI1CON1        equ	15637	;# 
  5763   003D16                     SPI1CON2        equ	15638	;# 
  5764   003D17                     SPI1STATUS      equ	15639	;# 
  5765   003D18                     SPI1TWIDTH      equ	15640	;# 
  5766   003D19                     SPI1BAUD        equ	15641	;# 
  5767   003D1A                     SPI1INTF        equ	15642	;# 
  5768   003D1B                     SPI1INTE        equ	15643	;# 
  5769   003D1C                     SPI1CLK         equ	15644	;# 
  5770   003D54                     I2C2RXB         equ	15700	;# 
  5771   003D55                     I2C2TXB         equ	15701	;# 
  5772   003D56                     I2C2CNT         equ	15702	;# 
  5773   003D57                     I2C2ADB0        equ	15703	;# 
  5774   003D58                     I2C2ADB1        equ	15704	;# 
  5775   003D59                     I2C2ADR0        equ	15705	;# 
  5776   003D5A                     I2C2ADR1        equ	15706	;# 
  5777   003D5B                     I2C2ADR2        equ	15707	;# 
  5778   003D5C                     I2C2ADR3        equ	15708	;# 
  5779   003D5D                     I2C2CON0        equ	15709	;# 
  5780   003D5E                     I2C2CON1        equ	15710	;# 
  5781   003D5F                     I2C2CON2        equ	15711	;# 
  5782   003D60                     I2C2ERR         equ	15712	;# 
  5783   003D61                     I2C2STAT0       equ	15713	;# 
  5784   003D62                     I2C2STAT1       equ	15714	;# 
  5785   003D63                     I2C2PIR         equ	15715	;# 
  5786   003D64                     I2C2PIE         equ	15716	;# 
  5787   003D65                     I2C2CLK         equ	15717	;# 
  5788   003D66                     I2C2BTO         equ	15718	;# 
  5789   003D6A                     I2C1RXB         equ	15722	;# 
  5790   003D6B                     I2C1TXB         equ	15723	;# 
  5791   003D6C                     I2C1CNT         equ	15724	;# 
  5792   003D6D                     I2C1ADB0        equ	15725	;# 
  5793   003D6E                     I2C1ADB1        equ	15726	;# 
  5794   003D6F                     I2C1ADR0        equ	15727	;# 
  5795   003D70                     I2C1ADR1        equ	15728	;# 
  5796   003D71                     I2C1ADR2        equ	15729	;# 
  5797   003D72                     I2C1ADR3        equ	15730	;# 
  5798   003D73                     I2C1CON0        equ	15731	;# 
  5799   003D74                     I2C1CON1        equ	15732	;# 
  5800   003D75                     I2C1CON2        equ	15733	;# 
  5801   003D76                     I2C1ERR         equ	15734	;# 
  5802   003D77                     I2C1STAT0       equ	15735	;# 
  5803   003D78                     I2C1STAT1       equ	15736	;# 
  5804   003D79                     I2C1PIR         equ	15737	;# 
  5805   003D7A                     I2C1PIE         equ	15738	;# 
  5806   003D7B                     I2C1CLK         equ	15739	;# 
  5807   003D7C                     I2C1BTO         equ	15740	;# 
  5808   003DD0                     U2RXB           equ	15824	;# 
  5809   003DD0                     U2RXBL          equ	15824	;# 
  5810   003DD2                     U2TXB           equ	15826	;# 
  5811   003DD2                     U2TXBL          equ	15826	;# 
  5812   003DD4                     U2P1            equ	15828	;# 
  5813   003DD4                     U2P1L           equ	15828	;# 
  5814   003DD6                     U2P2            equ	15830	;# 
  5815   003DD6                     U2P2L           equ	15830	;# 
  5816   003DD8                     U2P3            equ	15832	;# 
  5817   003DD8                     U2P3L           equ	15832	;# 
  5818   003DDA                     U2CON0          equ	15834	;# 
  5819   003DDB                     U2CON1          equ	15835	;# 
  5820   003DDC                     U2CON2          equ	15836	;# 
  5821   003DDD                     U2BRG           equ	15837	;# 
  5822   003DDD                     U2BRGL          equ	15837	;# 
  5823   003DDE                     U2BRGH          equ	15838	;# 
  5824   003DDF                     U2FIFO          equ	15839	;# 
  5825   003DE0                     U2UIR           equ	15840	;# 
  5826   003DE1                     U2ERRIR         equ	15841	;# 
  5827   003DE2                     U2ERRIE         equ	15842	;# 
  5828   003DE8                     U1RXB           equ	15848	;# 
  5829   003DE8                     U1RXBL          equ	15848	;# 
  5830   003DE9                     U1RXCHK         equ	15849	;# 
  5831   003DEA                     U1TXB           equ	15850	;# 
  5832   003DEA                     U1TXBL          equ	15850	;# 
  5833   003DEB                     U1TXCHK         equ	15851	;# 
  5834   003DEC                     U1P1            equ	15852	;# 
  5835   003DEC                     U1P1L           equ	15852	;# 
  5836   003DED                     U1P1H           equ	15853	;# 
  5837   003DEE                     U1P2            equ	15854	;# 
  5838   003DEE                     U1P2L           equ	15854	;# 
  5839   003DEF                     U1P2H           equ	15855	;# 
  5840   003DF0                     U1P3            equ	15856	;# 
  5841   003DF0                     U1P3L           equ	15856	;# 
  5842   003DF1                     U1P3H           equ	15857	;# 
  5843   003DF2                     U1CON0          equ	15858	;# 
  5844   003DF3                     U1CON1          equ	15859	;# 
  5845   003DF4                     U1CON2          equ	15860	;# 
  5846   003DF5                     U1BRG           equ	15861	;# 
  5847   003DF5                     U1BRGL          equ	15861	;# 
  5848   003DF6                     U1BRGH          equ	15862	;# 
  5849   003DF7                     U1FIFO          equ	15863	;# 
  5850   003DF8                     U1UIR           equ	15864	;# 
  5851   003DF9                     U1ERRIR         equ	15865	;# 
  5852   003DFA                     U1ERRIE         equ	15866	;# 
  5853   003E9C                     DAC1CON1        equ	16028	;# 
  5854   003E9E                     DAC1CON0        equ	16030	;# 
  5855   003EB8                     CM2CON0         equ	16056	;# 
  5856   003EB9                     CM2CON1         equ	16057	;# 
  5857   003EBA                     CM2NCH          equ	16058	;# 
  5858   003EBB                     CM2PCH          equ	16059	;# 
  5859   003EBC                     CM1CON0         equ	16060	;# 
  5860   003EBD                     CM1CON1         equ	16061	;# 
  5861   003EBE                     CM1NCH          equ	16062	;# 
  5862   003EBF                     CM1PCH          equ	16063	;# 
  5863   003EC0                     CMOUT           equ	16064	;# 
  5864   003EC1                     FVRCON          equ	16065	;# 
  5865   003EC3                     ZCDCON          equ	16067	;# 
  5866   003EC9                     HLVDCON0        equ	16073	;# 
  5867   003ECA                     HLVDCON1        equ	16074	;# 
  5868   003ED7                     ADCP            equ	16087	;# 
  5869   003EDE                     ADLTH           equ	16094	;# 
  5870   003EDE                     ADLTHL          equ	16094	;# 
  5871   003EDF                     ADLTHH          equ	16095	;# 
  5872   003EE0                     ADUTH           equ	16096	;# 
  5873   003EE0                     ADUTHL          equ	16096	;# 
  5874   003EE1                     ADUTHH          equ	16097	;# 
  5875   003EE2                     ADERR           equ	16098	;# 
  5876   003EE2                     ADERRL          equ	16098	;# 
  5877   003EE3                     ADERRH          equ	16099	;# 
  5878   003EE4                     ADSTPT          equ	16100	;# 
  5879   003EE4                     ADSTPTL         equ	16100	;# 
  5880   003EE5                     ADSTPTH         equ	16101	;# 
  5881   003EE6                     ADFLTR          equ	16102	;# 
  5882   003EE6                     ADFLTRL         equ	16102	;# 
  5883   003EE7                     ADFLTRH         equ	16103	;# 
  5884   003EE8                     ADACC           equ	16104	;# 
  5885   003EE8                     ADACCL          equ	16104	;# 
  5886   003EE9                     ADACCH          equ	16105	;# 
  5887   003EEA                     ADACCU          equ	16106	;# 
  5888   003EEB                     ADCNT           equ	16107	;# 
  5889   003EEC                     ADRPT           equ	16108	;# 
  5890   003EED                     ADPREV          equ	16109	;# 
  5891   003EED                     ADPREVL         equ	16109	;# 
  5892   003EEE                     ADPREVH         equ	16110	;# 
  5893   003EEF                     ADRES           equ	16111	;# 
  5894   003EEF                     ADRESL          equ	16111	;# 
  5895   003EF0                     ADRESH          equ	16112	;# 
  5896   003EF1                     ADPCH           equ	16113	;# 
  5897   003EF3                     ADACQ           equ	16115	;# 
  5898   003EF3                     ADACQL          equ	16115	;# 
  5899   003EF4                     ADACQH          equ	16116	;# 
  5900   003EF5                     ADCAP           equ	16117	;# 
  5901   003EF6                     ADPRE           equ	16118	;# 
  5902   003EF6                     ADPREL          equ	16118	;# 
  5903   003EF7                     ADPREH          equ	16119	;# 
  5904   003EF8                     ADCON0          equ	16120	;# 
  5905   003EF9                     ADCON1          equ	16121	;# 
  5906   003EFA                     ADCON2          equ	16122	;# 
  5907   003EFB                     ADCON3          equ	16123	;# 
  5908   003EFC                     ADSTAT          equ	16124	;# 
  5909   003EFD                     ADREF           equ	16125	;# 
  5910   003EFE                     ADACT           equ	16126	;# 
  5911   003EFF                     ADCLK           equ	16127	;# 
  5912   003F12                     SMT1TMR         equ	16146	;# 
  5913   003F12                     SMT1TMRL        equ	16146	;# 
  5914   003F13                     SMT1TMRH        equ	16147	;# 
  5915   003F14                     SMT1TMRU        equ	16148	;# 
  5916   003F15                     SMT1CPR         equ	16149	;# 
  5917   003F15                     SMT1CPRL        equ	16149	;# 
  5918   003F16                     SMT1CPRH        equ	16150	;# 
  5919   003F17                     SMT1CPRU        equ	16151	;# 
  5920   003F18                     SMT1CPW         equ	16152	;# 
  5921   003F18                     SMT1CPWL        equ	16152	;# 
  5922   003F19                     SMT1CPWH        equ	16153	;# 
  5923   003F1A                     SMT1CPWU        equ	16154	;# 
  5924   003F1B                     SMT1PR          equ	16155	;# 
  5925   003F1B                     SMT1PRL         equ	16155	;# 
  5926   003F1C                     SMT1PRH         equ	16156	;# 
  5927   003F1D                     SMT1PRU         equ	16157	;# 
  5928   003F1E                     SMT1CON0        equ	16158	;# 
  5929   003F1F                     SMT1CON1        equ	16159	;# 
  5930   003F20                     SMT1STAT        equ	16160	;# 
  5931   003F21                     SMT1CLK         equ	16161	;# 
  5932   003F22                     SMT1SIG         equ	16162	;# 
  5933   003F23                     SMT1WIN         equ	16163	;# 
  5934   003F38                     NCO1ACC         equ	16184	;# 
  5935   003F38                     NCO1ACCL        equ	16184	;# 
  5936   003F39                     NCO1ACCH        equ	16185	;# 
  5937   003F3A                     NCO1ACCU        equ	16186	;# 
  5938   003F3B                     NCO1INC         equ	16187	;# 
  5939   003F3B                     NCO1INCL        equ	16187	;# 
  5940   003F3C                     NCO1INCH        equ	16188	;# 
  5941   003F3D                     NCO1INCU        equ	16189	;# 
  5942   003F3E                     NCO1CON         equ	16190	;# 
  5943   003F3F                     NCO1CLK         equ	16191	;# 
  5944   003F40                     CWG3CLK         equ	16192	;# 
  5945   003F40                     CWG3CLKCON      equ	16192	;# 
  5946   003F41                     CWG3ISM         equ	16193	;# 
  5947   003F41                     CWG3DAT         equ	16193	;# 
  5948   003F42                     CWG3DBR         equ	16194	;# 
  5949   003F43                     CWG3DBF         equ	16195	;# 
  5950   003F44                     CWG3CON0        equ	16196	;# 
  5951   003F45                     CWG3CON1        equ	16197	;# 
  5952   003F46                     CWG3AS0         equ	16198	;# 
  5953   003F47                     CWG3AS1         equ	16199	;# 
  5954   003F48                     CWG3STR         equ	16200	;# 
  5955   003F49                     CWG2CLK         equ	16201	;# 
  5956   003F49                     CWG2CLKCON      equ	16201	;# 
  5957   003F4A                     CWG2ISM         equ	16202	;# 
  5958   003F4A                     CWG2DAT         equ	16202	;# 
  5959   003F4B                     CWG2DBR         equ	16203	;# 
  5960   003F4C                     CWG2DBF         equ	16204	;# 
  5961   003F4D                     CWG2CON0        equ	16205	;# 
  5962   003F4E                     CWG2CON1        equ	16206	;# 
  5963   003F4F                     CWG2AS0         equ	16207	;# 
  5964   003F50                     CWG2AS1         equ	16208	;# 
  5965   003F51                     CWG2STR         equ	16209	;# 
  5966   003F52                     CWG1CLK         equ	16210	;# 
  5967   003F52                     CWG1CLKCON      equ	16210	;# 
  5968   003F53                     CWG1ISM         equ	16211	;# 
  5969   003F53                     CWG1DAT         equ	16211	;# 
  5970   003F54                     CWG1DBR         equ	16212	;# 
  5971   003F55                     CWG1DBF         equ	16213	;# 
  5972   003F56                     CWG1CON0        equ	16214	;# 
  5973   003F57                     CWG1CON1        equ	16215	;# 
  5974   003F58                     CWG1AS0         equ	16216	;# 
  5975   003F59                     CWG1AS1         equ	16217	;# 
  5976   003F5A                     CWG1STR         equ	16218	;# 
  5977   003F5E                     CCPTMRS0        equ	16222	;# 
  5978   003F5F                     CCPTMRS1        equ	16223	;# 
  5979   003F60                     PWM8DC          equ	16224	;# 
  5980   003F60                     PWM8DCL         equ	16224	;# 
  5981   003F61                     PWM8DCH         equ	16225	;# 
  5982   003F62                     PWM8CON         equ	16226	;# 
  5983   003F64                     PWM7DC          equ	16228	;# 
  5984   003F64                     PWM7DCL         equ	16228	;# 
  5985   003F65                     PWM7DCH         equ	16229	;# 
  5986   003F66                     PWM7CON         equ	16230	;# 
  5987   003F68                     PWM6DC          equ	16232	;# 
  5988   003F68                     PWM6DCL         equ	16232	;# 
  5989   003F69                     PWM6DCH         equ	16233	;# 
  5990   003F6A                     PWM6CON         equ	16234	;# 
  5991   003F6C                     PWM5DC          equ	16236	;# 
  5992   003F6C                     PWM5DCL         equ	16236	;# 
  5993   003F6D                     PWM5DCH         equ	16237	;# 
  5994   003F6E                     PWM5CON         equ	16238	;# 
  5995   003F70                     CCPR4           equ	16240	;# 
  5996   003F70                     CCPR4L          equ	16240	;# 
  5997   003F71                     CCPR4H          equ	16241	;# 
  5998   003F72                     CCP4CON         equ	16242	;# 
  5999   003F73                     CCP4CAP         equ	16243	;# 
  6000   003F74                     CCPR3           equ	16244	;# 
  6001   003F74                     CCPR3L          equ	16244	;# 
  6002   003F75                     CCPR3H          equ	16245	;# 
  6003   003F76                     CCP3CON         equ	16246	;# 
  6004   003F77                     CCP3CAP         equ	16247	;# 
  6005   003F78                     CCPR2           equ	16248	;# 
  6006   003F78                     CCPR2L          equ	16248	;# 
  6007   003F79                     CCPR2H          equ	16249	;# 
  6008   003F7A                     CCP2CON         equ	16250	;# 
  6009   003F7B                     CCP2CAP         equ	16251	;# 
  6010   003F7C                     CCPR1           equ	16252	;# 
  6011   003F7C                     CCPR1L          equ	16252	;# 
  6012   003F7D                     CCPR1H          equ	16253	;# 
  6013   003F7E                     CCP1CON         equ	16254	;# 
  6014   003F7F                     CCP1CAP         equ	16255	;# 
  6015   003F92                     T6TMR           equ	16274	;# 
  6016   003F92                     TMR6            equ	16274	;# 
  6017   003F93                     T6PR            equ	16275	;# 
  6018   003F93                     PR6             equ	16275	;# 
  6019   003F94                     T6CON           equ	16276	;# 
  6020   003F95                     T6HLT           equ	16277	;# 
  6021   003F96                     T6CLKCON        equ	16278	;# 
  6022   003F96                     T6CLK           equ	16278	;# 
  6023   003F97                     T6RST           equ	16279	;# 
  6024   003F98                     TMR5            equ	16280	;# 
  6025   003F98                     TMR5L           equ	16280	;# 
  6026   003F99                     TMR5H           equ	16281	;# 
  6027   003F9A                     T5CON           equ	16282	;# 
  6028   003F9A                     TMR5CON         equ	16282	;# 
  6029   003F9B                     T5GCON          equ	16283	;# 
  6030   003F9B                     TMR5GCON        equ	16283	;# 
  6031   003F9C                     T5GATE          equ	16284	;# 
  6032   003F9C                     TMR5GATE        equ	16284	;# 
  6033   003F9D                     T5CLK           equ	16285	;# 
  6034   003F9D                     TMR5CLK         equ	16285	;# 
  6035   003F9D                     PR5             equ	16285	;# 
  6036   003F9E                     T4TMR           equ	16286	;# 
  6037   003F9E                     TMR4            equ	16286	;# 
  6038   003F9F                     T4PR            equ	16287	;# 
  6039   003F9F                     PR4             equ	16287	;# 
  6040   003FA0                     T4CON           equ	16288	;# 
  6041   003FA1                     T4HLT           equ	16289	;# 
  6042   003FA2                     T4CLKCON        equ	16290	;# 
  6043   003FA2                     T4CLK           equ	16290	;# 
  6044   003FA3                     T4RST           equ	16291	;# 
  6045   003FA4                     TMR3            equ	16292	;# 
  6046   003FA4                     TMR3L           equ	16292	;# 
  6047   003FA5                     TMR3H           equ	16293	;# 
  6048   003FA6                     T3CON           equ	16294	;# 
  6049   003FA6                     TMR3CON         equ	16294	;# 
  6050   003FA7                     T3GCON          equ	16295	;# 
  6051   003FA7                     TMR3GCON        equ	16295	;# 
  6052   003FA8                     T3GATE          equ	16296	;# 
  6053   003FA8                     TMR3GATE        equ	16296	;# 
  6054   003FA9                     T3CLK           equ	16297	;# 
  6055   003FA9                     TMR3CLK         equ	16297	;# 
  6056   003FA9                     PR3             equ	16297	;# 
  6057   003FAA                     T2TMR           equ	16298	;# 
  6058   003FAA                     TMR2            equ	16298	;# 
  6059   003FAB                     T2PR            equ	16299	;# 
  6060   003FAB                     PR2             equ	16299	;# 
  6061   003FAC                     T2CON           equ	16300	;# 
  6062   003FAD                     T2HLT           equ	16301	;# 
  6063   003FAE                     T2CLKCON        equ	16302	;# 
  6064   003FAE                     T2CLK           equ	16302	;# 
  6065   003FAF                     T2RST           equ	16303	;# 
  6066   003FB0                     TMR1            equ	16304	;# 
  6067   003FB0                     TMR1L           equ	16304	;# 
  6068   003FB1                     TMR1H           equ	16305	;# 
  6069   003FB2                     T1CON           equ	16306	;# 
  6070   003FB2                     TMR1CON         equ	16306	;# 
  6071   003FB3                     T1GCON          equ	16307	;# 
  6072   003FB3                     TMR1GCON        equ	16307	;# 
  6073   003FB4                     T1GATE          equ	16308	;# 
  6074   003FB4                     TMR1GATE        equ	16308	;# 
  6075   003FB5                     T1CLK           equ	16309	;# 
  6076   003FB5                     TMR1CLK         equ	16309	;# 
  6077   003FB5                     PR1             equ	16309	;# 
  6078   003FB6                     TMR0L           equ	16310	;# 
  6079   003FB6                     TMR0            equ	16310	;# 
  6080   003FB7                     TMR0H           equ	16311	;# 
  6081   003FB7                     PR0             equ	16311	;# 
  6082   003FB8                     T0CON0          equ	16312	;# 
  6083   003FB9                     T0CON1          equ	16313	;# 
  6084   003FBA                     LATA            equ	16314	;# 
  6085   003FBB                     LATB            equ	16315	;# 
  6086   003FBC                     LATC            equ	16316	;# 
  6087   003FBD                     LATD            equ	16317	;# 
  6088   003FBE                     LATE            equ	16318	;# 
  6089   003FC2                     TRISA           equ	16322	;# 
  6090   003FC3                     TRISB           equ	16323	;# 
  6091   003FC4                     TRISC           equ	16324	;# 
  6092   003FC5                     TRISD           equ	16325	;# 
  6093   003FC6                     TRISE           equ	16326	;# 
  6094   003FCA                     PORTA           equ	16330	;# 
  6095   003FCB                     PORTB           equ	16331	;# 
  6096   003FCC                     PORTC           equ	16332	;# 
  6097   003FCD                     PORTD           equ	16333	;# 
  6098   003FCE                     PORTE           equ	16334	;# 
  6099   003FD2                     INTCON0         equ	16338	;# 
  6100   003FD3                     INTCON1         equ	16339	;# 
  6101   003FD4                     IVTLOCK         equ	16340	;# 
  6102   003FD5                     IVTBASE         equ	16341	;# 
  6103   003FD5                     IVTBASEL        equ	16341	;# 
  6104   003FD6                     IVTBASEH        equ	16342	;# 
  6105   003FD7                     IVTBASEU        equ	16343	;# 
  6106   003FD8                     STATUS          equ	16344	;# 
  6107   003FD9                     FSR2            equ	16345	;# 
  6108   003FD9                     FSR2L           equ	16345	;# 
  6109   003FDA                     FSR2H           equ	16346	;# 
  6110   003FDB                     PLUSW2          equ	16347	;# 
  6111   003FDC                     PREINC2         equ	16348	;# 
  6112   003FDD                     POSTDEC2        equ	16349	;# 
  6113   003FDE                     POSTINC2        equ	16350	;# 
  6114   003FDF                     INDF2           equ	16351	;# 
  6115   003FE0                     BSR             equ	16352	;# 
  6116   003FE1                     FSR1            equ	16353	;# 
  6117   003FE1                     FSR1L           equ	16353	;# 
  6118   003FE2                     FSR1H           equ	16354	;# 
  6119   003FE3                     PLUSW1          equ	16355	;# 
  6120   003FE4                     PREINC1         equ	16356	;# 
  6121   003FE5                     POSTDEC1        equ	16357	;# 
  6122   003FE6                     POSTINC1        equ	16358	;# 
  6123   003FE7                     INDF1           equ	16359	;# 
  6124   003FE8                     WREG            equ	16360	;# 
  6125   003FE9                     FSR0            equ	16361	;# 
  6126   003FE9                     FSR0L           equ	16361	;# 
  6127   003FEA                     FSR0H           equ	16362	;# 
  6128   003FEB                     PLUSW0          equ	16363	;# 
  6129   003FEC                     PREINC0         equ	16364	;# 
  6130   003FED                     POSTDEC0        equ	16365	;# 
  6131   003FEE                     POSTINC0        equ	16366	;# 
  6132   003FEF                     INDF0           equ	16367	;# 
  6133   003FF0                     PCON0           equ	16368	;# 
  6134   003FF1                     PCON1           equ	16369	;# 
  6135   003FF3                     PROD            equ	16371	;# 
  6136   003FF3                     PRODL           equ	16371	;# 
  6137   003FF4                     PRODH           equ	16372	;# 
  6138   003FF5                     TABLAT          equ	16373	;# 
  6139   003FF6                     TBLPTR          equ	16374	;# 
  6140   003FF6                     TBLPTRL         equ	16374	;# 
  6141   003FF7                     TBLPTRH         equ	16375	;# 
  6142   003FF8                     TBLPTRU         equ	16376	;# 
  6143   003FF9                     PCLAT           equ	16377	;# 
  6144   003FF9                     PCL             equ	16377	;# 
  6145   003FFA                     PCLATH          equ	16378	;# 
  6146   003FFB                     PCLATU          equ	16379	;# 
  6147   003FFC                     STKPTR          equ	16380	;# 
  6148   003FFD                     TOS             equ	16381	;# 
  6149   003FFD                     TOSL            equ	16381	;# 
  6150   003FFE                     TOSH            equ	16382	;# 
  6151   003FFF                     TOSU            equ	16383	;# 
  6152   003880                     STATUS_CSHAD    equ	14464	;# 
  6153   003881                     WREG_CSHAD      equ	14465	;# 
  6154   003882                     BSR_CSHAD       equ	14466	;# 
  6155   003883                     SHADCON         equ	14467	;# 
  6156   003884                     STATUS_SHAD     equ	14468	;# 
  6157   003885                     WREG_SHAD       equ	14469	;# 
  6158   003886                     BSR_SHAD        equ	14470	;# 
  6159   003887                     PCLATH_SHAD     equ	14471	;# 
  6160   003888                     PCLATU_SHAD     equ	14472	;# 
  6161   003889                     FSR0SH          equ	14473	;# 
  6162   003889                     FSR0L_SHAD      equ	14473	;# 
  6163   00388A                     FSR0H_SHAD      equ	14474	;# 
  6164   00388B                     FSR1SH          equ	14475	;# 
  6165   00388B                     FSR1L_SHAD      equ	14475	;# 
  6166   00388C                     FSR1H_SHAD      equ	14476	;# 
  6167   00388D                     FSR2SH          equ	14477	;# 
  6168   00388D                     FSR2L_SHAD      equ	14477	;# 
  6169   00388E                     FSR2H_SHAD      equ	14478	;# 
  6170   00388F                     PRODSH          equ	14479	;# 
  6171   00388F                     PRODL_SHAD      equ	14479	;# 
  6172   003890                     PRODH_SHAD      equ	14480	;# 
  6173   00389D                     IVTADL          equ	14493	;# 
  6174   00389E                     IVTADH          equ	14494	;# 
  6175   00389F                     IVTADU          equ	14495	;# 
  6176   00395B                     WDTCON0         equ	14683	;# 
  6177   00395C                     WDTCON1         equ	14684	;# 
  6178   00395D                     WDTPSL          equ	14685	;# 
  6179   00395E                     WDTPSH          equ	14686	;# 
  6180   00395F                     WDTTMR          equ	14687	;# 
  6181   003960                     CRCDATA         equ	14688	;# 
  6182   003960                     CRCDATL         equ	14688	;# 
  6183   003961                     CRCDATH         equ	14689	;# 
  6184   003962                     CRCACC          equ	14690	;# 
  6185   003962                     CRCACCL         equ	14690	;# 
  6186   003963                     CRCACCH         equ	14691	;# 
  6187   003964                     CRCSHFT         equ	14692	;# 
  6188   003964                     CRCSHIFTL       equ	14692	;# 
  6189   003965                     CRCSHIFTH       equ	14693	;# 
  6190   003966                     CRCXOR          equ	14694	;# 
  6191   003966                     CRCXORL         equ	14694	;# 
  6192   003967                     CRCXORH         equ	14695	;# 
  6193   003968                     CRCCON0         equ	14696	;# 
  6194   003969                     CRCCON1         equ	14697	;# 
  6195   003976                     SCANLADR        equ	14710	;# 
  6196   003976                     SCANLADRL       equ	14710	;# 
  6197   003977                     SCANLADRH       equ	14711	;# 
  6198   003978                     SCANLADRU       equ	14712	;# 
  6199   003979                     SCANHADR        equ	14713	;# 
  6200   003979                     SCANHADRL       equ	14713	;# 
  6201   00397A                     SCANHADRH       equ	14714	;# 
  6202   00397B                     SCANHADRU       equ	14715	;# 
  6203   00397C                     SCANCON0        equ	14716	;# 
  6204   00397D                     SCANTRIG        equ	14717	;# 
  6205   003980                     IPR0            equ	14720	;# 
  6206   003981                     IPR1            equ	14721	;# 
  6207   003982                     IPR2            equ	14722	;# 
  6208   003983                     IPR3            equ	14723	;# 
  6209   003984                     IPR4            equ	14724	;# 
  6210   003985                     IPR5            equ	14725	;# 
  6211   003986                     IPR6            equ	14726	;# 
  6212   003987                     IPR7            equ	14727	;# 
  6213   003988                     IPR8            equ	14728	;# 
  6214   003989                     IPR9            equ	14729	;# 
  6215   00398A                     IPR10           equ	14730	;# 
  6216   003990                     PIE0            equ	14736	;# 
  6217   003991                     PIE1            equ	14737	;# 
  6218   003992                     PIE2            equ	14738	;# 
  6219   003993                     PIE3            equ	14739	;# 
  6220   003994                     PIE4            equ	14740	;# 
  6221   003995                     PIE5            equ	14741	;# 
  6222   003996                     PIE6            equ	14742	;# 
  6223   003997                     PIE7            equ	14743	;# 
  6224   003998                     PIE8            equ	14744	;# 
  6225   003999                     PIE9            equ	14745	;# 
  6226   00399A                     PIE10           equ	14746	;# 
  6227   0039A0                     PIR0            equ	14752	;# 
  6228   0039A1                     PIR1            equ	14753	;# 
  6229   0039A2                     PIR2            equ	14754	;# 
  6230   0039A3                     PIR3            equ	14755	;# 
  6231   0039A4                     PIR4            equ	14756	;# 
  6232   0039A5                     PIR5            equ	14757	;# 
  6233   0039A6                     PIR6            equ	14758	;# 
  6234   0039A7                     PIR7            equ	14759	;# 
  6235   0039A8                     PIR8            equ	14760	;# 
  6236   0039A9                     PIR9            equ	14761	;# 
  6237   0039AA                     PIR10           equ	14762	;# 
  6238   0039C0                     PMD0            equ	14784	;# 
  6239   0039C1                     PMD1            equ	14785	;# 
  6240   0039C2                     PMD2            equ	14786	;# 
  6241   0039C3                     PMD3            equ	14787	;# 
  6242   0039C4                     PMD4            equ	14788	;# 
  6243   0039C5                     PMD5            equ	14789	;# 
  6244   0039C6                     PMD6            equ	14790	;# 
  6245   0039C7                     PMD7            equ	14791	;# 
  6246   0039D0                     BORCON          equ	14800	;# 
  6247   0039D1                     VREGCON         equ	14801	;# 
  6248   0039D8                     CPUDOZE         equ	14808	;# 
  6249   0039D9                     OSCCON1         equ	14809	;# 
  6250   0039DA                     OSCCON2         equ	14810	;# 
  6251   0039DB                     OSCCON3         equ	14811	;# 
  6252   0039DC                     OSCSTAT         equ	14812	;# 
  6253   0039DC                     OSCSTAT1        equ	14812	;# 
  6254   0039DD                     OSCEN           equ	14813	;# 
  6255   0039DE                     OSCTUNE         equ	14814	;# 
  6256   0039DF                     OSCFRQ          equ	14815	;# 
  6257   0039E0                     NVMADRL         equ	14816	;# 
  6258   0039E1                     NVMADRH         equ	14817	;# 
  6259   0039E3                     NVMDAT          equ	14819	;# 
  6260   0039E5                     NVMCON1         equ	14821	;# 
  6261   0039E6                     NVMCON2         equ	14822	;# 
  6262   0039EF                     PRLOCK          equ	14831	;# 
  6263   0039F1                     ISRPR           equ	14833	;# 
  6264   0039F2                     MAINPR          equ	14834	;# 
  6265   0039F3                     DMA1PR          equ	14835	;# 
  6266   0039F4                     DMA2PR          equ	14836	;# 
  6267   0039F7                     SCANPR          equ	14839	;# 
  6268   003A00                     RA0PPS          equ	14848	;# 
  6269   003A01                     RA1PPS          equ	14849	;# 
  6270   003A02                     RA2PPS          equ	14850	;# 
  6271   003A03                     RA3PPS          equ	14851	;# 
  6272   003A04                     RA4PPS          equ	14852	;# 
  6273   003A05                     RA5PPS          equ	14853	;# 
  6274   003A06                     RA6PPS          equ	14854	;# 
  6275   003A07                     RA7PPS          equ	14855	;# 
  6276   003A08                     RB0PPS          equ	14856	;# 
  6277   003A09                     RB1PPS          equ	14857	;# 
  6278   003A0A                     RB2PPS          equ	14858	;# 
  6279   003A0B                     RB3PPS          equ	14859	;# 
  6280   003A0C                     RB4PPS          equ	14860	;# 
  6281   003A0D                     RB5PPS          equ	14861	;# 
  6282   003A0E                     RB6PPS          equ	14862	;# 
  6283   003A0F                     RB7PPS          equ	14863	;# 
  6284   003A10                     RC0PPS          equ	14864	;# 
  6285   003A11                     RC1PPS          equ	14865	;# 
  6286   003A12                     RC2PPS          equ	14866	;# 
  6287   003A13                     RC3PPS          equ	14867	;# 
  6288   003A14                     RC4PPS          equ	14868	;# 
  6289   003A15                     RC5PPS          equ	14869	;# 
  6290   003A16                     RC6PPS          equ	14870	;# 
  6291   003A17                     RC7PPS          equ	14871	;# 
  6292   003A18                     RD0PPS          equ	14872	;# 
  6293   003A19                     RD1PPS          equ	14873	;# 
  6294   003A1A                     RD2PPS          equ	14874	;# 
  6295   003A1B                     RD3PPS          equ	14875	;# 
  6296   003A1C                     RD4PPS          equ	14876	;# 
  6297   003A1D                     RD5PPS          equ	14877	;# 
  6298   003A1E                     RD6PPS          equ	14878	;# 
  6299   003A1F                     RD7PPS          equ	14879	;# 
  6300   003A20                     RE0PPS          equ	14880	;# 
  6301   003A21                     RE1PPS          equ	14881	;# 
  6302   003A22                     RE2PPS          equ	14882	;# 
  6303   003A40                     ANSELA          equ	14912	;# 
  6304   003A41                     WPUA            equ	14913	;# 
  6305   003A42                     ODCONA          equ	14914	;# 
  6306   003A43                     SLRCONA         equ	14915	;# 
  6307   003A44                     INLVLA          equ	14916	;# 
  6308   003A45                     IOCAP           equ	14917	;# 
  6309   003A46                     IOCAN           equ	14918	;# 
  6310   003A47                     IOCAF           equ	14919	;# 
  6311   003A48                     CCDPA           equ	14920	;# 
  6312   003A49                     CCDNA           equ	14921	;# 
  6313   003A50                     ANSELB          equ	14928	;# 
  6314   003A51                     WPUB            equ	14929	;# 
  6315   003A52                     ODCONB          equ	14930	;# 
  6316   003A53                     SLRCONB         equ	14931	;# 
  6317   003A54                     INLVLB          equ	14932	;# 
  6318   003A55                     IOCBP           equ	14933	;# 
  6319   003A56                     IOCBN           equ	14934	;# 
  6320   003A57                     IOCBF           equ	14935	;# 
  6321   003A58                     CCDPB           equ	14936	;# 
  6322   003A59                     CCDNB           equ	14937	;# 
  6323   003A5A                     RB1I2C          equ	14938	;# 
  6324   003A5B                     RB2I2C          equ	14939	;# 
  6325   003A60                     ANSELC          equ	14944	;# 
  6326   003A61                     WPUC            equ	14945	;# 
  6327   003A62                     ODCONC          equ	14946	;# 
  6328   003A63                     SLRCONC         equ	14947	;# 
  6329   003A64                     INLVLC          equ	14948	;# 
  6330   003A65                     IOCCP           equ	14949	;# 
  6331   003A66                     IOCCN           equ	14950	;# 
  6332   003A67                     IOCCF           equ	14951	;# 
  6333   003A68                     CCDPC           equ	14952	;# 
  6334   003A69                     CCDNC           equ	14953	;# 
  6335   003A6A                     RC3I2C          equ	14954	;# 
  6336   003A6B                     RC4I2C          equ	14955	;# 
  6337   003A70                     ANSELD          equ	14960	;# 
  6338   003A71                     WPUD            equ	14961	;# 
  6339   003A72                     ODCOND          equ	14962	;# 
  6340   003A73                     SLRCOND         equ	14963	;# 
  6341   003A74                     INLVLD          equ	14964	;# 
  6342   003A78                     CCDPD           equ	14968	;# 
  6343   003A79                     CCDND           equ	14969	;# 
  6344   003A7A                     RD0I2C          equ	14970	;# 
  6345   003A7B                     RD1I2C          equ	14971	;# 
  6346   003A80                     ANSELE          equ	14976	;# 
  6347   003A81                     WPUE            equ	14977	;# 
  6348   003A82                     ODCONE          equ	14978	;# 
  6349   003A83                     SLRCONE         equ	14979	;# 
  6350   003A84                     INLVLE          equ	14980	;# 
  6351   003A85                     IOCEP           equ	14981	;# 
  6352   003A86                     IOCEN           equ	14982	;# 
  6353   003A87                     IOCEF           equ	14983	;# 
  6354   003A88                     CCDPE           equ	14984	;# 
  6355   003A89                     CCDNE           equ	14985	;# 
  6356   003ABE                     CCDCON          equ	15038	;# 
  6357   003ABF                     PPSLOCK         equ	15039	;# 
  6358   003AC0                     INT0PPS         equ	15040	;# 
  6359   003AC1                     INT1PPS         equ	15041	;# 
  6360   003AC2                     INT2PPS         equ	15042	;# 
  6361   003AC3                     T0CKIPPS        equ	15043	;# 
  6362   003AC4                     T1CKIPPS        equ	15044	;# 
  6363   003AC5                     T1GPPS          equ	15045	;# 
  6364   003AC6                     T3CKIPPS        equ	15046	;# 
  6365   003AC7                     T3GPPS          equ	15047	;# 
  6366   003AC8                     T5CKIPPS        equ	15048	;# 
  6367   003AC9                     T5GPPS          equ	15049	;# 
  6368   003ACA                     T2INPPS         equ	15050	;# 
  6369   003ACB                     T4INPPS         equ	15051	;# 
  6370   003ACC                     T6INPPS         equ	15052	;# 
  6371   003ACD                     CCP1PPS         equ	15053	;# 
  6372   003ACE                     CCP2PPS         equ	15054	;# 
  6373   003ACF                     CCP3PPS         equ	15055	;# 
  6374   003AD0                     CCP4PPS         equ	15056	;# 
  6375   003AD1                     SMT1WINPPS      equ	15057	;# 
  6376   003AD2                     SMT1SIGPPS      equ	15058	;# 
  6377   003AD3                     CWG1INPPS       equ	15059	;# 
  6378   003AD4                     CWG2INPPS       equ	15060	;# 
  6379   003AD5                     CWG3INPPS       equ	15061	;# 
  6380   003AD6                     MD1CARLPPS      equ	15062	;# 
  6381   003AD7                     MD1CARHPPS      equ	15063	;# 
  6382   003AD8                     MD1SRCPPS       equ	15064	;# 
  6383   003AD9                     CLCIN0PPS       equ	15065	;# 
  6384   003ADA                     CLCIN1PPS       equ	15066	;# 
  6385   003ADB                     CLCIN2PPS       equ	15067	;# 
  6386   003ADC                     CLCIN3PPS       equ	15068	;# 
  6387   003ADD                     ADACTPPS        equ	15069	;# 
  6388   003ADE                     SPI1SCKPPS      equ	15070	;# 
  6389   003ADF                     SPI1SDIPPS      equ	15071	;# 
  6390   003AE0                     SPI1SSPPS       equ	15072	;# 
  6391   003AE1                     I2C1SCLPPS      equ	15073	;# 
  6392   003AE2                     I2C1SDAPPS      equ	15074	;# 
  6393   003AE3                     I2C2SCLPPS      equ	15075	;# 
  6394   003AE4                     I2C2SDAPPS      equ	15076	;# 
  6395   003AE5                     U1RXPPS         equ	15077	;# 
  6396   003AE6                     U1CTSPPS        equ	15078	;# 
  6397   003AE8                     U2RXPPS         equ	15080	;# 
  6398   003AE9                     U2CTSPPS        equ	15081	;# 
  6399   003BC9                     DMA2BUF         equ	15305	;# 
  6400   003BCA                     DMA2DCNT        equ	15306	;# 
  6401   003BCA                     DMA2DCNTL       equ	15306	;# 
  6402   003BCB                     DMA2DCNTH       equ	15307	;# 
  6403   003BCC                     DMA2DPTR        equ	15308	;# 
  6404   003BCC                     DMA2DPTRL       equ	15308	;# 
  6405   003BCD                     DMA2DPTRH       equ	15309	;# 
  6406   003BCE                     DMA2DSZ         equ	15310	;# 
  6407   003BCE                     DMA2DSZL        equ	15310	;# 
  6408   003BCF                     DMA2DSZH        equ	15311	;# 
  6409   003BD0                     DMA2DSA         equ	15312	;# 
  6410   003BD0                     DMA2DSAL        equ	15312	;# 
  6411   003BD1                     DMA2DSAH        equ	15313	;# 
  6412   003BD2                     DMA2SCNT        equ	15314	;# 
  6413   003BD2                     DMA2SCNTL       equ	15314	;# 
  6414   003BD3                     DMA2SCNTH       equ	15315	;# 
  6415   003BD4                     DMA2SPTR        equ	15316	;# 
  6416   003BD4                     DMA2SPTRL       equ	15316	;# 
  6417   003BD5                     DMA2SPTRH       equ	15317	;# 
  6418   003BD6                     DMA2SPTRU       equ	15318	;# 
  6419   003BD7                     DMA2SSZ         equ	15319	;# 
  6420   003BD7                     DMA2SSZL        equ	15319	;# 
  6421   003BD8                     DMA2SSZH        equ	15320	;# 
  6422   003BD9                     DMA2SSA         equ	15321	;# 
  6423   003BD9                     DMA2SSAL        equ	15321	;# 
  6424   003BDA                     DMA2SSAH        equ	15322	;# 
  6425   003BDB                     DMA2SSAU        equ	15323	;# 
  6426   003BDC                     DMA2CON0        equ	15324	;# 
  6427   003BDD                     DMA2CON1        equ	15325	;# 
  6428   003BDE                     DMA2AIRQ        equ	15326	;# 
  6429   003BDF                     DMA2SIRQ        equ	15327	;# 
  6430   003BE9                     DMA1BUF         equ	15337	;# 
  6431   003BEA                     DMA1DCNT        equ	15338	;# 
  6432   003BEA                     DMA1DCNTL       equ	15338	;# 
  6433   003BEB                     DMA1DCNTH       equ	15339	;# 
  6434   003BEC                     DMA1DPTR        equ	15340	;# 
  6435   003BEC                     DMA1DPTRL       equ	15340	;# 
  6436   003BED                     DMA1DPTRH       equ	15341	;# 
  6437   003BEE                     DMA1DSZ         equ	15342	;# 
  6438   003BEE                     DMA1DSZL        equ	15342	;# 
  6439   003BEF                     DMA1DSZH        equ	15343	;# 
  6440   003BF0                     DMA1DSA         equ	15344	;# 
  6441   003BF0                     DMA1DSAL        equ	15344	;# 
  6442   003BF1                     DMA1DSAH        equ	15345	;# 
  6443   003BF2                     DMA1SCNT        equ	15346	;# 
  6444   003BF2                     DMA1SCNTL       equ	15346	;# 
  6445   003BF3                     DMA1SCNTH       equ	15347	;# 
  6446   003BF4                     DMA1SPTR        equ	15348	;# 
  6447   003BF4                     DMA1SPTRL       equ	15348	;# 
  6448   003BF5                     DMA1SPTRH       equ	15349	;# 
  6449   003BF6                     DMA1SPTRU       equ	15350	;# 
  6450   003BF7                     DMA1SSZ         equ	15351	;# 
  6451   003BF7                     DMA1SSZL        equ	15351	;# 
  6452   003BF8                     DMA1SSZH        equ	15352	;# 
  6453   003BF9                     DMA1SSA         equ	15353	;# 
  6454   003BF9                     DMA1SSAL        equ	15353	;# 
  6455   003BFA                     DMA1SSAH        equ	15354	;# 
  6456   003BFB                     DMA1SSAU        equ	15355	;# 
  6457   003BFC                     DMA1CON0        equ	15356	;# 
  6458   003BFD                     DMA1CON1        equ	15357	;# 
  6459   003BFE                     DMA1AIRQ        equ	15358	;# 
  6460   003BFF                     DMA1SIRQ        equ	15359	;# 
  6461   003C56                     CLC4CON         equ	15446	;# 
  6462   003C57                     CLC4POL         equ	15447	;# 
  6463   003C58                     CLC4SEL0        equ	15448	;# 
  6464   003C59                     CLC4SEL1        equ	15449	;# 
  6465   003C5A                     CLC4SEL2        equ	15450	;# 
  6466   003C5B                     CLC4SEL3        equ	15451	;# 
  6467   003C5C                     CLC4GLS0        equ	15452	;# 
  6468   003C5D                     CLC4GLS1        equ	15453	;# 
  6469   003C5E                     CLC4GLS2        equ	15454	;# 
  6470   003C5F                     CLC4GLS3        equ	15455	;# 
  6471   003C60                     CLC3CON         equ	15456	;# 
  6472   003C61                     CLC3POL         equ	15457	;# 
  6473   003C62                     CLC3SEL0        equ	15458	;# 
  6474   003C63                     CLC3SEL1        equ	15459	;# 
  6475   003C64                     CLC3SEL2        equ	15460	;# 
  6476   003C65                     CLC3SEL3        equ	15461	;# 
  6477   003C66                     CLC3GLS0        equ	15462	;# 
  6478   003C67                     CLC3GLS1        equ	15463	;# 
  6479   003C68                     CLC3GLS2        equ	15464	;# 
  6480   003C69                     CLC3GLS3        equ	15465	;# 
  6481   003C6A                     CLC2CON         equ	15466	;# 
  6482   003C6B                     CLC2POL         equ	15467	;# 
  6483   003C6C                     CLC2SEL0        equ	15468	;# 
  6484   003C6D                     CLC2SEL1        equ	15469	;# 
  6485   003C6E                     CLC2SEL2        equ	15470	;# 
  6486   003C6F                     CLC2SEL3        equ	15471	;# 
  6487   003C70                     CLC2GLS0        equ	15472	;# 
  6488   003C71                     CLC2GLS1        equ	15473	;# 
  6489   003C72                     CLC2GLS2        equ	15474	;# 
  6490   003C73                     CLC2GLS3        equ	15475	;# 
  6491   003C74                     CLC1CON         equ	15476	;# 
  6492   003C75                     CLC1POL         equ	15477	;# 
  6493   003C76                     CLC1SEL0        equ	15478	;# 
  6494   003C77                     CLC1SEL1        equ	15479	;# 
  6495   003C78                     CLC1SEL2        equ	15480	;# 
  6496   003C79                     CLC1SEL3        equ	15481	;# 
  6497   003C7A                     CLC1GLS0        equ	15482	;# 
  6498   003C7B                     CLC1GLS1        equ	15483	;# 
  6499   003C7C                     CLC1GLS2        equ	15484	;# 
  6500   003C7D                     CLC1GLS3        equ	15485	;# 
  6501   003C7E                     CLCDATA0        equ	15486	;# 
  6502   003CE5                     CLKRCON         equ	15589	;# 
  6503   003CE6                     CLKRCLK         equ	15590	;# 
  6504   003CFA                     MD1CON0         equ	15610	;# 
  6505   003CFB                     MD1CON1         equ	15611	;# 
  6506   003CFC                     MD1SRC          equ	15612	;# 
  6507   003CFD                     MD1CARL         equ	15613	;# 
  6508   003CFE                     MD1CARH         equ	15614	;# 
  6509   003D10                     SPI1RXB         equ	15632	;# 
  6510   003D11                     SPI1TXB         equ	15633	;# 
  6511   003D12                     SPI1TCNT        equ	15634	;# 
  6512   003D12                     SPI1TCNTL       equ	15634	;# 
  6513   003D13                     SPI1TCNTH       equ	15635	;# 
  6514   003D14                     SPI1CON0        equ	15636	;# 
  6515   003D15                     SPI1CON1        equ	15637	;# 
  6516   003D16                     SPI1CON2        equ	15638	;# 
  6517   003D17                     SPI1STATUS      equ	15639	;# 
  6518   003D18                     SPI1TWIDTH      equ	15640	;# 
  6519   003D19                     SPI1BAUD        equ	15641	;# 
  6520   003D1A                     SPI1INTF        equ	15642	;# 
  6521   003D1B                     SPI1INTE        equ	15643	;# 
  6522   003D1C                     SPI1CLK         equ	15644	;# 
  6523   003D54                     I2C2RXB         equ	15700	;# 
  6524   003D55                     I2C2TXB         equ	15701	;# 
  6525   003D56                     I2C2CNT         equ	15702	;# 
  6526   003D57                     I2C2ADB0        equ	15703	;# 
  6527   003D58                     I2C2ADB1        equ	15704	;# 
  6528   003D59                     I2C2ADR0        equ	15705	;# 
  6529   003D5A                     I2C2ADR1        equ	15706	;# 
  6530   003D5B                     I2C2ADR2        equ	15707	;# 
  6531   003D5C                     I2C2ADR3        equ	15708	;# 
  6532   003D5D                     I2C2CON0        equ	15709	;# 
  6533   003D5E                     I2C2CON1        equ	15710	;# 
  6534   003D5F                     I2C2CON2        equ	15711	;# 
  6535   003D60                     I2C2ERR         equ	15712	;# 
  6536   003D61                     I2C2STAT0       equ	15713	;# 
  6537   003D62                     I2C2STAT1       equ	15714	;# 
  6538   003D63                     I2C2PIR         equ	15715	;# 
  6539   003D64                     I2C2PIE         equ	15716	;# 
  6540   003D65                     I2C2CLK         equ	15717	;# 
  6541   003D66                     I2C2BTO         equ	15718	;# 
  6542   003D6A                     I2C1RXB         equ	15722	;# 
  6543   003D6B                     I2C1TXB         equ	15723	;# 
  6544   003D6C                     I2C1CNT         equ	15724	;# 
  6545   003D6D                     I2C1ADB0        equ	15725	;# 
  6546   003D6E                     I2C1ADB1        equ	15726	;# 
  6547   003D6F                     I2C1ADR0        equ	15727	;# 
  6548   003D70                     I2C1ADR1        equ	15728	;# 
  6549   003D71                     I2C1ADR2        equ	15729	;# 
  6550   003D72                     I2C1ADR3        equ	15730	;# 
  6551   003D73                     I2C1CON0        equ	15731	;# 
  6552   003D74                     I2C1CON1        equ	15732	;# 
  6553   003D75                     I2C1CON2        equ	15733	;# 
  6554   003D76                     I2C1ERR         equ	15734	;# 
  6555   003D77                     I2C1STAT0       equ	15735	;# 
  6556   003D78                     I2C1STAT1       equ	15736	;# 
  6557   003D79                     I2C1PIR         equ	15737	;# 
  6558   003D7A                     I2C1PIE         equ	15738	;# 
  6559   003D7B                     I2C1CLK         equ	15739	;# 
  6560   003D7C                     I2C1BTO         equ	15740	;# 
  6561   003DD0                     U2RXB           equ	15824	;# 
  6562   003DD0                     U2RXBL          equ	15824	;# 
  6563   003DD2                     U2TXB           equ	15826	;# 
  6564   003DD2                     U2TXBL          equ	15826	;# 
  6565   003DD4                     U2P1            equ	15828	;# 
  6566   003DD4                     U2P1L           equ	15828	;# 
  6567   003DD6                     U2P2            equ	15830	;# 
  6568   003DD6                     U2P2L           equ	15830	;# 
  6569   003DD8                     U2P3            equ	15832	;# 
  6570   003DD8                     U2P3L           equ	15832	;# 
  6571   003DDA                     U2CON0          equ	15834	;# 
  6572   003DDB                     U2CON1          equ	15835	;# 
  6573   003DDC                     U2CON2          equ	15836	;# 
  6574   003DDD                     U2BRG           equ	15837	;# 
  6575   003DDD                     U2BRGL          equ	15837	;# 
  6576   003DDE                     U2BRGH          equ	15838	;# 
  6577   003DDF                     U2FIFO          equ	15839	;# 
  6578   003DE0                     U2UIR           equ	15840	;# 
  6579   003DE1                     U2ERRIR         equ	15841	;# 
  6580   003DE2                     U2ERRIE         equ	15842	;# 
  6581   003DE8                     U1RXB           equ	15848	;# 
  6582   003DE8                     U1RXBL          equ	15848	;# 
  6583   003DE9                     U1RXCHK         equ	15849	;# 
  6584   003DEA                     U1TXB           equ	15850	;# 
  6585   003DEA                     U1TXBL          equ	15850	;# 
  6586   003DEB                     U1TXCHK         equ	15851	;# 
  6587   003DEC                     U1P1            equ	15852	;# 
  6588   003DEC                     U1P1L           equ	15852	;# 
  6589   003DED                     U1P1H           equ	15853	;# 
  6590   003DEE                     U1P2            equ	15854	;# 
  6591   003DEE                     U1P2L           equ	15854	;# 
  6592   003DEF                     U1P2H           equ	15855	;# 
  6593   003DF0                     U1P3            equ	15856	;# 
  6594   003DF0                     U1P3L           equ	15856	;# 
  6595   003DF1                     U1P3H           equ	15857	;# 
  6596   003DF2                     U1CON0          equ	15858	;# 
  6597   003DF3                     U1CON1          equ	15859	;# 
  6598   003DF4                     U1CON2          equ	15860	;# 
  6599   003DF5                     U1BRG           equ	15861	;# 
  6600   003DF5                     U1BRGL          equ	15861	;# 
  6601   003DF6                     U1BRGH          equ	15862	;# 
  6602   003DF7                     U1FIFO          equ	15863	;# 
  6603   003DF8                     U1UIR           equ	15864	;# 
  6604   003DF9                     U1ERRIR         equ	15865	;# 
  6605   003DFA                     U1ERRIE         equ	15866	;# 
  6606   003E9C                     DAC1CON1        equ	16028	;# 
  6607   003E9E                     DAC1CON0        equ	16030	;# 
  6608   003EB8                     CM2CON0         equ	16056	;# 
  6609   003EB9                     CM2CON1         equ	16057	;# 
  6610   003EBA                     CM2NCH          equ	16058	;# 
  6611   003EBB                     CM2PCH          equ	16059	;# 
  6612   003EBC                     CM1CON0         equ	16060	;# 
  6613   003EBD                     CM1CON1         equ	16061	;# 
  6614   003EBE                     CM1NCH          equ	16062	;# 
  6615   003EBF                     CM1PCH          equ	16063	;# 
  6616   003EC0                     CMOUT           equ	16064	;# 
  6617   003EC1                     FVRCON          equ	16065	;# 
  6618   003EC3                     ZCDCON          equ	16067	;# 
  6619   003EC9                     HLVDCON0        equ	16073	;# 
  6620   003ECA                     HLVDCON1        equ	16074	;# 
  6621   003ED7                     ADCP            equ	16087	;# 
  6622   003EDE                     ADLTH           equ	16094	;# 
  6623   003EDE                     ADLTHL          equ	16094	;# 
  6624   003EDF                     ADLTHH          equ	16095	;# 
  6625   003EE0                     ADUTH           equ	16096	;# 
  6626   003EE0                     ADUTHL          equ	16096	;# 
  6627   003EE1                     ADUTHH          equ	16097	;# 
  6628   003EE2                     ADERR           equ	16098	;# 
  6629   003EE2                     ADERRL          equ	16098	;# 
  6630   003EE3                     ADERRH          equ	16099	;# 
  6631   003EE4                     ADSTPT          equ	16100	;# 
  6632   003EE4                     ADSTPTL         equ	16100	;# 
  6633   003EE5                     ADSTPTH         equ	16101	;# 
  6634   003EE6                     ADFLTR          equ	16102	;# 
  6635   003EE6                     ADFLTRL         equ	16102	;# 
  6636   003EE7                     ADFLTRH         equ	16103	;# 
  6637   003EE8                     ADACC           equ	16104	;# 
  6638   003EE8                     ADACCL          equ	16104	;# 
  6639   003EE9                     ADACCH          equ	16105	;# 
  6640   003EEA                     ADACCU          equ	16106	;# 
  6641   003EEB                     ADCNT           equ	16107	;# 
  6642   003EEC                     ADRPT           equ	16108	;# 
  6643   003EED                     ADPREV          equ	16109	;# 
  6644   003EED                     ADPREVL         equ	16109	;# 
  6645   003EEE                     ADPREVH         equ	16110	;# 
  6646   003EEF                     ADRES           equ	16111	;# 
  6647   003EEF                     ADRESL          equ	16111	;# 
  6648   003EF0                     ADRESH          equ	16112	;# 
  6649   003EF1                     ADPCH           equ	16113	;# 
  6650   003EF3                     ADACQ           equ	16115	;# 
  6651   003EF3                     ADACQL          equ	16115	;# 
  6652   003EF4                     ADACQH          equ	16116	;# 
  6653   003EF5                     ADCAP           equ	16117	;# 
  6654   003EF6                     ADPRE           equ	16118	;# 
  6655   003EF6                     ADPREL          equ	16118	;# 
  6656   003EF7                     ADPREH          equ	16119	;# 
  6657   003EF8                     ADCON0          equ	16120	;# 
  6658   003EF9                     ADCON1          equ	16121	;# 
  6659   003EFA                     ADCON2          equ	16122	;# 
  6660   003EFB                     ADCON3          equ	16123	;# 
  6661   003EFC                     ADSTAT          equ	16124	;# 
  6662   003EFD                     ADREF           equ	16125	;# 
  6663   003EFE                     ADACT           equ	16126	;# 
  6664   003EFF                     ADCLK           equ	16127	;# 
  6665   003F12                     SMT1TMR         equ	16146	;# 
  6666   003F12                     SMT1TMRL        equ	16146	;# 
  6667   003F13                     SMT1TMRH        equ	16147	;# 
  6668   003F14                     SMT1TMRU        equ	16148	;# 
  6669   003F15                     SMT1CPR         equ	16149	;# 
  6670   003F15                     SMT1CPRL        equ	16149	;# 
  6671   003F16                     SMT1CPRH        equ	16150	;# 
  6672   003F17                     SMT1CPRU        equ	16151	;# 
  6673   003F18                     SMT1CPW         equ	16152	;# 
  6674   003F18                     SMT1CPWL        equ	16152	;# 
  6675   003F19                     SMT1CPWH        equ	16153	;# 
  6676   003F1A                     SMT1CPWU        equ	16154	;# 
  6677   003F1B                     SMT1PR          equ	16155	;# 
  6678   003F1B                     SMT1PRL         equ	16155	;# 
  6679   003F1C                     SMT1PRH         equ	16156	;# 
  6680   003F1D                     SMT1PRU         equ	16157	;# 
  6681   003F1E                     SMT1CON0        equ	16158	;# 
  6682   003F1F                     SMT1CON1        equ	16159	;# 
  6683   003F20                     SMT1STAT        equ	16160	;# 
  6684   003F21                     SMT1CLK         equ	16161	;# 
  6685   003F22                     SMT1SIG         equ	16162	;# 
  6686   003F23                     SMT1WIN         equ	16163	;# 
  6687   003F38                     NCO1ACC         equ	16184	;# 
  6688   003F38                     NCO1ACCL        equ	16184	;# 
  6689   003F39                     NCO1ACCH        equ	16185	;# 
  6690   003F3A                     NCO1ACCU        equ	16186	;# 
  6691   003F3B                     NCO1INC         equ	16187	;# 
  6692   003F3B                     NCO1INCL        equ	16187	;# 
  6693   003F3C                     NCO1INCH        equ	16188	;# 
  6694   003F3D                     NCO1INCU        equ	16189	;# 
  6695   003F3E                     NCO1CON         equ	16190	;# 
  6696   003F3F                     NCO1CLK         equ	16191	;# 
  6697   003F40                     CWG3CLK         equ	16192	;# 
  6698   003F40                     CWG3CLKCON      equ	16192	;# 
  6699   003F41                     CWG3ISM         equ	16193	;# 
  6700   003F41                     CWG3DAT         equ	16193	;# 
  6701   003F42                     CWG3DBR         equ	16194	;# 
  6702   003F43                     CWG3DBF         equ	16195	;# 
  6703   003F44                     CWG3CON0        equ	16196	;# 
  6704   003F45                     CWG3CON1        equ	16197	;# 
  6705   003F46                     CWG3AS0         equ	16198	;# 
  6706   003F47                     CWG3AS1         equ	16199	;# 
  6707   003F48                     CWG3STR         equ	16200	;# 
  6708   003F49                     CWG2CLK         equ	16201	;# 
  6709   003F49                     CWG2CLKCON      equ	16201	;# 
  6710   003F4A                     CWG2ISM         equ	16202	;# 
  6711   003F4A                     CWG2DAT         equ	16202	;# 
  6712   003F4B                     CWG2DBR         equ	16203	;# 
  6713   003F4C                     CWG2DBF         equ	16204	;# 
  6714   003F4D                     CWG2CON0        equ	16205	;# 
  6715   003F4E                     CWG2CON1        equ	16206	;# 
  6716   003F4F                     CWG2AS0         equ	16207	;# 
  6717   003F50                     CWG2AS1         equ	16208	;# 
  6718   003F51                     CWG2STR         equ	16209	;# 
  6719   003F52                     CWG1CLK         equ	16210	;# 
  6720   003F52                     CWG1CLKCON      equ	16210	;# 
  6721   003F53                     CWG1ISM         equ	16211	;# 
  6722   003F53                     CWG1DAT         equ	16211	;# 
  6723   003F54                     CWG1DBR         equ	16212	;# 
  6724   003F55                     CWG1DBF         equ	16213	;# 
  6725   003F56                     CWG1CON0        equ	16214	;# 
  6726   003F57                     CWG1CON1        equ	16215	;# 
  6727   003F58                     CWG1AS0         equ	16216	;# 
  6728   003F59                     CWG1AS1         equ	16217	;# 
  6729   003F5A                     CWG1STR         equ	16218	;# 
  6730   003F5E                     CCPTMRS0        equ	16222	;# 
  6731   003F5F                     CCPTMRS1        equ	16223	;# 
  6732   003F60                     PWM8DC          equ	16224	;# 
  6733   003F60                     PWM8DCL         equ	16224	;# 
  6734   003F61                     PWM8DCH         equ	16225	;# 
  6735   003F62                     PWM8CON         equ	16226	;# 
  6736   003F64                     PWM7DC          equ	16228	;# 
  6737   003F64                     PWM7DCL         equ	16228	;# 
  6738   003F65                     PWM7DCH         equ	16229	;# 
  6739   003F66                     PWM7CON         equ	16230	;# 
  6740   003F68                     PWM6DC          equ	16232	;# 
  6741   003F68                     PWM6DCL         equ	16232	;# 
  6742   003F69                     PWM6DCH         equ	16233	;# 
  6743   003F6A                     PWM6CON         equ	16234	;# 
  6744   003F6C                     PWM5DC          equ	16236	;# 
  6745   003F6C                     PWM5DCL         equ	16236	;# 
  6746   003F6D                     PWM5DCH         equ	16237	;# 
  6747   003F6E                     PWM5CON         equ	16238	;# 
  6748   003F70                     CCPR4           equ	16240	;# 
  6749   003F70                     CCPR4L          equ	16240	;# 
  6750   003F71                     CCPR4H          equ	16241	;# 
  6751   003F72                     CCP4CON         equ	16242	;# 
  6752   003F73                     CCP4CAP         equ	16243	;# 
  6753   003F74                     CCPR3           equ	16244	;# 
  6754   003F74                     CCPR3L          equ	16244	;# 
  6755   003F75                     CCPR3H          equ	16245	;# 
  6756   003F76                     CCP3CON         equ	16246	;# 
  6757   003F77                     CCP3CAP         equ	16247	;# 
  6758   003F78                     CCPR2           equ	16248	;# 
  6759   003F78                     CCPR2L          equ	16248	;# 
  6760   003F79                     CCPR2H          equ	16249	;# 
  6761   003F7A                     CCP2CON         equ	16250	;# 
  6762   003F7B                     CCP2CAP         equ	16251	;# 
  6763   003F7C                     CCPR1           equ	16252	;# 
  6764   003F7C                     CCPR1L          equ	16252	;# 
  6765   003F7D                     CCPR1H          equ	16253	;# 
  6766   003F7E                     CCP1CON         equ	16254	;# 
  6767   003F7F                     CCP1CAP         equ	16255	;# 
  6768   003F92                     T6TMR           equ	16274	;# 
  6769   003F92                     TMR6            equ	16274	;# 
  6770   003F93                     T6PR            equ	16275	;# 
  6771   003F93                     PR6             equ	16275	;# 
  6772   003F94                     T6CON           equ	16276	;# 
  6773   003F95                     T6HLT           equ	16277	;# 
  6774   003F96                     T6CLKCON        equ	16278	;# 
  6775   003F96                     T6CLK           equ	16278	;# 
  6776   003F97                     T6RST           equ	16279	;# 
  6777   003F98                     TMR5            equ	16280	;# 
  6778   003F98                     TMR5L           equ	16280	;# 
  6779   003F99                     TMR5H           equ	16281	;# 
  6780   003F9A                     T5CON           equ	16282	;# 
  6781   003F9A                     TMR5CON         equ	16282	;# 
  6782   003F9B                     T5GCON          equ	16283	;# 
  6783   003F9B                     TMR5GCON        equ	16283	;# 
  6784   003F9C                     T5GATE          equ	16284	;# 
  6785   003F9C                     TMR5GATE        equ	16284	;# 
  6786   003F9D                     T5CLK           equ	16285	;# 
  6787   003F9D                     TMR5CLK         equ	16285	;# 
  6788   003F9D                     PR5             equ	16285	;# 
  6789   003F9E                     T4TMR           equ	16286	;# 
  6790   003F9E                     TMR4            equ	16286	;# 
  6791   003F9F                     T4PR            equ	16287	;# 
  6792   003F9F                     PR4             equ	16287	;# 
  6793   003FA0                     T4CON           equ	16288	;# 
  6794   003FA1                     T4HLT           equ	16289	;# 
  6795   003FA2                     T4CLKCON        equ	16290	;# 
  6796   003FA2                     T4CLK           equ	16290	;# 
  6797   003FA3                     T4RST           equ	16291	;# 
  6798   003FA4                     TMR3            equ	16292	;# 
  6799   003FA4                     TMR3L           equ	16292	;# 
  6800   003FA5                     TMR3H           equ	16293	;# 
  6801   003FA6                     T3CON           equ	16294	;# 
  6802   003FA6                     TMR3CON         equ	16294	;# 
  6803   003FA7                     T3GCON          equ	16295	;# 
  6804   003FA7                     TMR3GCON        equ	16295	;# 
  6805   003FA8                     T3GATE          equ	16296	;# 
  6806   003FA8                     TMR3GATE        equ	16296	;# 
  6807   003FA9                     T3CLK           equ	16297	;# 
  6808   003FA9                     TMR3CLK         equ	16297	;# 
  6809   003FA9                     PR3             equ	16297	;# 
  6810   003FAA                     T2TMR           equ	16298	;# 
  6811   003FAA                     TMR2            equ	16298	;# 
  6812   003FAB                     T2PR            equ	16299	;# 
  6813   003FAB                     PR2             equ	16299	;# 
  6814   003FAC                     T2CON           equ	16300	;# 
  6815   003FAD                     T2HLT           equ	16301	;# 
  6816   003FAE                     T2CLKCON        equ	16302	;# 
  6817   003FAE                     T2CLK           equ	16302	;# 
  6818   003FAF                     T2RST           equ	16303	;# 
  6819   003FB0                     TMR1            equ	16304	;# 
  6820   003FB0                     TMR1L           equ	16304	;# 
  6821   003FB1                     TMR1H           equ	16305	;# 
  6822   003FB2                     T1CON           equ	16306	;# 
  6823   003FB2                     TMR1CON         equ	16306	;# 
  6824   003FB3                     T1GCON          equ	16307	;# 
  6825   003FB3                     TMR1GCON        equ	16307	;# 
  6826   003FB4                     T1GATE          equ	16308	;# 
  6827   003FB4                     TMR1GATE        equ	16308	;# 
  6828   003FB5                     T1CLK           equ	16309	;# 
  6829   003FB5                     TMR1CLK         equ	16309	;# 
  6830   003FB5                     PR1             equ	16309	;# 
  6831   003FB6                     TMR0L           equ	16310	;# 
  6832   003FB6                     TMR0            equ	16310	;# 
  6833   003FB7                     TMR0H           equ	16311	;# 
  6834   003FB7                     PR0             equ	16311	;# 
  6835   003FB8                     T0CON0          equ	16312	;# 
  6836   003FB9                     T0CON1          equ	16313	;# 
  6837   003FBA                     LATA            equ	16314	;# 
  6838   003FBB                     LATB            equ	16315	;# 
  6839   003FBC                     LATC            equ	16316	;# 
  6840   003FBD                     LATD            equ	16317	;# 
  6841   003FBE                     LATE            equ	16318	;# 
  6842   003FC2                     TRISA           equ	16322	;# 
  6843   003FC3                     TRISB           equ	16323	;# 
  6844   003FC4                     TRISC           equ	16324	;# 
  6845   003FC5                     TRISD           equ	16325	;# 
  6846   003FC6                     TRISE           equ	16326	;# 
  6847   003FCA                     PORTA           equ	16330	;# 
  6848   003FCB                     PORTB           equ	16331	;# 
  6849   003FCC                     PORTC           equ	16332	;# 
  6850   003FCD                     PORTD           equ	16333	;# 
  6851   003FCE                     PORTE           equ	16334	;# 
  6852   003FD2                     INTCON0         equ	16338	;# 
  6853   003FD3                     INTCON1         equ	16339	;# 
  6854   003FD4                     IVTLOCK         equ	16340	;# 
  6855   003FD5                     IVTBASE         equ	16341	;# 
  6856   003FD5                     IVTBASEL        equ	16341	;# 
  6857   003FD6                     IVTBASEH        equ	16342	;# 
  6858   003FD7                     IVTBASEU        equ	16343	;# 
  6859   003FD8                     STATUS          equ	16344	;# 
  6860   003FD9                     FSR2            equ	16345	;# 
  6861   003FD9                     FSR2L           equ	16345	;# 
  6862   003FDA                     FSR2H           equ	16346	;# 
  6863   003FDB                     PLUSW2          equ	16347	;# 
  6864   003FDC                     PREINC2         equ	16348	;# 
  6865   003FDD                     POSTDEC2        equ	16349	;# 
  6866   003FDE                     POSTINC2        equ	16350	;# 
  6867   003FDF                     INDF2           equ	16351	;# 
  6868   003FE0                     BSR             equ	16352	;# 
  6869   003FE1                     FSR1            equ	16353	;# 
  6870   003FE1                     FSR1L           equ	16353	;# 
  6871   003FE2                     FSR1H           equ	16354	;# 
  6872   003FE3                     PLUSW1          equ	16355	;# 
  6873   003FE4                     PREINC1         equ	16356	;# 
  6874   003FE5                     POSTDEC1        equ	16357	;# 
  6875   003FE6                     POSTINC1        equ	16358	;# 
  6876   003FE7                     INDF1           equ	16359	;# 
  6877   003FE8                     WREG            equ	16360	;# 
  6878   003FE9                     FSR0            equ	16361	;# 
  6879   003FE9                     FSR0L           equ	16361	;# 
  6880   003FEA                     FSR0H           equ	16362	;# 
  6881   003FEB                     PLUSW0          equ	16363	;# 
  6882   003FEC                     PREINC0         equ	16364	;# 
  6883   003FED                     POSTDEC0        equ	16365	;# 
  6884   003FEE                     POSTINC0        equ	16366	;# 
  6885   003FEF                     INDF0           equ	16367	;# 
  6886   003FF0                     PCON0           equ	16368	;# 
  6887   003FF1                     PCON1           equ	16369	;# 
  6888   003FF3                     PROD            equ	16371	;# 
  6889   003FF3                     PRODL           equ	16371	;# 
  6890   003FF4                     PRODH           equ	16372	;# 
  6891   003FF5                     TABLAT          equ	16373	;# 
  6892   003FF6                     TBLPTR          equ	16374	;# 
  6893   003FF6                     TBLPTRL         equ	16374	;# 
  6894   003FF7                     TBLPTRH         equ	16375	;# 
  6895   003FF8                     TBLPTRU         equ	16376	;# 
  6896   003FF9                     PCLAT           equ	16377	;# 
  6897   003FF9                     PCL             equ	16377	;# 
  6898   003FFA                     PCLATH          equ	16378	;# 
  6899   003FFB                     PCLATU          equ	16379	;# 
  6900   003FFC                     STKPTR          equ	16380	;# 
  6901   003FFD                     TOS             equ	16381	;# 
  6902   003FFD                     TOSL            equ	16381	;# 
  6903   003FFE                     TOSH            equ	16382	;# 
  6904   003FFF                     TOSU            equ	16383	;# 
  6905   003880                     STATUS_CSHAD    equ	14464	;# 
  6906   003881                     WREG_CSHAD      equ	14465	;# 
  6907   003882                     BSR_CSHAD       equ	14466	;# 
  6908   003883                     SHADCON         equ	14467	;# 
  6909   003884                     STATUS_SHAD     equ	14468	;# 
  6910   003885                     WREG_SHAD       equ	14469	;# 
  6911   003886                     BSR_SHAD        equ	14470	;# 
  6912   003887                     PCLATH_SHAD     equ	14471	;# 
  6913   003888                     PCLATU_SHAD     equ	14472	;# 
  6914   003889                     FSR0SH          equ	14473	;# 
  6915   003889                     FSR0L_SHAD      equ	14473	;# 
  6916   00388A                     FSR0H_SHAD      equ	14474	;# 
  6917   00388B                     FSR1SH          equ	14475	;# 
  6918   00388B                     FSR1L_SHAD      equ	14475	;# 
  6919   00388C                     FSR1H_SHAD      equ	14476	;# 
  6920   00388D                     FSR2SH          equ	14477	;# 
  6921   00388D                     FSR2L_SHAD      equ	14477	;# 
  6922   00388E                     FSR2H_SHAD      equ	14478	;# 
  6923   00388F                     PRODSH          equ	14479	;# 
  6924   00388F                     PRODL_SHAD      equ	14479	;# 
  6925   003890                     PRODH_SHAD      equ	14480	;# 
  6926   00389D                     IVTADL          equ	14493	;# 
  6927   00389E                     IVTADH          equ	14494	;# 
  6928   00389F                     IVTADU          equ	14495	;# 
  6929   00395B                     WDTCON0         equ	14683	;# 
  6930   00395C                     WDTCON1         equ	14684	;# 
  6931   00395D                     WDTPSL          equ	14685	;# 
  6932   00395E                     WDTPSH          equ	14686	;# 
  6933   00395F                     WDTTMR          equ	14687	;# 
  6934   003960                     CRCDATA         equ	14688	;# 
  6935   003960                     CRCDATL         equ	14688	;# 
  6936   003961                     CRCDATH         equ	14689	;# 
  6937   003962                     CRCACC          equ	14690	;# 
  6938   003962                     CRCACCL         equ	14690	;# 
  6939   003963                     CRCACCH         equ	14691	;# 
  6940   003964                     CRCSHFT         equ	14692	;# 
  6941   003964                     CRCSHIFTL       equ	14692	;# 
  6942   003965                     CRCSHIFTH       equ	14693	;# 
  6943   003966                     CRCXOR          equ	14694	;# 
  6944   003966                     CRCXORL         equ	14694	;# 
  6945   003967                     CRCXORH         equ	14695	;# 
  6946   003968                     CRCCON0         equ	14696	;# 
  6947   003969                     CRCCON1         equ	14697	;# 
  6948   003976                     SCANLADR        equ	14710	;# 
  6949   003976                     SCANLADRL       equ	14710	;# 
  6950   003977                     SCANLADRH       equ	14711	;# 
  6951   003978                     SCANLADRU       equ	14712	;# 
  6952   003979                     SCANHADR        equ	14713	;# 
  6953   003979                     SCANHADRL       equ	14713	;# 
  6954   00397A                     SCANHADRH       equ	14714	;# 
  6955   00397B                     SCANHADRU       equ	14715	;# 
  6956   00397C                     SCANCON0        equ	14716	;# 
  6957   00397D                     SCANTRIG        equ	14717	;# 
  6958   003980                     IPR0            equ	14720	;# 
  6959   003981                     IPR1            equ	14721	;# 
  6960   003982                     IPR2            equ	14722	;# 
  6961   003983                     IPR3            equ	14723	;# 
  6962   003984                     IPR4            equ	14724	;# 
  6963   003985                     IPR5            equ	14725	;# 
  6964   003986                     IPR6            equ	14726	;# 
  6965   003987                     IPR7            equ	14727	;# 
  6966   003988                     IPR8            equ	14728	;# 
  6967   003989                     IPR9            equ	14729	;# 
  6968   00398A                     IPR10           equ	14730	;# 
  6969   003990                     PIE0            equ	14736	;# 
  6970   003991                     PIE1            equ	14737	;# 
  6971   003992                     PIE2            equ	14738	;# 
  6972   003993                     PIE3            equ	14739	;# 
  6973   003994                     PIE4            equ	14740	;# 
  6974   003995                     PIE5            equ	14741	;# 
  6975   003996                     PIE6            equ	14742	;# 
  6976   003997                     PIE7            equ	14743	;# 
  6977   003998                     PIE8            equ	14744	;# 
  6978   003999                     PIE9            equ	14745	;# 
  6979   00399A                     PIE10           equ	14746	;# 
  6980   0039A0                     PIR0            equ	14752	;# 
  6981   0039A1                     PIR1            equ	14753	;# 
  6982   0039A2                     PIR2            equ	14754	;# 
  6983   0039A3                     PIR3            equ	14755	;# 
  6984   0039A4                     PIR4            equ	14756	;# 
  6985   0039A5                     PIR5            equ	14757	;# 
  6986   0039A6                     PIR6            equ	14758	;# 
  6987   0039A7                     PIR7            equ	14759	;# 
  6988   0039A8                     PIR8            equ	14760	;# 
  6989   0039A9                     PIR9            equ	14761	;# 
  6990   0039AA                     PIR10           equ	14762	;# 
  6991   0039C0                     PMD0            equ	14784	;# 
  6992   0039C1                     PMD1            equ	14785	;# 
  6993   0039C2                     PMD2            equ	14786	;# 
  6994   0039C3                     PMD3            equ	14787	;# 
  6995   0039C4                     PMD4            equ	14788	;# 
  6996   0039C5                     PMD5            equ	14789	;# 
  6997   0039C6                     PMD6            equ	14790	;# 
  6998   0039C7                     PMD7            equ	14791	;# 
  6999   0039D0                     BORCON          equ	14800	;# 
  7000   0039D1                     VREGCON         equ	14801	;# 
  7001   0039D8                     CPUDOZE         equ	14808	;# 
  7002   0039D9                     OSCCON1         equ	14809	;# 
  7003   0039DA                     OSCCON2         equ	14810	;# 
  7004   0039DB                     OSCCON3         equ	14811	;# 
  7005   0039DC                     OSCSTAT         equ	14812	;# 
  7006   0039DC                     OSCSTAT1        equ	14812	;# 
  7007   0039DD                     OSCEN           equ	14813	;# 
  7008   0039DE                     OSCTUNE         equ	14814	;# 
  7009   0039DF                     OSCFRQ          equ	14815	;# 
  7010   0039E0                     NVMADRL         equ	14816	;# 
  7011   0039E1                     NVMADRH         equ	14817	;# 
  7012   0039E3                     NVMDAT          equ	14819	;# 
  7013   0039E5                     NVMCON1         equ	14821	;# 
  7014   0039E6                     NVMCON2         equ	14822	;# 
  7015   0039EF                     PRLOCK          equ	14831	;# 
  7016   0039F1                     ISRPR           equ	14833	;# 
  7017   0039F2                     MAINPR          equ	14834	;# 
  7018   0039F3                     DMA1PR          equ	14835	;# 
  7019   0039F4                     DMA2PR          equ	14836	;# 
  7020   0039F7                     SCANPR          equ	14839	;# 
  7021   003A00                     RA0PPS          equ	14848	;# 
  7022   003A01                     RA1PPS          equ	14849	;# 
  7023   003A02                     RA2PPS          equ	14850	;# 
  7024   003A03                     RA3PPS          equ	14851	;# 
  7025   003A04                     RA4PPS          equ	14852	;# 
  7026   003A05                     RA5PPS          equ	14853	;# 
  7027   003A06                     RA6PPS          equ	14854	;# 
  7028   003A07                     RA7PPS          equ	14855	;# 
  7029   003A08                     RB0PPS          equ	14856	;# 
  7030   003A09                     RB1PPS          equ	14857	;# 
  7031   003A0A                     RB2PPS          equ	14858	;# 
  7032   003A0B                     RB3PPS          equ	14859	;# 
  7033   003A0C                     RB4PPS          equ	14860	;# 
  7034   003A0D                     RB5PPS          equ	14861	;# 
  7035   003A0E                     RB6PPS          equ	14862	;# 
  7036   003A0F                     RB7PPS          equ	14863	;# 
  7037   003A10                     RC0PPS          equ	14864	;# 
  7038   003A11                     RC1PPS          equ	14865	;# 
  7039   003A12                     RC2PPS          equ	14866	;# 
  7040   003A13                     RC3PPS          equ	14867	;# 
  7041   003A14                     RC4PPS          equ	14868	;# 
  7042   003A15                     RC5PPS          equ	14869	;# 
  7043   003A16                     RC6PPS          equ	14870	;# 
  7044   003A17                     RC7PPS          equ	14871	;# 
  7045   003A18                     RD0PPS          equ	14872	;# 
  7046   003A19                     RD1PPS          equ	14873	;# 
  7047   003A1A                     RD2PPS          equ	14874	;# 
  7048   003A1B                     RD3PPS          equ	14875	;# 
  7049   003A1C                     RD4PPS          equ	14876	;# 
  7050   003A1D                     RD5PPS          equ	14877	;# 
  7051   003A1E                     RD6PPS          equ	14878	;# 
  7052   003A1F                     RD7PPS          equ	14879	;# 
  7053   003A20                     RE0PPS          equ	14880	;# 
  7054   003A21                     RE1PPS          equ	14881	;# 
  7055   003A22                     RE2PPS          equ	14882	;# 
  7056   003A40                     ANSELA          equ	14912	;# 
  7057   003A41                     WPUA            equ	14913	;# 
  7058   003A42                     ODCONA          equ	14914	;# 
  7059   003A43                     SLRCONA         equ	14915	;# 
  7060   003A44                     INLVLA          equ	14916	;# 
  7061   003A45                     IOCAP           equ	14917	;# 
  7062   003A46                     IOCAN           equ	14918	;# 
  7063   003A47                     IOCAF           equ	14919	;# 
  7064   003A48                     CCDPA           equ	14920	;# 
  7065   003A49                     CCDNA           equ	14921	;# 
  7066   003A50                     ANSELB          equ	14928	;# 
  7067   003A51                     WPUB            equ	14929	;# 
  7068   003A52                     ODCONB          equ	14930	;# 
  7069   003A53                     SLRCONB         equ	14931	;# 
  7070   003A54                     INLVLB          equ	14932	;# 
  7071   003A55                     IOCBP           equ	14933	;# 
  7072   003A56                     IOCBN           equ	14934	;# 
  7073   003A57                     IOCBF           equ	14935	;# 
  7074   003A58                     CCDPB           equ	14936	;# 
  7075   003A59                     CCDNB           equ	14937	;# 
  7076   003A5A                     RB1I2C          equ	14938	;# 
  7077   003A5B                     RB2I2C          equ	14939	;# 
  7078   003A60                     ANSELC          equ	14944	;# 
  7079   003A61                     WPUC            equ	14945	;# 
  7080   003A62                     ODCONC          equ	14946	;# 
  7081   003A63                     SLRCONC         equ	14947	;# 
  7082   003A64                     INLVLC          equ	14948	;# 
  7083   003A65                     IOCCP           equ	14949	;# 
  7084   003A66                     IOCCN           equ	14950	;# 
  7085   003A67                     IOCCF           equ	14951	;# 
  7086   003A68                     CCDPC           equ	14952	;# 
  7087   003A69                     CCDNC           equ	14953	;# 
  7088   003A6A                     RC3I2C          equ	14954	;# 
  7089   003A6B                     RC4I2C          equ	14955	;# 
  7090   003A70                     ANSELD          equ	14960	;# 
  7091   003A71                     WPUD            equ	14961	;# 
  7092   003A72                     ODCOND          equ	14962	;# 
  7093   003A73                     SLRCOND         equ	14963	;# 
  7094   003A74                     INLVLD          equ	14964	;# 
  7095   003A78                     CCDPD           equ	14968	;# 
  7096   003A79                     CCDND           equ	14969	;# 
  7097   003A7A                     RD0I2C          equ	14970	;# 
  7098   003A7B                     RD1I2C          equ	14971	;# 
  7099   003A80                     ANSELE          equ	14976	;# 
  7100   003A81                     WPUE            equ	14977	;# 
  7101   003A82                     ODCONE          equ	14978	;# 
  7102   003A83                     SLRCONE         equ	14979	;# 
  7103   003A84                     INLVLE          equ	14980	;# 
  7104   003A85                     IOCEP           equ	14981	;# 
  7105   003A86                     IOCEN           equ	14982	;# 
  7106   003A87                     IOCEF           equ	14983	;# 
  7107   003A88                     CCDPE           equ	14984	;# 
  7108   003A89                     CCDNE           equ	14985	;# 
  7109   003ABE                     CCDCON          equ	15038	;# 
  7110   003ABF                     PPSLOCK         equ	15039	;# 
  7111   003AC0                     INT0PPS         equ	15040	;# 
  7112   003AC1                     INT1PPS         equ	15041	;# 
  7113   003AC2                     INT2PPS         equ	15042	;# 
  7114   003AC3                     T0CKIPPS        equ	15043	;# 
  7115   003AC4                     T1CKIPPS        equ	15044	;# 
  7116   003AC5                     T1GPPS          equ	15045	;# 
  7117   003AC6                     T3CKIPPS        equ	15046	;# 
  7118   003AC7                     T3GPPS          equ	15047	;# 
  7119   003AC8                     T5CKIPPS        equ	15048	;# 
  7120   003AC9                     T5GPPS          equ	15049	;# 
  7121   003ACA                     T2INPPS         equ	15050	;# 
  7122   003ACB                     T4INPPS         equ	15051	;# 
  7123   003ACC                     T6INPPS         equ	15052	;# 
  7124   003ACD                     CCP1PPS         equ	15053	;# 
  7125   003ACE                     CCP2PPS         equ	15054	;# 
  7126   003ACF                     CCP3PPS         equ	15055	;# 
  7127   003AD0                     CCP4PPS         equ	15056	;# 
  7128   003AD1                     SMT1WINPPS      equ	15057	;# 
  7129   003AD2                     SMT1SIGPPS      equ	15058	;# 
  7130   003AD3                     CWG1INPPS       equ	15059	;# 
  7131   003AD4                     CWG2INPPS       equ	15060	;# 
  7132   003AD5                     CWG3INPPS       equ	15061	;# 
  7133   003AD6                     MD1CARLPPS      equ	15062	;# 
  7134   003AD7                     MD1CARHPPS      equ	15063	;# 
  7135   003AD8                     MD1SRCPPS       equ	15064	;# 
  7136   003AD9                     CLCIN0PPS       equ	15065	;# 
  7137   003ADA                     CLCIN1PPS       equ	15066	;# 
  7138   003ADB                     CLCIN2PPS       equ	15067	;# 
  7139   003ADC                     CLCIN3PPS       equ	15068	;# 
  7140   003ADD                     ADACTPPS        equ	15069	;# 
  7141   003ADE                     SPI1SCKPPS      equ	15070	;# 
  7142   003ADF                     SPI1SDIPPS      equ	15071	;# 
  7143   003AE0                     SPI1SSPPS       equ	15072	;# 
  7144   003AE1                     I2C1SCLPPS      equ	15073	;# 
  7145   003AE2                     I2C1SDAPPS      equ	15074	;# 
  7146   003AE3                     I2C2SCLPPS      equ	15075	;# 
  7147   003AE4                     I2C2SDAPPS      equ	15076	;# 
  7148   003AE5                     U1RXPPS         equ	15077	;# 
  7149   003AE6                     U1CTSPPS        equ	15078	;# 
  7150   003AE8                     U2RXPPS         equ	15080	;# 
  7151   003AE9                     U2CTSPPS        equ	15081	;# 
  7152   003BC9                     DMA2BUF         equ	15305	;# 
  7153   003BCA                     DMA2DCNT        equ	15306	;# 
  7154   003BCA                     DMA2DCNTL       equ	15306	;# 
  7155   003BCB                     DMA2DCNTH       equ	15307	;# 
  7156   003BCC                     DMA2DPTR        equ	15308	;# 
  7157   003BCC                     DMA2DPTRL       equ	15308	;# 
  7158   003BCD                     DMA2DPTRH       equ	15309	;# 
  7159   003BCE                     DMA2DSZ         equ	15310	;# 
  7160   003BCE                     DMA2DSZL        equ	15310	;# 
  7161   003BCF                     DMA2DSZH        equ	15311	;# 
  7162   003BD0                     DMA2DSA         equ	15312	;# 
  7163   003BD0                     DMA2DSAL        equ	15312	;# 
  7164   003BD1                     DMA2DSAH        equ	15313	;# 
  7165   003BD2                     DMA2SCNT        equ	15314	;# 
  7166   003BD2                     DMA2SCNTL       equ	15314	;# 
  7167   003BD3                     DMA2SCNTH       equ	15315	;# 
  7168   003BD4                     DMA2SPTR        equ	15316	;# 
  7169   003BD4                     DMA2SPTRL       equ	15316	;# 
  7170   003BD5                     DMA2SPTRH       equ	15317	;# 
  7171   003BD6                     DMA2SPTRU       equ	15318	;# 
  7172   003BD7                     DMA2SSZ         equ	15319	;# 
  7173   003BD7                     DMA2SSZL        equ	15319	;# 
  7174   003BD8                     DMA2SSZH        equ	15320	;# 
  7175   003BD9                     DMA2SSA         equ	15321	;# 
  7176   003BD9                     DMA2SSAL        equ	15321	;# 
  7177   003BDA                     DMA2SSAH        equ	15322	;# 
  7178   003BDB                     DMA2SSAU        equ	15323	;# 
  7179   003BDC                     DMA2CON0        equ	15324	;# 
  7180   003BDD                     DMA2CON1        equ	15325	;# 
  7181   003BDE                     DMA2AIRQ        equ	15326	;# 
  7182   003BDF                     DMA2SIRQ        equ	15327	;# 
  7183   003BE9                     DMA1BUF         equ	15337	;# 
  7184   003BEA                     DMA1DCNT        equ	15338	;# 
  7185   003BEA                     DMA1DCNTL       equ	15338	;# 
  7186   003BEB                     DMA1DCNTH       equ	15339	;# 
  7187   003BEC                     DMA1DPTR        equ	15340	;# 
  7188   003BEC                     DMA1DPTRL       equ	15340	;# 
  7189   003BED                     DMA1DPTRH       equ	15341	;# 
  7190   003BEE                     DMA1DSZ         equ	15342	;# 
  7191   003BEE                     DMA1DSZL        equ	15342	;# 
  7192   003BEF                     DMA1DSZH        equ	15343	;# 
  7193   003BF0                     DMA1DSA         equ	15344	;# 
  7194   003BF0                     DMA1DSAL        equ	15344	;# 
  7195   003BF1                     DMA1DSAH        equ	15345	;# 
  7196   003BF2                     DMA1SCNT        equ	15346	;# 
  7197   003BF2                     DMA1SCNTL       equ	15346	;# 
  7198   003BF3                     DMA1SCNTH       equ	15347	;# 
  7199   003BF4                     DMA1SPTR        equ	15348	;# 
  7200   003BF4                     DMA1SPTRL       equ	15348	;# 
  7201   003BF5                     DMA1SPTRH       equ	15349	;# 
  7202   003BF6                     DMA1SPTRU       equ	15350	;# 
  7203   003BF7                     DMA1SSZ         equ	15351	;# 
  7204   003BF7                     DMA1SSZL        equ	15351	;# 
  7205   003BF8                     DMA1SSZH        equ	15352	;# 
  7206   003BF9                     DMA1SSA         equ	15353	;# 
  7207   003BF9                     DMA1SSAL        equ	15353	;# 
  7208   003BFA                     DMA1SSAH        equ	15354	;# 
  7209   003BFB                     DMA1SSAU        equ	15355	;# 
  7210   003BFC                     DMA1CON0        equ	15356	;# 
  7211   003BFD                     DMA1CON1        equ	15357	;# 
  7212   003BFE                     DMA1AIRQ        equ	15358	;# 
  7213   003BFF                     DMA1SIRQ        equ	15359	;# 
  7214   003C56                     CLC4CON         equ	15446	;# 
  7215   003C57                     CLC4POL         equ	15447	;# 
  7216   003C58                     CLC4SEL0        equ	15448	;# 
  7217   003C59                     CLC4SEL1        equ	15449	;# 
  7218   003C5A                     CLC4SEL2        equ	15450	;# 
  7219   003C5B                     CLC4SEL3        equ	15451	;# 
  7220   003C5C                     CLC4GLS0        equ	15452	;# 
  7221   003C5D                     CLC4GLS1        equ	15453	;# 
  7222   003C5E                     CLC4GLS2        equ	15454	;# 
  7223   003C5F                     CLC4GLS3        equ	15455	;# 
  7224   003C60                     CLC3CON         equ	15456	;# 
  7225   003C61                     CLC3POL         equ	15457	;# 
  7226   003C62                     CLC3SEL0        equ	15458	;# 
  7227   003C63                     CLC3SEL1        equ	15459	;# 
  7228   003C64                     CLC3SEL2        equ	15460	;# 
  7229   003C65                     CLC3SEL3        equ	15461	;# 
  7230   003C66                     CLC3GLS0        equ	15462	;# 
  7231   003C67                     CLC3GLS1        equ	15463	;# 
  7232   003C68                     CLC3GLS2        equ	15464	;# 
  7233   003C69                     CLC3GLS3        equ	15465	;# 
  7234   003C6A                     CLC2CON         equ	15466	;# 
  7235   003C6B                     CLC2POL         equ	15467	;# 
  7236   003C6C                     CLC2SEL0        equ	15468	;# 
  7237   003C6D                     CLC2SEL1        equ	15469	;# 
  7238   003C6E                     CLC2SEL2        equ	15470	;# 
  7239   003C6F                     CLC2SEL3        equ	15471	;# 
  7240   003C70                     CLC2GLS0        equ	15472	;# 
  7241   003C71                     CLC2GLS1        equ	15473	;# 
  7242   003C72                     CLC2GLS2        equ	15474	;# 
  7243   003C73                     CLC2GLS3        equ	15475	;# 
  7244   003C74                     CLC1CON         equ	15476	;# 
  7245   003C75                     CLC1POL         equ	15477	;# 
  7246   003C76                     CLC1SEL0        equ	15478	;# 
  7247   003C77                     CLC1SEL1        equ	15479	;# 
  7248   003C78                     CLC1SEL2        equ	15480	;# 
  7249   003C79                     CLC1SEL3        equ	15481	;# 
  7250   003C7A                     CLC1GLS0        equ	15482	;# 
  7251   003C7B                     CLC1GLS1        equ	15483	;# 
  7252   003C7C                     CLC1GLS2        equ	15484	;# 
  7253   003C7D                     CLC1GLS3        equ	15485	;# 
  7254   003C7E                     CLCDATA0        equ	15486	;# 
  7255   003CE5                     CLKRCON         equ	15589	;# 
  7256   003CE6                     CLKRCLK         equ	15590	;# 
  7257   003CFA                     MD1CON0         equ	15610	;# 
  7258   003CFB                     MD1CON1         equ	15611	;# 
  7259   003CFC                     MD1SRC          equ	15612	;# 
  7260   003CFD                     MD1CARL         equ	15613	;# 
  7261   003CFE                     MD1CARH         equ	15614	;# 
  7262   003D10                     SPI1RXB         equ	15632	;# 
  7263   003D11                     SPI1TXB         equ	15633	;# 
  7264   003D12                     SPI1TCNT        equ	15634	;# 
  7265   003D12                     SPI1TCNTL       equ	15634	;# 
  7266   003D13                     SPI1TCNTH       equ	15635	;# 
  7267   003D14                     SPI1CON0        equ	15636	;# 
  7268   003D15                     SPI1CON1        equ	15637	;# 
  7269   003D16                     SPI1CON2        equ	15638	;# 
  7270   003D17                     SPI1STATUS      equ	15639	;# 
  7271   003D18                     SPI1TWIDTH      equ	15640	;# 
  7272   003D19                     SPI1BAUD        equ	15641	;# 
  7273   003D1A                     SPI1INTF        equ	15642	;# 
  7274   003D1B                     SPI1INTE        equ	15643	;# 
  7275   003D1C                     SPI1CLK         equ	15644	;# 
  7276   003D54                     I2C2RXB         equ	15700	;# 
  7277   003D55                     I2C2TXB         equ	15701	;# 
  7278   003D56                     I2C2CNT         equ	15702	;# 
  7279   003D57                     I2C2ADB0        equ	15703	;# 
  7280   003D58                     I2C2ADB1        equ	15704	;# 
  7281   003D59                     I2C2ADR0        equ	15705	;# 
  7282   003D5A                     I2C2ADR1        equ	15706	;# 
  7283   003D5B                     I2C2ADR2        equ	15707	;# 
  7284   003D5C                     I2C2ADR3        equ	15708	;# 
  7285   003D5D                     I2C2CON0        equ	15709	;# 
  7286   003D5E                     I2C2CON1        equ	15710	;# 
  7287   003D5F                     I2C2CON2        equ	15711	;# 
  7288   003D60                     I2C2ERR         equ	15712	;# 
  7289   003D61                     I2C2STAT0       equ	15713	;# 
  7290   003D62                     I2C2STAT1       equ	15714	;# 
  7291   003D63                     I2C2PIR         equ	15715	;# 
  7292   003D64                     I2C2PIE         equ	15716	;# 
  7293   003D65                     I2C2CLK         equ	15717	;# 
  7294   003D66                     I2C2BTO         equ	15718	;# 
  7295   003D6A                     I2C1RXB         equ	15722	;# 
  7296   003D6B                     I2C1TXB         equ	15723	;# 
  7297   003D6C                     I2C1CNT         equ	15724	;# 
  7298   003D6D                     I2C1ADB0        equ	15725	;# 
  7299   003D6E                     I2C1ADB1        equ	15726	;# 
  7300   003D6F                     I2C1ADR0        equ	15727	;# 
  7301   003D70                     I2C1ADR1        equ	15728	;# 
  7302   003D71                     I2C1ADR2        equ	15729	;# 
  7303   003D72                     I2C1ADR3        equ	15730	;# 
  7304   003D73                     I2C1CON0        equ	15731	;# 
  7305   003D74                     I2C1CON1        equ	15732	;# 
  7306   003D75                     I2C1CON2        equ	15733	;# 
  7307   003D76                     I2C1ERR         equ	15734	;# 
  7308   003D77                     I2C1STAT0       equ	15735	;# 
  7309   003D78                     I2C1STAT1       equ	15736	;# 
  7310   003D79                     I2C1PIR         equ	15737	;# 
  7311   003D7A                     I2C1PIE         equ	15738	;# 
  7312   003D7B                     I2C1CLK         equ	15739	;# 
  7313   003D7C                     I2C1BTO         equ	15740	;# 
  7314   003DD0                     U2RXB           equ	15824	;# 
  7315   003DD0                     U2RXBL          equ	15824	;# 
  7316   003DD2                     U2TXB           equ	15826	;# 
  7317   003DD2                     U2TXBL          equ	15826	;# 
  7318   003DD4                     U2P1            equ	15828	;# 
  7319   003DD4                     U2P1L           equ	15828	;# 
  7320   003DD6                     U2P2            equ	15830	;# 
  7321   003DD6                     U2P2L           equ	15830	;# 
  7322   003DD8                     U2P3            equ	15832	;# 
  7323   003DD8                     U2P3L           equ	15832	;# 
  7324   003DDA                     U2CON0          equ	15834	;# 
  7325   003DDB                     U2CON1          equ	15835	;# 
  7326   003DDC                     U2CON2          equ	15836	;# 
  7327   003DDD                     U2BRG           equ	15837	;# 
  7328   003DDD                     U2BRGL          equ	15837	;# 
  7329   003DDE                     U2BRGH          equ	15838	;# 
  7330   003DDF                     U2FIFO          equ	15839	;# 
  7331   003DE0                     U2UIR           equ	15840	;# 
  7332   003DE1                     U2ERRIR         equ	15841	;# 
  7333   003DE2                     U2ERRIE         equ	15842	;# 
  7334   003DE8                     U1RXB           equ	15848	;# 
  7335   003DE8                     U1RXBL          equ	15848	;# 
  7336   003DE9                     U1RXCHK         equ	15849	;# 
  7337   003DEA                     U1TXB           equ	15850	;# 
  7338   003DEA                     U1TXBL          equ	15850	;# 
  7339   003DEB                     U1TXCHK         equ	15851	;# 
  7340   003DEC                     U1P1            equ	15852	;# 
  7341   003DEC                     U1P1L           equ	15852	;# 
  7342   003DED                     U1P1H           equ	15853	;# 
  7343   003DEE                     U1P2            equ	15854	;# 
  7344   003DEE                     U1P2L           equ	15854	;# 
  7345   003DEF                     U1P2H           equ	15855	;# 
  7346   003DF0                     U1P3            equ	15856	;# 
  7347   003DF0                     U1P3L           equ	15856	;# 
  7348   003DF1                     U1P3H           equ	15857	;# 
  7349   003DF2                     U1CON0          equ	15858	;# 
  7350   003DF3                     U1CON1          equ	15859	;# 
  7351   003DF4                     U1CON2          equ	15860	;# 
  7352   003DF5                     U1BRG           equ	15861	;# 
  7353   003DF5                     U1BRGL          equ	15861	;# 
  7354   003DF6                     U1BRGH          equ	15862	;# 
  7355   003DF7                     U1FIFO          equ	15863	;# 
  7356   003DF8                     U1UIR           equ	15864	;# 
  7357   003DF9                     U1ERRIR         equ	15865	;# 
  7358   003DFA                     U1ERRIE         equ	15866	;# 
  7359   003E9C                     DAC1CON1        equ	16028	;# 
  7360   003E9E                     DAC1CON0        equ	16030	;# 
  7361   003EB8                     CM2CON0         equ	16056	;# 
  7362   003EB9                     CM2CON1         equ	16057	;# 
  7363   003EBA                     CM2NCH          equ	16058	;# 
  7364   003EBB                     CM2PCH          equ	16059	;# 
  7365   003EBC                     CM1CON0         equ	16060	;# 
  7366   003EBD                     CM1CON1         equ	16061	;# 
  7367   003EBE                     CM1NCH          equ	16062	;# 
  7368   003EBF                     CM1PCH          equ	16063	;# 
  7369   003EC0                     CMOUT           equ	16064	;# 
  7370   003EC1                     FVRCON          equ	16065	;# 
  7371   003EC3                     ZCDCON          equ	16067	;# 
  7372   003EC9                     HLVDCON0        equ	16073	;# 
  7373   003ECA                     HLVDCON1        equ	16074	;# 
  7374   003ED7                     ADCP            equ	16087	;# 
  7375   003EDE                     ADLTH           equ	16094	;# 
  7376   003EDE                     ADLTHL          equ	16094	;# 
  7377   003EDF                     ADLTHH          equ	16095	;# 
  7378   003EE0                     ADUTH           equ	16096	;# 
  7379   003EE0                     ADUTHL          equ	16096	;# 
  7380   003EE1                     ADUTHH          equ	16097	;# 
  7381   003EE2                     ADERR           equ	16098	;# 
  7382   003EE2                     ADERRL          equ	16098	;# 
  7383   003EE3                     ADERRH          equ	16099	;# 
  7384   003EE4                     ADSTPT          equ	16100	;# 
  7385   003EE4                     ADSTPTL         equ	16100	;# 
  7386   003EE5                     ADSTPTH         equ	16101	;# 
  7387   003EE6                     ADFLTR          equ	16102	;# 
  7388   003EE6                     ADFLTRL         equ	16102	;# 
  7389   003EE7                     ADFLTRH         equ	16103	;# 
  7390   003EE8                     ADACC           equ	16104	;# 
  7391   003EE8                     ADACCL          equ	16104	;# 
  7392   003EE9                     ADACCH          equ	16105	;# 
  7393   003EEA                     ADACCU          equ	16106	;# 
  7394   003EEB                     ADCNT           equ	16107	;# 
  7395   003EEC                     ADRPT           equ	16108	;# 
  7396   003EED                     ADPREV          equ	16109	;# 
  7397   003EED                     ADPREVL         equ	16109	;# 
  7398   003EEE                     ADPREVH         equ	16110	;# 
  7399   003EEF                     ADRES           equ	16111	;# 
  7400   003EEF                     ADRESL          equ	16111	;# 
  7401   003EF0                     ADRESH          equ	16112	;# 
  7402   003EF1                     ADPCH           equ	16113	;# 
  7403   003EF3                     ADACQ           equ	16115	;# 
  7404   003EF3                     ADACQL          equ	16115	;# 
  7405   003EF4                     ADACQH          equ	16116	;# 
  7406   003EF5                     ADCAP           equ	16117	;# 
  7407   003EF6                     ADPRE           equ	16118	;# 
  7408   003EF6                     ADPREL          equ	16118	;# 
  7409   003EF7                     ADPREH          equ	16119	;# 
  7410   003EF8                     ADCON0          equ	16120	;# 
  7411   003EF9                     ADCON1          equ	16121	;# 
  7412   003EFA                     ADCON2          equ	16122	;# 
  7413   003EFB                     ADCON3          equ	16123	;# 
  7414   003EFC                     ADSTAT          equ	16124	;# 
  7415   003EFD                     ADREF           equ	16125	;# 
  7416   003EFE                     ADACT           equ	16126	;# 
  7417   003EFF                     ADCLK           equ	16127	;# 
  7418   003F12                     SMT1TMR         equ	16146	;# 
  7419   003F12                     SMT1TMRL        equ	16146	;# 
  7420   003F13                     SMT1TMRH        equ	16147	;# 
  7421   003F14                     SMT1TMRU        equ	16148	;# 
  7422   003F15                     SMT1CPR         equ	16149	;# 
  7423   003F15                     SMT1CPRL        equ	16149	;# 
  7424   003F16                     SMT1CPRH        equ	16150	;# 
  7425   003F17                     SMT1CPRU        equ	16151	;# 
  7426   003F18                     SMT1CPW         equ	16152	;# 
  7427   003F18                     SMT1CPWL        equ	16152	;# 
  7428   003F19                     SMT1CPWH        equ	16153	;# 
  7429   003F1A                     SMT1CPWU        equ	16154	;# 
  7430   003F1B                     SMT1PR          equ	16155	;# 
  7431   003F1B                     SMT1PRL         equ	16155	;# 
  7432   003F1C                     SMT1PRH         equ	16156	;# 
  7433   003F1D                     SMT1PRU         equ	16157	;# 
  7434   003F1E                     SMT1CON0        equ	16158	;# 
  7435   003F1F                     SMT1CON1        equ	16159	;# 
  7436   003F20                     SMT1STAT        equ	16160	;# 
  7437   003F21                     SMT1CLK         equ	16161	;# 
  7438   003F22                     SMT1SIG         equ	16162	;# 
  7439   003F23                     SMT1WIN         equ	16163	;# 
  7440   003F38                     NCO1ACC         equ	16184	;# 
  7441   003F38                     NCO1ACCL        equ	16184	;# 
  7442   003F39                     NCO1ACCH        equ	16185	;# 
  7443   003F3A                     NCO1ACCU        equ	16186	;# 
  7444   003F3B                     NCO1INC         equ	16187	;# 
  7445   003F3B                     NCO1INCL        equ	16187	;# 
  7446   003F3C                     NCO1INCH        equ	16188	;# 
  7447   003F3D                     NCO1INCU        equ	16189	;# 
  7448   003F3E                     NCO1CON         equ	16190	;# 
  7449   003F3F                     NCO1CLK         equ	16191	;# 
  7450   003F40                     CWG3CLK         equ	16192	;# 
  7451   003F40                     CWG3CLKCON      equ	16192	;# 
  7452   003F41                     CWG3ISM         equ	16193	;# 
  7453   003F41                     CWG3DAT         equ	16193	;# 
  7454   003F42                     CWG3DBR         equ	16194	;# 
  7455   003F43                     CWG3DBF         equ	16195	;# 
  7456   003F44                     CWG3CON0        equ	16196	;# 
  7457   003F45                     CWG3CON1        equ	16197	;# 
  7458   003F46                     CWG3AS0         equ	16198	;# 
  7459   003F47                     CWG3AS1         equ	16199	;# 
  7460   003F48                     CWG3STR         equ	16200	;# 
  7461   003F49                     CWG2CLK         equ	16201	;# 
  7462   003F49                     CWG2CLKCON      equ	16201	;# 
  7463   003F4A                     CWG2ISM         equ	16202	;# 
  7464   003F4A                     CWG2DAT         equ	16202	;# 
  7465   003F4B                     CWG2DBR         equ	16203	;# 
  7466   003F4C                     CWG2DBF         equ	16204	;# 
  7467   003F4D                     CWG2CON0        equ	16205	;# 
  7468   003F4E                     CWG2CON1        equ	16206	;# 
  7469   003F4F                     CWG2AS0         equ	16207	;# 
  7470   003F50                     CWG2AS1         equ	16208	;# 
  7471   003F51                     CWG2STR         equ	16209	;# 
  7472   003F52                     CWG1CLK         equ	16210	;# 
  7473   003F52                     CWG1CLKCON      equ	16210	;# 
  7474   003F53                     CWG1ISM         equ	16211	;# 
  7475   003F53                     CWG1DAT         equ	16211	;# 
  7476   003F54                     CWG1DBR         equ	16212	;# 
  7477   003F55                     CWG1DBF         equ	16213	;# 
  7478   003F56                     CWG1CON0        equ	16214	;# 
  7479   003F57                     CWG1CON1        equ	16215	;# 
  7480   003F58                     CWG1AS0         equ	16216	;# 
  7481   003F59                     CWG1AS1         equ	16217	;# 
  7482   003F5A                     CWG1STR         equ	16218	;# 
  7483   003F5E                     CCPTMRS0        equ	16222	;# 
  7484   003F5F                     CCPTMRS1        equ	16223	;# 
  7485   003F60                     PWM8DC          equ	16224	;# 
  7486   003F60                     PWM8DCL         equ	16224	;# 
  7487   003F61                     PWM8DCH         equ	16225	;# 
  7488   003F62                     PWM8CON         equ	16226	;# 
  7489   003F64                     PWM7DC          equ	16228	;# 
  7490   003F64                     PWM7DCL         equ	16228	;# 
  7491   003F65                     PWM7DCH         equ	16229	;# 
  7492   003F66                     PWM7CON         equ	16230	;# 
  7493   003F68                     PWM6DC          equ	16232	;# 
  7494   003F68                     PWM6DCL         equ	16232	;# 
  7495   003F69                     PWM6DCH         equ	16233	;# 
  7496   003F6A                     PWM6CON         equ	16234	;# 
  7497   003F6C                     PWM5DC          equ	16236	;# 
  7498   003F6C                     PWM5DCL         equ	16236	;# 
  7499   003F6D                     PWM5DCH         equ	16237	;# 
  7500   003F6E                     PWM5CON         equ	16238	;# 
  7501   003F70                     CCPR4           equ	16240	;# 
  7502   003F70                     CCPR4L          equ	16240	;# 
  7503   003F71                     CCPR4H          equ	16241	;# 
  7504   003F72                     CCP4CON         equ	16242	;# 
  7505   003F73                     CCP4CAP         equ	16243	;# 
  7506   003F74                     CCPR3           equ	16244	;# 
  7507   003F74                     CCPR3L          equ	16244	;# 
  7508   003F75                     CCPR3H          equ	16245	;# 
  7509   003F76                     CCP3CON         equ	16246	;# 
  7510   003F77                     CCP3CAP         equ	16247	;# 
  7511   003F78                     CCPR2           equ	16248	;# 
  7512   003F78                     CCPR2L          equ	16248	;# 
  7513   003F79                     CCPR2H          equ	16249	;# 
  7514   003F7A                     CCP2CON         equ	16250	;# 
  7515   003F7B                     CCP2CAP         equ	16251	;# 
  7516   003F7C                     CCPR1           equ	16252	;# 
  7517   003F7C                     CCPR1L          equ	16252	;# 
  7518   003F7D                     CCPR1H          equ	16253	;# 
  7519   003F7E                     CCP1CON         equ	16254	;# 
  7520   003F7F                     CCP1CAP         equ	16255	;# 
  7521   003F92                     T6TMR           equ	16274	;# 
  7522   003F92                     TMR6            equ	16274	;# 
  7523   003F93                     T6PR            equ	16275	;# 
  7524   003F93                     PR6             equ	16275	;# 
  7525   003F94                     T6CON           equ	16276	;# 
  7526   003F95                     T6HLT           equ	16277	;# 
  7527   003F96                     T6CLKCON        equ	16278	;# 
  7528   003F96                     T6CLK           equ	16278	;# 
  7529   003F97                     T6RST           equ	16279	;# 
  7530   003F98                     TMR5            equ	16280	;# 
  7531   003F98                     TMR5L           equ	16280	;# 
  7532   003F99                     TMR5H           equ	16281	;# 
  7533   003F9A                     T5CON           equ	16282	;# 
  7534   003F9A                     TMR5CON         equ	16282	;# 
  7535   003F9B                     T5GCON          equ	16283	;# 
  7536   003F9B                     TMR5GCON        equ	16283	;# 
  7537   003F9C                     T5GATE          equ	16284	;# 
  7538   003F9C                     TMR5GATE        equ	16284	;# 
  7539   003F9D                     T5CLK           equ	16285	;# 
  7540   003F9D                     TMR5CLK         equ	16285	;# 
  7541   003F9D                     PR5             equ	16285	;# 
  7542   003F9E                     T4TMR           equ	16286	;# 
  7543   003F9E                     TMR4            equ	16286	;# 
  7544   003F9F                     T4PR            equ	16287	;# 
  7545   003F9F                     PR4             equ	16287	;# 
  7546   003FA0                     T4CON           equ	16288	;# 
  7547   003FA1                     T4HLT           equ	16289	;# 
  7548   003FA2                     T4CLKCON        equ	16290	;# 
  7549   003FA2                     T4CLK           equ	16290	;# 
  7550   003FA3                     T4RST           equ	16291	;# 
  7551   003FA4                     TMR3            equ	16292	;# 
  7552   003FA4                     TMR3L           equ	16292	;# 
  7553   003FA5                     TMR3H           equ	16293	;# 
  7554   003FA6                     T3CON           equ	16294	;# 
  7555   003FA6                     TMR3CON         equ	16294	;# 
  7556   003FA7                     T3GCON          equ	16295	;# 
  7557   003FA7                     TMR3GCON        equ	16295	;# 
  7558   003FA8                     T3GATE          equ	16296	;# 
  7559   003FA8                     TMR3GATE        equ	16296	;# 
  7560   003FA9                     T3CLK           equ	16297	;# 
  7561   003FA9                     TMR3CLK         equ	16297	;# 
  7562   003FA9                     PR3             equ	16297	;# 
  7563   003FAA                     T2TMR           equ	16298	;# 
  7564   003FAA                     TMR2            equ	16298	;# 
  7565   003FAB                     T2PR            equ	16299	;# 
  7566   003FAB                     PR2             equ	16299	;# 
  7567   003FAC                     T2CON           equ	16300	;# 
  7568   003FAD                     T2HLT           equ	16301	;# 
  7569   003FAE                     T2CLKCON        equ	16302	;# 
  7570   003FAE                     T2CLK           equ	16302	;# 
  7571   003FAF                     T2RST           equ	16303	;# 
  7572   003FB0                     TMR1            equ	16304	;# 
  7573   003FB0                     TMR1L           equ	16304	;# 
  7574   003FB1                     TMR1H           equ	16305	;# 
  7575   003FB2                     T1CON           equ	16306	;# 
  7576   003FB2                     TMR1CON         equ	16306	;# 
  7577   003FB3                     T1GCON          equ	16307	;# 
  7578   003FB3                     TMR1GCON        equ	16307	;# 
  7579   003FB4                     T1GATE          equ	16308	;# 
  7580   003FB4                     TMR1GATE        equ	16308	;# 
  7581   003FB5                     T1CLK           equ	16309	;# 
  7582   003FB5                     TMR1CLK         equ	16309	;# 
  7583   003FB5                     PR1             equ	16309	;# 
  7584   003FB6                     TMR0L           equ	16310	;# 
  7585   003FB6                     TMR0            equ	16310	;# 
  7586   003FB7                     TMR0H           equ	16311	;# 
  7587   003FB7                     PR0             equ	16311	;# 
  7588   003FB8                     T0CON0          equ	16312	;# 
  7589   003FB9                     T0CON1          equ	16313	;# 
  7590   003FBA                     LATA            equ	16314	;# 
  7591   003FBB                     LATB            equ	16315	;# 
  7592   003FBC                     LATC            equ	16316	;# 
  7593   003FBD                     LATD            equ	16317	;# 
  7594   003FBE                     LATE            equ	16318	;# 
  7595   003FC2                     TRISA           equ	16322	;# 
  7596   003FC3                     TRISB           equ	16323	;# 
  7597   003FC4                     TRISC           equ	16324	;# 
  7598   003FC5                     TRISD           equ	16325	;# 
  7599   003FC6                     TRISE           equ	16326	;# 
  7600   003FCA                     PORTA           equ	16330	;# 
  7601   003FCB                     PORTB           equ	16331	;# 
  7602   003FCC                     PORTC           equ	16332	;# 
  7603   003FCD                     PORTD           equ	16333	;# 
  7604   003FCE                     PORTE           equ	16334	;# 
  7605   003FD2                     INTCON0         equ	16338	;# 
  7606   003FD3                     INTCON1         equ	16339	;# 
  7607   003FD4                     IVTLOCK         equ	16340	;# 
  7608   003FD5                     IVTBASE         equ	16341	;# 
  7609   003FD5                     IVTBASEL        equ	16341	;# 
  7610   003FD6                     IVTBASEH        equ	16342	;# 
  7611   003FD7                     IVTBASEU        equ	16343	;# 
  7612   003FD8                     STATUS          equ	16344	;# 
  7613   003FD9                     FSR2            equ	16345	;# 
  7614   003FD9                     FSR2L           equ	16345	;# 
  7615   003FDA                     FSR2H           equ	16346	;# 
  7616   003FDB                     PLUSW2          equ	16347	;# 
  7617   003FDC                     PREINC2         equ	16348	;# 
  7618   003FDD                     POSTDEC2        equ	16349	;# 
  7619   003FDE                     POSTINC2        equ	16350	;# 
  7620   003FDF                     INDF2           equ	16351	;# 
  7621   003FE0                     BSR             equ	16352	;# 
  7622   003FE1                     FSR1            equ	16353	;# 
  7623   003FE1                     FSR1L           equ	16353	;# 
  7624   003FE2                     FSR1H           equ	16354	;# 
  7625   003FE3                     PLUSW1          equ	16355	;# 
  7626   003FE4                     PREINC1         equ	16356	;# 
  7627   003FE5                     POSTDEC1        equ	16357	;# 
  7628   003FE6                     POSTINC1        equ	16358	;# 
  7629   003FE7                     INDF1           equ	16359	;# 
  7630   003FE8                     WREG            equ	16360	;# 
  7631   003FE9                     FSR0            equ	16361	;# 
  7632   003FE9                     FSR0L           equ	16361	;# 
  7633   003FEA                     FSR0H           equ	16362	;# 
  7634   003FEB                     PLUSW0          equ	16363	;# 
  7635   003FEC                     PREINC0         equ	16364	;# 
  7636   003FED                     POSTDEC0        equ	16365	;# 
  7637   003FEE                     POSTINC0        equ	16366	;# 
  7638   003FEF                     INDF0           equ	16367	;# 
  7639   003FF0                     PCON0           equ	16368	;# 
  7640   003FF1                     PCON1           equ	16369	;# 
  7641   003FF3                     PROD            equ	16371	;# 
  7642   003FF3                     PRODL           equ	16371	;# 
  7643   003FF4                     PRODH           equ	16372	;# 
  7644   003FF5                     TABLAT          equ	16373	;# 
  7645   003FF6                     TBLPTR          equ	16374	;# 
  7646   003FF6                     TBLPTRL         equ	16374	;# 
  7647   003FF7                     TBLPTRH         equ	16375	;# 
  7648   003FF8                     TBLPTRU         equ	16376	;# 
  7649   003FF9                     PCLAT           equ	16377	;# 
  7650   003FF9                     PCL             equ	16377	;# 
  7651   003FFA                     PCLATH          equ	16378	;# 
  7652   003FFB                     PCLATU          equ	16379	;# 
  7653   003FFC                     STKPTR          equ	16380	;# 
  7654   003FFD                     TOS             equ	16381	;# 
  7655   003FFD                     TOSL            equ	16381	;# 
  7656   003FFE                     TOSH            equ	16382	;# 
  7657   003FFF                     TOSU            equ	16383	;# 
  7658   003880                     STATUS_CSHAD    equ	14464	;# 
  7659   003881                     WREG_CSHAD      equ	14465	;# 
  7660   003882                     BSR_CSHAD       equ	14466	;# 
  7661   003883                     SHADCON         equ	14467	;# 
  7662   003884                     STATUS_SHAD     equ	14468	;# 
  7663   003885                     WREG_SHAD       equ	14469	;# 
  7664   003886                     BSR_SHAD        equ	14470	;# 
  7665   003887                     PCLATH_SHAD     equ	14471	;# 
  7666   003888                     PCLATU_SHAD     equ	14472	;# 
  7667   003889                     FSR0SH          equ	14473	;# 
  7668   003889                     FSR0L_SHAD      equ	14473	;# 
  7669   00388A                     FSR0H_SHAD      equ	14474	;# 
  7670   00388B                     FSR1SH          equ	14475	;# 
  7671   00388B                     FSR1L_SHAD      equ	14475	;# 
  7672   00388C                     FSR1H_SHAD      equ	14476	;# 
  7673   00388D                     FSR2SH          equ	14477	;# 
  7674   00388D                     FSR2L_SHAD      equ	14477	;# 
  7675   00388E                     FSR2H_SHAD      equ	14478	;# 
  7676   00388F                     PRODSH          equ	14479	;# 
  7677   00388F                     PRODL_SHAD      equ	14479	;# 
  7678   003890                     PRODH_SHAD      equ	14480	;# 
  7679   00389D                     IVTADL          equ	14493	;# 
  7680   00389E                     IVTADH          equ	14494	;# 
  7681   00389F                     IVTADU          equ	14495	;# 
  7682   00395B                     WDTCON0         equ	14683	;# 
  7683   00395C                     WDTCON1         equ	14684	;# 
  7684   00395D                     WDTPSL          equ	14685	;# 
  7685   00395E                     WDTPSH          equ	14686	;# 
  7686   00395F                     WDTTMR          equ	14687	;# 
  7687   003960                     CRCDATA         equ	14688	;# 
  7688   003960                     CRCDATL         equ	14688	;# 
  7689   003961                     CRCDATH         equ	14689	;# 
  7690   003962                     CRCACC          equ	14690	;# 
  7691   003962                     CRCACCL         equ	14690	;# 
  7692   003963                     CRCACCH         equ	14691	;# 
  7693   003964                     CRCSHFT         equ	14692	;# 
  7694   003964                     CRCSHIFTL       equ	14692	;# 
  7695   003965                     CRCSHIFTH       equ	14693	;# 
  7696   003966                     CRCXOR          equ	14694	;# 
  7697   003966                     CRCXORL         equ	14694	;# 
  7698   003967                     CRCXORH         equ	14695	;# 
  7699   003968                     CRCCON0         equ	14696	;# 
  7700   003969                     CRCCON1         equ	14697	;# 
  7701   003976                     SCANLADR        equ	14710	;# 
  7702   003976                     SCANLADRL       equ	14710	;# 
  7703   003977                     SCANLADRH       equ	14711	;# 
  7704   003978                     SCANLADRU       equ	14712	;# 
  7705   003979                     SCANHADR        equ	14713	;# 
  7706   003979                     SCANHADRL       equ	14713	;# 
  7707   00397A                     SCANHADRH       equ	14714	;# 
  7708   00397B                     SCANHADRU       equ	14715	;# 
  7709   00397C                     SCANCON0        equ	14716	;# 
  7710   00397D                     SCANTRIG        equ	14717	;# 
  7711   003980                     IPR0            equ	14720	;# 
  7712   003981                     IPR1            equ	14721	;# 
  7713   003982                     IPR2            equ	14722	;# 
  7714   003983                     IPR3            equ	14723	;# 
  7715   003984                     IPR4            equ	14724	;# 
  7716   003985                     IPR5            equ	14725	;# 
  7717   003986                     IPR6            equ	14726	;# 
  7718   003987                     IPR7            equ	14727	;# 
  7719   003988                     IPR8            equ	14728	;# 
  7720   003989                     IPR9            equ	14729	;# 
  7721   00398A                     IPR10           equ	14730	;# 
  7722   003990                     PIE0            equ	14736	;# 
  7723   003991                     PIE1            equ	14737	;# 
  7724   003992                     PIE2            equ	14738	;# 
  7725   003993                     PIE3            equ	14739	;# 
  7726   003994                     PIE4            equ	14740	;# 
  7727   003995                     PIE5            equ	14741	;# 
  7728   003996                     PIE6            equ	14742	;# 
  7729   003997                     PIE7            equ	14743	;# 
  7730   003998                     PIE8            equ	14744	;# 
  7731   003999                     PIE9            equ	14745	;# 
  7732   00399A                     PIE10           equ	14746	;# 
  7733   0039A0                     PIR0            equ	14752	;# 
  7734   0039A1                     PIR1            equ	14753	;# 
  7735   0039A2                     PIR2            equ	14754	;# 
  7736   0039A3                     PIR3            equ	14755	;# 
  7737   0039A4                     PIR4            equ	14756	;# 
  7738   0039A5                     PIR5            equ	14757	;# 
  7739   0039A6                     PIR6            equ	14758	;# 
  7740   0039A7                     PIR7            equ	14759	;# 
  7741   0039A8                     PIR8            equ	14760	;# 
  7742   0039A9                     PIR9            equ	14761	;# 
  7743   0039AA                     PIR10           equ	14762	;# 
  7744   0039C0                     PMD0            equ	14784	;# 
  7745   0039C1                     PMD1            equ	14785	;# 
  7746   0039C2                     PMD2            equ	14786	;# 
  7747   0039C3                     PMD3            equ	14787	;# 
  7748   0039C4                     PMD4            equ	14788	;# 
  7749   0039C5                     PMD5            equ	14789	;# 
  7750   0039C6                     PMD6            equ	14790	;# 
  7751   0039C7                     PMD7            equ	14791	;# 
  7752   0039D0                     BORCON          equ	14800	;# 
  7753   0039D1                     VREGCON         equ	14801	;# 
  7754   0039D8                     CPUDOZE         equ	14808	;# 
  7755   0039D9                     OSCCON1         equ	14809	;# 
  7756   0039DA                     OSCCON2         equ	14810	;# 
  7757   0039DB                     OSCCON3         equ	14811	;# 
  7758   0039DC                     OSCSTAT         equ	14812	;# 
  7759   0039DC                     OSCSTAT1        equ	14812	;# 
  7760   0039DD                     OSCEN           equ	14813	;# 
  7761   0039DE                     OSCTUNE         equ	14814	;# 
  7762   0039DF                     OSCFRQ          equ	14815	;# 
  7763   0039E0                     NVMADRL         equ	14816	;# 
  7764   0039E1                     NVMADRH         equ	14817	;# 
  7765   0039E3                     NVMDAT          equ	14819	;# 
  7766   0039E5                     NVMCON1         equ	14821	;# 
  7767   0039E6                     NVMCON2         equ	14822	;# 
  7768   0039EF                     PRLOCK          equ	14831	;# 
  7769   0039F1                     ISRPR           equ	14833	;# 
  7770   0039F2                     MAINPR          equ	14834	;# 
  7771   0039F3                     DMA1PR          equ	14835	;# 
  7772   0039F4                     DMA2PR          equ	14836	;# 
  7773   0039F7                     SCANPR          equ	14839	;# 
  7774   003A00                     RA0PPS          equ	14848	;# 
  7775   003A01                     RA1PPS          equ	14849	;# 
  7776   003A02                     RA2PPS          equ	14850	;# 
  7777   003A03                     RA3PPS          equ	14851	;# 
  7778   003A04                     RA4PPS          equ	14852	;# 
  7779   003A05                     RA5PPS          equ	14853	;# 
  7780   003A06                     RA6PPS          equ	14854	;# 
  7781   003A07                     RA7PPS          equ	14855	;# 
  7782   003A08                     RB0PPS          equ	14856	;# 
  7783   003A09                     RB1PPS          equ	14857	;# 
  7784   003A0A                     RB2PPS          equ	14858	;# 
  7785   003A0B                     RB3PPS          equ	14859	;# 
  7786   003A0C                     RB4PPS          equ	14860	;# 
  7787   003A0D                     RB5PPS          equ	14861	;# 
  7788   003A0E                     RB6PPS          equ	14862	;# 
  7789   003A0F                     RB7PPS          equ	14863	;# 
  7790   003A10                     RC0PPS          equ	14864	;# 
  7791   003A11                     RC1PPS          equ	14865	;# 
  7792   003A12                     RC2PPS          equ	14866	;# 
  7793   003A13                     RC3PPS          equ	14867	;# 
  7794   003A14                     RC4PPS          equ	14868	;# 
  7795   003A15                     RC5PPS          equ	14869	;# 
  7796   003A16                     RC6PPS          equ	14870	;# 
  7797   003A17                     RC7PPS          equ	14871	;# 
  7798   003A18                     RD0PPS          equ	14872	;# 
  7799   003A19                     RD1PPS          equ	14873	;# 
  7800   003A1A                     RD2PPS          equ	14874	;# 
  7801   003A1B                     RD3PPS          equ	14875	;# 
  7802   003A1C                     RD4PPS          equ	14876	;# 
  7803   003A1D                     RD5PPS          equ	14877	;# 
  7804   003A1E                     RD6PPS          equ	14878	;# 
  7805   003A1F                     RD7PPS          equ	14879	;# 
  7806   003A20                     RE0PPS          equ	14880	;# 
  7807   003A21                     RE1PPS          equ	14881	;# 
  7808   003A22                     RE2PPS          equ	14882	;# 
  7809   003A40                     ANSELA          equ	14912	;# 
  7810   003A41                     WPUA            equ	14913	;# 
  7811   003A42                     ODCONA          equ	14914	;# 
  7812   003A43                     SLRCONA         equ	14915	;# 
  7813   003A44                     INLVLA          equ	14916	;# 
  7814   003A45                     IOCAP           equ	14917	;# 
  7815   003A46                     IOCAN           equ	14918	;# 
  7816   003A47                     IOCAF           equ	14919	;# 
  7817   003A48                     CCDPA           equ	14920	;# 
  7818   003A49                     CCDNA           equ	14921	;# 
  7819   003A50                     ANSELB          equ	14928	;# 
  7820   003A51                     WPUB            equ	14929	;# 
  7821   003A52                     ODCONB          equ	14930	;# 
  7822   003A53                     SLRCONB         equ	14931	;# 
  7823   003A54                     INLVLB          equ	14932	;# 
  7824   003A55                     IOCBP           equ	14933	;# 
  7825   003A56                     IOCBN           equ	14934	;# 
  7826   003A57                     IOCBF           equ	14935	;# 
  7827   003A58                     CCDPB           equ	14936	;# 
  7828   003A59                     CCDNB           equ	14937	;# 
  7829   003A5A                     RB1I2C          equ	14938	;# 
  7830   003A5B                     RB2I2C          equ	14939	;# 
  7831   003A60                     ANSELC          equ	14944	;# 
  7832   003A61                     WPUC            equ	14945	;# 
  7833   003A62                     ODCONC          equ	14946	;# 
  7834   003A63                     SLRCONC         equ	14947	;# 
  7835   003A64                     INLVLC          equ	14948	;# 
  7836   003A65                     IOCCP           equ	14949	;# 
  7837   003A66                     IOCCN           equ	14950	;# 
  7838   003A67                     IOCCF           equ	14951	;# 
  7839   003A68                     CCDPC           equ	14952	;# 
  7840   003A69                     CCDNC           equ	14953	;# 
  7841   003A6A                     RC3I2C          equ	14954	;# 
  7842   003A6B                     RC4I2C          equ	14955	;# 
  7843   003A70                     ANSELD          equ	14960	;# 
  7844   003A71                     WPUD            equ	14961	;# 
  7845   003A72                     ODCOND          equ	14962	;# 
  7846   003A73                     SLRCOND         equ	14963	;# 
  7847   003A74                     INLVLD          equ	14964	;# 
  7848   003A78                     CCDPD           equ	14968	;# 
  7849   003A79                     CCDND           equ	14969	;# 
  7850   003A7A                     RD0I2C          equ	14970	;# 
  7851   003A7B                     RD1I2C          equ	14971	;# 
  7852   003A80                     ANSELE          equ	14976	;# 
  7853   003A81                     WPUE            equ	14977	;# 
  7854   003A82                     ODCONE          equ	14978	;# 
  7855   003A83                     SLRCONE         equ	14979	;# 
  7856   003A84                     INLVLE          equ	14980	;# 
  7857   003A85                     IOCEP           equ	14981	;# 
  7858   003A86                     IOCEN           equ	14982	;# 
  7859   003A87                     IOCEF           equ	14983	;# 
  7860   003A88                     CCDPE           equ	14984	;# 
  7861   003A89                     CCDNE           equ	14985	;# 
  7862   003ABE                     CCDCON          equ	15038	;# 
  7863   003ABF                     PPSLOCK         equ	15039	;# 
  7864   003AC0                     INT0PPS         equ	15040	;# 
  7865   003AC1                     INT1PPS         equ	15041	;# 
  7866   003AC2                     INT2PPS         equ	15042	;# 
  7867   003AC3                     T0CKIPPS        equ	15043	;# 
  7868   003AC4                     T1CKIPPS        equ	15044	;# 
  7869   003AC5                     T1GPPS          equ	15045	;# 
  7870   003AC6                     T3CKIPPS        equ	15046	;# 
  7871   003AC7                     T3GPPS          equ	15047	;# 
  7872   003AC8                     T5CKIPPS        equ	15048	;# 
  7873   003AC9                     T5GPPS          equ	15049	;# 
  7874   003ACA                     T2INPPS         equ	15050	;# 
  7875   003ACB                     T4INPPS         equ	15051	;# 
  7876   003ACC                     T6INPPS         equ	15052	;# 
  7877   003ACD                     CCP1PPS         equ	15053	;# 
  7878   003ACE                     CCP2PPS         equ	15054	;# 
  7879   003ACF                     CCP3PPS         equ	15055	;# 
  7880   003AD0                     CCP4PPS         equ	15056	;# 
  7881   003AD1                     SMT1WINPPS      equ	15057	;# 
  7882   003AD2                     SMT1SIGPPS      equ	15058	;# 
  7883   003AD3                     CWG1INPPS       equ	15059	;# 
  7884   003AD4                     CWG2INPPS       equ	15060	;# 
  7885   003AD5                     CWG3INPPS       equ	15061	;# 
  7886   003AD6                     MD1CARLPPS      equ	15062	;# 
  7887   003AD7                     MD1CARHPPS      equ	15063	;# 
  7888   003AD8                     MD1SRCPPS       equ	15064	;# 
  7889   003AD9                     CLCIN0PPS       equ	15065	;# 
  7890   003ADA                     CLCIN1PPS       equ	15066	;# 
  7891   003ADB                     CLCIN2PPS       equ	15067	;# 
  7892   003ADC                     CLCIN3PPS       equ	15068	;# 
  7893   003ADD                     ADACTPPS        equ	15069	;# 
  7894   003ADE                     SPI1SCKPPS      equ	15070	;# 
  7895   003ADF                     SPI1SDIPPS      equ	15071	;# 
  7896   003AE0                     SPI1SSPPS       equ	15072	;# 
  7897   003AE1                     I2C1SCLPPS      equ	15073	;# 
  7898   003AE2                     I2C1SDAPPS      equ	15074	;# 
  7899   003AE3                     I2C2SCLPPS      equ	15075	;# 
  7900   003AE4                     I2C2SDAPPS      equ	15076	;# 
  7901   003AE5                     U1RXPPS         equ	15077	;# 
  7902   003AE6                     U1CTSPPS        equ	15078	;# 
  7903   003AE8                     U2RXPPS         equ	15080	;# 
  7904   003AE9                     U2CTSPPS        equ	15081	;# 
  7905   003BC9                     DMA2BUF         equ	15305	;# 
  7906   003BCA                     DMA2DCNT        equ	15306	;# 
  7907   003BCA                     DMA2DCNTL       equ	15306	;# 
  7908   003BCB                     DMA2DCNTH       equ	15307	;# 
  7909   003BCC                     DMA2DPTR        equ	15308	;# 
  7910   003BCC                     DMA2DPTRL       equ	15308	;# 
  7911   003BCD                     DMA2DPTRH       equ	15309	;# 
  7912   003BCE                     DMA2DSZ         equ	15310	;# 
  7913   003BCE                     DMA2DSZL        equ	15310	;# 
  7914   003BCF                     DMA2DSZH        equ	15311	;# 
  7915   003BD0                     DMA2DSA         equ	15312	;# 
  7916   003BD0                     DMA2DSAL        equ	15312	;# 
  7917   003BD1                     DMA2DSAH        equ	15313	;# 
  7918   003BD2                     DMA2SCNT        equ	15314	;# 
  7919   003BD2                     DMA2SCNTL       equ	15314	;# 
  7920   003BD3                     DMA2SCNTH       equ	15315	;# 
  7921   003BD4                     DMA2SPTR        equ	15316	;# 
  7922   003BD4                     DMA2SPTRL       equ	15316	;# 
  7923   003BD5                     DMA2SPTRH       equ	15317	;# 
  7924   003BD6                     DMA2SPTRU       equ	15318	;# 
  7925   003BD7                     DMA2SSZ         equ	15319	;# 
  7926   003BD7                     DMA2SSZL        equ	15319	;# 
  7927   003BD8                     DMA2SSZH        equ	15320	;# 
  7928   003BD9                     DMA2SSA         equ	15321	;# 
  7929   003BD9                     DMA2SSAL        equ	15321	;# 
  7930   003BDA                     DMA2SSAH        equ	15322	;# 
  7931   003BDB                     DMA2SSAU        equ	15323	;# 
  7932   003BDC                     DMA2CON0        equ	15324	;# 
  7933   003BDD                     DMA2CON1        equ	15325	;# 
  7934   003BDE                     DMA2AIRQ        equ	15326	;# 
  7935   003BDF                     DMA2SIRQ        equ	15327	;# 
  7936   003BE9                     DMA1BUF         equ	15337	;# 
  7937   003BEA                     DMA1DCNT        equ	15338	;# 
  7938   003BEA                     DMA1DCNTL       equ	15338	;# 
  7939   003BEB                     DMA1DCNTH       equ	15339	;# 
  7940   003BEC                     DMA1DPTR        equ	15340	;# 
  7941   003BEC                     DMA1DPTRL       equ	15340	;# 
  7942   003BED                     DMA1DPTRH       equ	15341	;# 
  7943   003BEE                     DMA1DSZ         equ	15342	;# 
  7944   003BEE                     DMA1DSZL        equ	15342	;# 
  7945   003BEF                     DMA1DSZH        equ	15343	;# 
  7946   003BF0                     DMA1DSA         equ	15344	;# 
  7947   003BF0                     DMA1DSAL        equ	15344	;# 
  7948   003BF1                     DMA1DSAH        equ	15345	;# 
  7949   003BF2                     DMA1SCNT        equ	15346	;# 
  7950   003BF2                     DMA1SCNTL       equ	15346	;# 
  7951   003BF3                     DMA1SCNTH       equ	15347	;# 
  7952   003BF4                     DMA1SPTR        equ	15348	;# 
  7953   003BF4                     DMA1SPTRL       equ	15348	;# 
  7954   003BF5                     DMA1SPTRH       equ	15349	;# 
  7955   003BF6                     DMA1SPTRU       equ	15350	;# 
  7956   003BF7                     DMA1SSZ         equ	15351	;# 
  7957   003BF7                     DMA1SSZL        equ	15351	;# 
  7958   003BF8                     DMA1SSZH        equ	15352	;# 
  7959   003BF9                     DMA1SSA         equ	15353	;# 
  7960   003BF9                     DMA1SSAL        equ	15353	;# 
  7961   003BFA                     DMA1SSAH        equ	15354	;# 
  7962   003BFB                     DMA1SSAU        equ	15355	;# 
  7963   003BFC                     DMA1CON0        equ	15356	;# 
  7964   003BFD                     DMA1CON1        equ	15357	;# 
  7965   003BFE                     DMA1AIRQ        equ	15358	;# 
  7966   003BFF                     DMA1SIRQ        equ	15359	;# 
  7967   003C56                     CLC4CON         equ	15446	;# 
  7968   003C57                     CLC4POL         equ	15447	;# 
  7969   003C58                     CLC4SEL0        equ	15448	;# 
  7970   003C59                     CLC4SEL1        equ	15449	;# 
  7971   003C5A                     CLC4SEL2        equ	15450	;# 
  7972   003C5B                     CLC4SEL3        equ	15451	;# 
  7973   003C5C                     CLC4GLS0        equ	15452	;# 
  7974   003C5D                     CLC4GLS1        equ	15453	;# 
  7975   003C5E                     CLC4GLS2        equ	15454	;# 
  7976   003C5F                     CLC4GLS3        equ	15455	;# 
  7977   003C60                     CLC3CON         equ	15456	;# 
  7978   003C61                     CLC3POL         equ	15457	;# 
  7979   003C62                     CLC3SEL0        equ	15458	;# 
  7980   003C63                     CLC3SEL1        equ	15459	;# 
  7981   003C64                     CLC3SEL2        equ	15460	;# 
  7982   003C65                     CLC3SEL3        equ	15461	;# 
  7983   003C66                     CLC3GLS0        equ	15462	;# 
  7984   003C67                     CLC3GLS1        equ	15463	;# 
  7985   003C68                     CLC3GLS2        equ	15464	;# 
  7986   003C69                     CLC3GLS3        equ	15465	;# 
  7987   003C6A                     CLC2CON         equ	15466	;# 
  7988   003C6B                     CLC2POL         equ	15467	;# 
  7989   003C6C                     CLC2SEL0        equ	15468	;# 
  7990   003C6D                     CLC2SEL1        equ	15469	;# 
  7991   003C6E                     CLC2SEL2        equ	15470	;# 
  7992   003C6F                     CLC2SEL3        equ	15471	;# 
  7993   003C70                     CLC2GLS0        equ	15472	;# 
  7994   003C71                     CLC2GLS1        equ	15473	;# 
  7995   003C72                     CLC2GLS2        equ	15474	;# 
  7996   003C73                     CLC2GLS3        equ	15475	;# 
  7997   003C74                     CLC1CON         equ	15476	;# 
  7998   003C75                     CLC1POL         equ	15477	;# 
  7999   003C76                     CLC1SEL0        equ	15478	;# 
  8000   003C77                     CLC1SEL1        equ	15479	;# 
  8001   003C78                     CLC1SEL2        equ	15480	;# 
  8002   003C79                     CLC1SEL3        equ	15481	;# 
  8003   003C7A                     CLC1GLS0        equ	15482	;# 
  8004   003C7B                     CLC1GLS1        equ	15483	;# 
  8005   003C7C                     CLC1GLS2        equ	15484	;# 
  8006   003C7D                     CLC1GLS3        equ	15485	;# 
  8007   003C7E                     CLCDATA0        equ	15486	;# 
  8008   003CE5                     CLKRCON         equ	15589	;# 
  8009   003CE6                     CLKRCLK         equ	15590	;# 
  8010   003CFA                     MD1CON0         equ	15610	;# 
  8011   003CFB                     MD1CON1         equ	15611	;# 
  8012   003CFC                     MD1SRC          equ	15612	;# 
  8013   003CFD                     MD1CARL         equ	15613	;# 
  8014   003CFE                     MD1CARH         equ	15614	;# 
  8015   003D10                     SPI1RXB         equ	15632	;# 
  8016   003D11                     SPI1TXB         equ	15633	;# 
  8017   003D12                     SPI1TCNT        equ	15634	;# 
  8018   003D12                     SPI1TCNTL       equ	15634	;# 
  8019   003D13                     SPI1TCNTH       equ	15635	;# 
  8020   003D14                     SPI1CON0        equ	15636	;# 
  8021   003D15                     SPI1CON1        equ	15637	;# 
  8022   003D16                     SPI1CON2        equ	15638	;# 
  8023   003D17                     SPI1STATUS      equ	15639	;# 
  8024   003D18                     SPI1TWIDTH      equ	15640	;# 
  8025   003D19                     SPI1BAUD        equ	15641	;# 
  8026   003D1A                     SPI1INTF        equ	15642	;# 
  8027   003D1B                     SPI1INTE        equ	15643	;# 
  8028   003D1C                     SPI1CLK         equ	15644	;# 
  8029   003D54                     I2C2RXB         equ	15700	;# 
  8030   003D55                     I2C2TXB         equ	15701	;# 
  8031   003D56                     I2C2CNT         equ	15702	;# 
  8032   003D57                     I2C2ADB0        equ	15703	;# 
  8033   003D58                     I2C2ADB1        equ	15704	;# 
  8034   003D59                     I2C2ADR0        equ	15705	;# 
  8035   003D5A                     I2C2ADR1        equ	15706	;# 
  8036   003D5B                     I2C2ADR2        equ	15707	;# 
  8037   003D5C                     I2C2ADR3        equ	15708	;# 
  8038   003D5D                     I2C2CON0        equ	15709	;# 
  8039   003D5E                     I2C2CON1        equ	15710	;# 
  8040   003D5F                     I2C2CON2        equ	15711	;# 
  8041   003D60                     I2C2ERR         equ	15712	;# 
  8042   003D61                     I2C2STAT0       equ	15713	;# 
  8043   003D62                     I2C2STAT1       equ	15714	;# 
  8044   003D63                     I2C2PIR         equ	15715	;# 
  8045   003D64                     I2C2PIE         equ	15716	;# 
  8046   003D65                     I2C2CLK         equ	15717	;# 
  8047   003D66                     I2C2BTO         equ	15718	;# 
  8048   003D6A                     I2C1RXB         equ	15722	;# 
  8049   003D6B                     I2C1TXB         equ	15723	;# 
  8050   003D6C                     I2C1CNT         equ	15724	;# 
  8051   003D6D                     I2C1ADB0        equ	15725	;# 
  8052   003D6E                     I2C1ADB1        equ	15726	;# 
  8053   003D6F                     I2C1ADR0        equ	15727	;# 
  8054   003D70                     I2C1ADR1        equ	15728	;# 
  8055   003D71                     I2C1ADR2        equ	15729	;# 
  8056   003D72                     I2C1ADR3        equ	15730	;# 
  8057   003D73                     I2C1CON0        equ	15731	;# 
  8058   003D74                     I2C1CON1        equ	15732	;# 
  8059   003D75                     I2C1CON2        equ	15733	;# 
  8060   003D76                     I2C1ERR         equ	15734	;# 
  8061   003D77                     I2C1STAT0       equ	15735	;# 
  8062   003D78                     I2C1STAT1       equ	15736	;# 
  8063   003D79                     I2C1PIR         equ	15737	;# 
  8064   003D7A                     I2C1PIE         equ	15738	;# 
  8065   003D7B                     I2C1CLK         equ	15739	;# 
  8066   003D7C                     I2C1BTO         equ	15740	;# 
  8067   003DD0                     U2RXB           equ	15824	;# 
  8068   003DD0                     U2RXBL          equ	15824	;# 
  8069   003DD2                     U2TXB           equ	15826	;# 
  8070   003DD2                     U2TXBL          equ	15826	;# 
  8071   003DD4                     U2P1            equ	15828	;# 
  8072   003DD4                     U2P1L           equ	15828	;# 
  8073   003DD6                     U2P2            equ	15830	;# 
  8074   003DD6                     U2P2L           equ	15830	;# 
  8075   003DD8                     U2P3            equ	15832	;# 
  8076   003DD8                     U2P3L           equ	15832	;# 
  8077   003DDA                     U2CON0          equ	15834	;# 
  8078   003DDB                     U2CON1          equ	15835	;# 
  8079   003DDC                     U2CON2          equ	15836	;# 
  8080   003DDD                     U2BRG           equ	15837	;# 
  8081   003DDD                     U2BRGL          equ	15837	;# 
  8082   003DDE                     U2BRGH          equ	15838	;# 
  8083   003DDF                     U2FIFO          equ	15839	;# 
  8084   003DE0                     U2UIR           equ	15840	;# 
  8085   003DE1                     U2ERRIR         equ	15841	;# 
  8086   003DE2                     U2ERRIE         equ	15842	;# 
  8087   003DE8                     U1RXB           equ	15848	;# 
  8088   003DE8                     U1RXBL          equ	15848	;# 
  8089   003DE9                     U1RXCHK         equ	15849	;# 
  8090   003DEA                     U1TXB           equ	15850	;# 
  8091   003DEA                     U1TXBL          equ	15850	;# 
  8092   003DEB                     U1TXCHK         equ	15851	;# 
  8093   003DEC                     U1P1            equ	15852	;# 
  8094   003DEC                     U1P1L           equ	15852	;# 
  8095   003DED                     U1P1H           equ	15853	;# 
  8096   003DEE                     U1P2            equ	15854	;# 
  8097   003DEE                     U1P2L           equ	15854	;# 
  8098   003DEF                     U1P2H           equ	15855	;# 
  8099   003DF0                     U1P3            equ	15856	;# 
  8100   003DF0                     U1P3L           equ	15856	;# 
  8101   003DF1                     U1P3H           equ	15857	;# 
  8102   003DF2                     U1CON0          equ	15858	;# 
  8103   003DF3                     U1CON1          equ	15859	;# 
  8104   003DF4                     U1CON2          equ	15860	;# 
  8105   003DF5                     U1BRG           equ	15861	;# 
  8106   003DF5                     U1BRGL          equ	15861	;# 
  8107   003DF6                     U1BRGH          equ	15862	;# 
  8108   003DF7                     U1FIFO          equ	15863	;# 
  8109   003DF8                     U1UIR           equ	15864	;# 
  8110   003DF9                     U1ERRIR         equ	15865	;# 
  8111   003DFA                     U1ERRIE         equ	15866	;# 
  8112   003E9C                     DAC1CON1        equ	16028	;# 
  8113   003E9E                     DAC1CON0        equ	16030	;# 
  8114   003EB8                     CM2CON0         equ	16056	;# 
  8115   003EB9                     CM2CON1         equ	16057	;# 
  8116   003EBA                     CM2NCH          equ	16058	;# 
  8117   003EBB                     CM2PCH          equ	16059	;# 
  8118   003EBC                     CM1CON0         equ	16060	;# 
  8119   003EBD                     CM1CON1         equ	16061	;# 
  8120   003EBE                     CM1NCH          equ	16062	;# 
  8121   003EBF                     CM1PCH          equ	16063	;# 
  8122   003EC0                     CMOUT           equ	16064	;# 
  8123   003EC1                     FVRCON          equ	16065	;# 
  8124   003EC3                     ZCDCON          equ	16067	;# 
  8125   003EC9                     HLVDCON0        equ	16073	;# 
  8126   003ECA                     HLVDCON1        equ	16074	;# 
  8127   003ED7                     ADCP            equ	16087	;# 
  8128   003EDE                     ADLTH           equ	16094	;# 
  8129   003EDE                     ADLTHL          equ	16094	;# 
  8130   003EDF                     ADLTHH          equ	16095	;# 
  8131   003EE0                     ADUTH           equ	16096	;# 
  8132   003EE0                     ADUTHL          equ	16096	;# 
  8133   003EE1                     ADUTHH          equ	16097	;# 
  8134   003EE2                     ADERR           equ	16098	;# 
  8135   003EE2                     ADERRL          equ	16098	;# 
  8136   003EE3                     ADERRH          equ	16099	;# 
  8137   003EE4                     ADSTPT          equ	16100	;# 
  8138   003EE4                     ADSTPTL         equ	16100	;# 
  8139   003EE5                     ADSTPTH         equ	16101	;# 
  8140   003EE6                     ADFLTR          equ	16102	;# 
  8141   003EE6                     ADFLTRL         equ	16102	;# 
  8142   003EE7                     ADFLTRH         equ	16103	;# 
  8143   003EE8                     ADACC           equ	16104	;# 
  8144   003EE8                     ADACCL          equ	16104	;# 
  8145   003EE9                     ADACCH          equ	16105	;# 
  8146   003EEA                     ADACCU          equ	16106	;# 
  8147   003EEB                     ADCNT           equ	16107	;# 
  8148   003EEC                     ADRPT           equ	16108	;# 
  8149   003EED                     ADPREV          equ	16109	;# 
  8150   003EED                     ADPREVL         equ	16109	;# 
  8151   003EEE                     ADPREVH         equ	16110	;# 
  8152   003EEF                     ADRES           equ	16111	;# 
  8153   003EEF                     ADRESL          equ	16111	;# 
  8154   003EF0                     ADRESH          equ	16112	;# 
  8155   003EF1                     ADPCH           equ	16113	;# 
  8156   003EF3                     ADACQ           equ	16115	;# 
  8157   003EF3                     ADACQL          equ	16115	;# 
  8158   003EF4                     ADACQH          equ	16116	;# 
  8159   003EF5                     ADCAP           equ	16117	;# 
  8160   003EF6                     ADPRE           equ	16118	;# 
  8161   003EF6                     ADPREL          equ	16118	;# 
  8162   003EF7                     ADPREH          equ	16119	;# 
  8163   003EF8                     ADCON0          equ	16120	;# 
  8164   003EF9                     ADCON1          equ	16121	;# 
  8165   003EFA                     ADCON2          equ	16122	;# 
  8166   003EFB                     ADCON3          equ	16123	;# 
  8167   003EFC                     ADSTAT          equ	16124	;# 
  8168   003EFD                     ADREF           equ	16125	;# 
  8169   003EFE                     ADACT           equ	16126	;# 
  8170   003EFF                     ADCLK           equ	16127	;# 
  8171   003F12                     SMT1TMR         equ	16146	;# 
  8172   003F12                     SMT1TMRL        equ	16146	;# 
  8173   003F13                     SMT1TMRH        equ	16147	;# 
  8174   003F14                     SMT1TMRU        equ	16148	;# 
  8175   003F15                     SMT1CPR         equ	16149	;# 
  8176   003F15                     SMT1CPRL        equ	16149	;# 
  8177   003F16                     SMT1CPRH        equ	16150	;# 
  8178   003F17                     SMT1CPRU        equ	16151	;# 
  8179   003F18                     SMT1CPW         equ	16152	;# 
  8180   003F18                     SMT1CPWL        equ	16152	;# 
  8181   003F19                     SMT1CPWH        equ	16153	;# 
  8182   003F1A                     SMT1CPWU        equ	16154	;# 
  8183   003F1B                     SMT1PR          equ	16155	;# 
  8184   003F1B                     SMT1PRL         equ	16155	;# 
  8185   003F1C                     SMT1PRH         equ	16156	;# 
  8186   003F1D                     SMT1PRU         equ	16157	;# 
  8187   003F1E                     SMT1CON0        equ	16158	;# 
  8188   003F1F                     SMT1CON1        equ	16159	;# 
  8189   003F20                     SMT1STAT        equ	16160	;# 
  8190   003F21                     SMT1CLK         equ	16161	;# 
  8191   003F22                     SMT1SIG         equ	16162	;# 
  8192   003F23                     SMT1WIN         equ	16163	;# 
  8193   003F38                     NCO1ACC         equ	16184	;# 
  8194   003F38                     NCO1ACCL        equ	16184	;# 
  8195   003F39                     NCO1ACCH        equ	16185	;# 
  8196   003F3A                     NCO1ACCU        equ	16186	;# 
  8197   003F3B                     NCO1INC         equ	16187	;# 
  8198   003F3B                     NCO1INCL        equ	16187	;# 
  8199   003F3C                     NCO1INCH        equ	16188	;# 
  8200   003F3D                     NCO1INCU        equ	16189	;# 
  8201   003F3E                     NCO1CON         equ	16190	;# 
  8202   003F3F                     NCO1CLK         equ	16191	;# 
  8203   003F40                     CWG3CLK         equ	16192	;# 
  8204   003F40                     CWG3CLKCON      equ	16192	;# 
  8205   003F41                     CWG3ISM         equ	16193	;# 
  8206   003F41                     CWG3DAT         equ	16193	;# 
  8207   003F42                     CWG3DBR         equ	16194	;# 
  8208   003F43                     CWG3DBF         equ	16195	;# 
  8209   003F44                     CWG3CON0        equ	16196	;# 
  8210   003F45                     CWG3CON1        equ	16197	;# 
  8211   003F46                     CWG3AS0         equ	16198	;# 
  8212   003F47                     CWG3AS1         equ	16199	;# 
  8213   003F48                     CWG3STR         equ	16200	;# 
  8214   003F49                     CWG2CLK         equ	16201	;# 
  8215   003F49                     CWG2CLKCON      equ	16201	;# 
  8216   003F4A                     CWG2ISM         equ	16202	;# 
  8217   003F4A                     CWG2DAT         equ	16202	;# 
  8218   003F4B                     CWG2DBR         equ	16203	;# 
  8219   003F4C                     CWG2DBF         equ	16204	;# 
  8220   003F4D                     CWG2CON0        equ	16205	;# 
  8221   003F4E                     CWG2CON1        equ	16206	;# 
  8222   003F4F                     CWG2AS0         equ	16207	;# 
  8223   003F50                     CWG2AS1         equ	16208	;# 
  8224   003F51                     CWG2STR         equ	16209	;# 
  8225   003F52                     CWG1CLK         equ	16210	;# 
  8226   003F52                     CWG1CLKCON      equ	16210	;# 
  8227   003F53                     CWG1ISM         equ	16211	;# 
  8228   003F53                     CWG1DAT         equ	16211	;# 
  8229   003F54                     CWG1DBR         equ	16212	;# 
  8230   003F55                     CWG1DBF         equ	16213	;# 
  8231   003F56                     CWG1CON0        equ	16214	;# 
  8232   003F57                     CWG1CON1        equ	16215	;# 
  8233   003F58                     CWG1AS0         equ	16216	;# 
  8234   003F59                     CWG1AS1         equ	16217	;# 
  8235   003F5A                     CWG1STR         equ	16218	;# 
  8236   003F5E                     CCPTMRS0        equ	16222	;# 
  8237   003F5F                     CCPTMRS1        equ	16223	;# 
  8238   003F60                     PWM8DC          equ	16224	;# 
  8239   003F60                     PWM8DCL         equ	16224	;# 
  8240   003F61                     PWM8DCH         equ	16225	;# 
  8241   003F62                     PWM8CON         equ	16226	;# 
  8242   003F64                     PWM7DC          equ	16228	;# 
  8243   003F64                     PWM7DCL         equ	16228	;# 
  8244   003F65                     PWM7DCH         equ	16229	;# 
  8245   003F66                     PWM7CON         equ	16230	;# 
  8246   003F68                     PWM6DC          equ	16232	;# 
  8247   003F68                     PWM6DCL         equ	16232	;# 
  8248   003F69                     PWM6DCH         equ	16233	;# 
  8249   003F6A                     PWM6CON         equ	16234	;# 
  8250   003F6C                     PWM5DC          equ	16236	;# 
  8251   003F6C                     PWM5DCL         equ	16236	;# 
  8252   003F6D                     PWM5DCH         equ	16237	;# 
  8253   003F6E                     PWM5CON         equ	16238	;# 
  8254   003F70                     CCPR4           equ	16240	;# 
  8255   003F70                     CCPR4L          equ	16240	;# 
  8256   003F71                     CCPR4H          equ	16241	;# 
  8257   003F72                     CCP4CON         equ	16242	;# 
  8258   003F73                     CCP4CAP         equ	16243	;# 
  8259   003F74                     CCPR3           equ	16244	;# 
  8260   003F74                     CCPR3L          equ	16244	;# 
  8261   003F75                     CCPR3H          equ	16245	;# 
  8262   003F76                     CCP3CON         equ	16246	;# 
  8263   003F77                     CCP3CAP         equ	16247	;# 
  8264   003F78                     CCPR2           equ	16248	;# 
  8265   003F78                     CCPR2L          equ	16248	;# 
  8266   003F79                     CCPR2H          equ	16249	;# 
  8267   003F7A                     CCP2CON         equ	16250	;# 
  8268   003F7B                     CCP2CAP         equ	16251	;# 
  8269   003F7C                     CCPR1           equ	16252	;# 
  8270   003F7C                     CCPR1L          equ	16252	;# 
  8271   003F7D                     CCPR1H          equ	16253	;# 
  8272   003F7E                     CCP1CON         equ	16254	;# 
  8273   003F7F                     CCP1CAP         equ	16255	;# 
  8274   003F92                     T6TMR           equ	16274	;# 
  8275   003F92                     TMR6            equ	16274	;# 
  8276   003F93                     T6PR            equ	16275	;# 
  8277   003F93                     PR6             equ	16275	;# 
  8278   003F94                     T6CON           equ	16276	;# 
  8279   003F95                     T6HLT           equ	16277	;# 
  8280   003F96                     T6CLKCON        equ	16278	;# 
  8281   003F96                     T6CLK           equ	16278	;# 
  8282   003F97                     T6RST           equ	16279	;# 
  8283   003F98                     TMR5            equ	16280	;# 
  8284   003F98                     TMR5L           equ	16280	;# 
  8285   003F99                     TMR5H           equ	16281	;# 
  8286   003F9A                     T5CON           equ	16282	;# 
  8287   003F9A                     TMR5CON         equ	16282	;# 
  8288   003F9B                     T5GCON          equ	16283	;# 
  8289   003F9B                     TMR5GCON        equ	16283	;# 
  8290   003F9C                     T5GATE          equ	16284	;# 
  8291   003F9C                     TMR5GATE        equ	16284	;# 
  8292   003F9D                     T5CLK           equ	16285	;# 
  8293   003F9D                     TMR5CLK         equ	16285	;# 
  8294   003F9D                     PR5             equ	16285	;# 
  8295   003F9E                     T4TMR           equ	16286	;# 
  8296   003F9E                     TMR4            equ	16286	;# 
  8297   003F9F                     T4PR            equ	16287	;# 
  8298   003F9F                     PR4             equ	16287	;# 
  8299   003FA0                     T4CON           equ	16288	;# 
  8300   003FA1                     T4HLT           equ	16289	;# 
  8301   003FA2                     T4CLKCON        equ	16290	;# 
  8302   003FA2                     T4CLK           equ	16290	;# 
  8303   003FA3                     T4RST           equ	16291	;# 
  8304   003FA4                     TMR3            equ	16292	;# 
  8305   003FA4                     TMR3L           equ	16292	;# 
  8306   003FA5                     TMR3H           equ	16293	;# 
  8307   003FA6                     T3CON           equ	16294	;# 
  8308   003FA6                     TMR3CON         equ	16294	;# 
  8309   003FA7                     T3GCON          equ	16295	;# 
  8310   003FA7                     TMR3GCON        equ	16295	;# 
  8311   003FA8                     T3GATE          equ	16296	;# 
  8312   003FA8                     TMR3GATE        equ	16296	;# 
  8313   003FA9                     T3CLK           equ	16297	;# 
  8314   003FA9                     TMR3CLK         equ	16297	;# 
  8315   003FA9                     PR3             equ	16297	;# 
  8316   003FAA                     T2TMR           equ	16298	;# 
  8317   003FAA                     TMR2            equ	16298	;# 
  8318   003FAB                     T2PR            equ	16299	;# 
  8319   003FAB                     PR2             equ	16299	;# 
  8320   003FAC                     T2CON           equ	16300	;# 
  8321   003FAD                     T2HLT           equ	16301	;# 
  8322   003FAE                     T2CLKCON        equ	16302	;# 
  8323   003FAE                     T2CLK           equ	16302	;# 
  8324   003FAF                     T2RST           equ	16303	;# 
  8325   003FB0                     TMR1            equ	16304	;# 
  8326   003FB0                     TMR1L           equ	16304	;# 
  8327   003FB1                     TMR1H           equ	16305	;# 
  8328   003FB2                     T1CON           equ	16306	;# 
  8329   003FB2                     TMR1CON         equ	16306	;# 
  8330   003FB3                     T1GCON          equ	16307	;# 
  8331   003FB3                     TMR1GCON        equ	16307	;# 
  8332   003FB4                     T1GATE          equ	16308	;# 
  8333   003FB4                     TMR1GATE        equ	16308	;# 
  8334   003FB5                     T1CLK           equ	16309	;# 
  8335   003FB5                     TMR1CLK         equ	16309	;# 
  8336   003FB5                     PR1             equ	16309	;# 
  8337   003FB6                     TMR0L           equ	16310	;# 
  8338   003FB6                     TMR0            equ	16310	;# 
  8339   003FB7                     TMR0H           equ	16311	;# 
  8340   003FB7                     PR0             equ	16311	;# 
  8341   003FB8                     T0CON0          equ	16312	;# 
  8342   003FB9                     T0CON1          equ	16313	;# 
  8343   003FBA                     LATA            equ	16314	;# 
  8344   003FBB                     LATB            equ	16315	;# 
  8345   003FBC                     LATC            equ	16316	;# 
  8346   003FBD                     LATD            equ	16317	;# 
  8347   003FBE                     LATE            equ	16318	;# 
  8348   003FC2                     TRISA           equ	16322	;# 
  8349   003FC3                     TRISB           equ	16323	;# 
  8350   003FC4                     TRISC           equ	16324	;# 
  8351   003FC5                     TRISD           equ	16325	;# 
  8352   003FC6                     TRISE           equ	16326	;# 
  8353   003FCA                     PORTA           equ	16330	;# 
  8354   003FCB                     PORTB           equ	16331	;# 
  8355   003FCC                     PORTC           equ	16332	;# 
  8356   003FCD                     PORTD           equ	16333	;# 
  8357   003FCE                     PORTE           equ	16334	;# 
  8358   003FD2                     INTCON0         equ	16338	;# 
  8359   003FD3                     INTCON1         equ	16339	;# 
  8360   003FD4                     IVTLOCK         equ	16340	;# 
  8361   003FD5                     IVTBASE         equ	16341	;# 
  8362   003FD5                     IVTBASEL        equ	16341	;# 
  8363   003FD6                     IVTBASEH        equ	16342	;# 
  8364   003FD7                     IVTBASEU        equ	16343	;# 
  8365   003FD8                     STATUS          equ	16344	;# 
  8366   003FD9                     FSR2            equ	16345	;# 
  8367   003FD9                     FSR2L           equ	16345	;# 
  8368   003FDA                     FSR2H           equ	16346	;# 
  8369   003FDB                     PLUSW2          equ	16347	;# 
  8370   003FDC                     PREINC2         equ	16348	;# 
  8371   003FDD                     POSTDEC2        equ	16349	;# 
  8372   003FDE                     POSTINC2        equ	16350	;# 
  8373   003FDF                     INDF2           equ	16351	;# 
  8374   003FE0                     BSR             equ	16352	;# 
  8375   003FE1                     FSR1            equ	16353	;# 
  8376   003FE1                     FSR1L           equ	16353	;# 
  8377   003FE2                     FSR1H           equ	16354	;# 
  8378   003FE3                     PLUSW1          equ	16355	;# 
  8379   003FE4                     PREINC1         equ	16356	;# 
  8380   003FE5                     POSTDEC1        equ	16357	;# 
  8381   003FE6                     POSTINC1        equ	16358	;# 
  8382   003FE7                     INDF1           equ	16359	;# 
  8383   003FE8                     WREG            equ	16360	;# 
  8384   003FE9                     FSR0            equ	16361	;# 
  8385   003FE9                     FSR0L           equ	16361	;# 
  8386   003FEA                     FSR0H           equ	16362	;# 
  8387   003FEB                     PLUSW0          equ	16363	;# 
  8388   003FEC                     PREINC0         equ	16364	;# 
  8389   003FED                     POSTDEC0        equ	16365	;# 
  8390   003FEE                     POSTINC0        equ	16366	;# 
  8391   003FEF                     INDF0           equ	16367	;# 
  8392   003FF0                     PCON0           equ	16368	;# 
  8393   003FF1                     PCON1           equ	16369	;# 
  8394   003FF3                     PROD            equ	16371	;# 
  8395   003FF3                     PRODL           equ	16371	;# 
  8396   003FF4                     PRODH           equ	16372	;# 
  8397   003FF5                     TABLAT          equ	16373	;# 
  8398   003FF6                     TBLPTR          equ	16374	;# 
  8399   003FF6                     TBLPTRL         equ	16374	;# 
  8400   003FF7                     TBLPTRH         equ	16375	;# 
  8401   003FF8                     TBLPTRU         equ	16376	;# 
  8402   003FF9                     PCLAT           equ	16377	;# 
  8403   003FF9                     PCL             equ	16377	;# 
  8404   003FFA                     PCLATH          equ	16378	;# 
  8405   003FFB                     PCLATU          equ	16379	;# 
  8406   003FFC                     STKPTR          equ	16380	;# 
  8407   003FFD                     TOS             equ	16381	;# 
  8408   003FFD                     TOSL            equ	16381	;# 
  8409   003FFE                     TOSH            equ	16382	;# 
  8410   003FFF                     TOSU            equ	16383	;# 
  8411   003880                     STATUS_CSHAD    equ	14464	;# 
  8412   003881                     WREG_CSHAD      equ	14465	;# 
  8413   003882                     BSR_CSHAD       equ	14466	;# 
  8414   003883                     SHADCON         equ	14467	;# 
  8415   003884                     STATUS_SHAD     equ	14468	;# 
  8416   003885                     WREG_SHAD       equ	14469	;# 
  8417   003886                     BSR_SHAD        equ	14470	;# 
  8418   003887                     PCLATH_SHAD     equ	14471	;# 
  8419   003888                     PCLATU_SHAD     equ	14472	;# 
  8420   003889                     FSR0SH          equ	14473	;# 
  8421   003889                     FSR0L_SHAD      equ	14473	;# 
  8422   00388A                     FSR0H_SHAD      equ	14474	;# 
  8423   00388B                     FSR1SH          equ	14475	;# 
  8424   00388B                     FSR1L_SHAD      equ	14475	;# 
  8425   00388C                     FSR1H_SHAD      equ	14476	;# 
  8426   00388D                     FSR2SH          equ	14477	;# 
  8427   00388D                     FSR2L_SHAD      equ	14477	;# 
  8428   00388E                     FSR2H_SHAD      equ	14478	;# 
  8429   00388F                     PRODSH          equ	14479	;# 
  8430   00388F                     PRODL_SHAD      equ	14479	;# 
  8431   003890                     PRODH_SHAD      equ	14480	;# 
  8432   00389D                     IVTADL          equ	14493	;# 
  8433   00389E                     IVTADH          equ	14494	;# 
  8434   00389F                     IVTADU          equ	14495	;# 
  8435   00395B                     WDTCON0         equ	14683	;# 
  8436   00395C                     WDTCON1         equ	14684	;# 
  8437   00395D                     WDTPSL          equ	14685	;# 
  8438   00395E                     WDTPSH          equ	14686	;# 
  8439   00395F                     WDTTMR          equ	14687	;# 
  8440   003960                     CRCDATA         equ	14688	;# 
  8441   003960                     CRCDATL         equ	14688	;# 
  8442   003961                     CRCDATH         equ	14689	;# 
  8443   003962                     CRCACC          equ	14690	;# 
  8444   003962                     CRCACCL         equ	14690	;# 
  8445   003963                     CRCACCH         equ	14691	;# 
  8446   003964                     CRCSHFT         equ	14692	;# 
  8447   003964                     CRCSHIFTL       equ	14692	;# 
  8448   003965                     CRCSHIFTH       equ	14693	;# 
  8449   003966                     CRCXOR          equ	14694	;# 
  8450   003966                     CRCXORL         equ	14694	;# 
  8451   003967                     CRCXORH         equ	14695	;# 
  8452   003968                     CRCCON0         equ	14696	;# 
  8453   003969                     CRCCON1         equ	14697	;# 
  8454   003976                     SCANLADR        equ	14710	;# 
  8455   003976                     SCANLADRL       equ	14710	;# 
  8456   003977                     SCANLADRH       equ	14711	;# 
  8457   003978                     SCANLADRU       equ	14712	;# 
  8458   003979                     SCANHADR        equ	14713	;# 
  8459   003979                     SCANHADRL       equ	14713	;# 
  8460   00397A                     SCANHADRH       equ	14714	;# 
  8461   00397B                     SCANHADRU       equ	14715	;# 
  8462   00397C                     SCANCON0        equ	14716	;# 
  8463   00397D                     SCANTRIG        equ	14717	;# 
  8464   003980                     IPR0            equ	14720	;# 
  8465   003981                     IPR1            equ	14721	;# 
  8466   003982                     IPR2            equ	14722	;# 
  8467   003983                     IPR3            equ	14723	;# 
  8468   003984                     IPR4            equ	14724	;# 
  8469   003985                     IPR5            equ	14725	;# 
  8470   003986                     IPR6            equ	14726	;# 
  8471   003987                     IPR7            equ	14727	;# 
  8472   003988                     IPR8            equ	14728	;# 
  8473   003989                     IPR9            equ	14729	;# 
  8474   00398A                     IPR10           equ	14730	;# 
  8475   003990                     PIE0            equ	14736	;# 
  8476   003991                     PIE1            equ	14737	;# 
  8477   003992                     PIE2            equ	14738	;# 
  8478   003993                     PIE3            equ	14739	;# 
  8479   003994                     PIE4            equ	14740	;# 
  8480   003995                     PIE5            equ	14741	;# 
  8481   003996                     PIE6            equ	14742	;# 
  8482   003997                     PIE7            equ	14743	;# 
  8483   003998                     PIE8            equ	14744	;# 
  8484   003999                     PIE9            equ	14745	;# 
  8485   00399A                     PIE10           equ	14746	;# 
  8486   0039A0                     PIR0            equ	14752	;# 
  8487   0039A1                     PIR1            equ	14753	;# 
  8488   0039A2                     PIR2            equ	14754	;# 
  8489   0039A3                     PIR3            equ	14755	;# 
  8490   0039A4                     PIR4            equ	14756	;# 
  8491   0039A5                     PIR5            equ	14757	;# 
  8492   0039A6                     PIR6            equ	14758	;# 
  8493   0039A7                     PIR7            equ	14759	;# 
  8494   0039A8                     PIR8            equ	14760	;# 
  8495   0039A9                     PIR9            equ	14761	;# 
  8496   0039AA                     PIR10           equ	14762	;# 
  8497   0039C0                     PMD0            equ	14784	;# 
  8498   0039C1                     PMD1            equ	14785	;# 
  8499   0039C2                     PMD2            equ	14786	;# 
  8500   0039C3                     PMD3            equ	14787	;# 
  8501   0039C4                     PMD4            equ	14788	;# 
  8502   0039C5                     PMD5            equ	14789	;# 
  8503   0039C6                     PMD6            equ	14790	;# 
  8504   0039C7                     PMD7            equ	14791	;# 
  8505   0039D0                     BORCON          equ	14800	;# 
  8506   0039D1                     VREGCON         equ	14801	;# 
  8507   0039D8                     CPUDOZE         equ	14808	;# 
  8508   0039D9                     OSCCON1         equ	14809	;# 
  8509   0039DA                     OSCCON2         equ	14810	;# 
  8510   0039DB                     OSCCON3         equ	14811	;# 
  8511   0039DC                     OSCSTAT         equ	14812	;# 
  8512   0039DC                     OSCSTAT1        equ	14812	;# 
  8513   0039DD                     OSCEN           equ	14813	;# 
  8514   0039DE                     OSCTUNE         equ	14814	;# 
  8515   0039DF                     OSCFRQ          equ	14815	;# 
  8516   0039E0                     NVMADRL         equ	14816	;# 
  8517   0039E1                     NVMADRH         equ	14817	;# 
  8518   0039E3                     NVMDAT          equ	14819	;# 
  8519   0039E5                     NVMCON1         equ	14821	;# 
  8520   0039E6                     NVMCON2         equ	14822	;# 
  8521   0039EF                     PRLOCK          equ	14831	;# 
  8522   0039F1                     ISRPR           equ	14833	;# 
  8523   0039F2                     MAINPR          equ	14834	;# 
  8524   0039F3                     DMA1PR          equ	14835	;# 
  8525   0039F4                     DMA2PR          equ	14836	;# 
  8526   0039F7                     SCANPR          equ	14839	;# 
  8527   003A00                     RA0PPS          equ	14848	;# 
  8528   003A01                     RA1PPS          equ	14849	;# 
  8529   003A02                     RA2PPS          equ	14850	;# 
  8530   003A03                     RA3PPS          equ	14851	;# 
  8531   003A04                     RA4PPS          equ	14852	;# 
  8532   003A05                     RA5PPS          equ	14853	;# 
  8533   003A06                     RA6PPS          equ	14854	;# 
  8534   003A07                     RA7PPS          equ	14855	;# 
  8535   003A08                     RB0PPS          equ	14856	;# 
  8536   003A09                     RB1PPS          equ	14857	;# 
  8537   003A0A                     RB2PPS          equ	14858	;# 
  8538   003A0B                     RB3PPS          equ	14859	;# 
  8539   003A0C                     RB4PPS          equ	14860	;# 
  8540   003A0D                     RB5PPS          equ	14861	;# 
  8541   003A0E                     RB6PPS          equ	14862	;# 
  8542   003A0F                     RB7PPS          equ	14863	;# 
  8543   003A10                     RC0PPS          equ	14864	;# 
  8544   003A11                     RC1PPS          equ	14865	;# 
  8545   003A12                     RC2PPS          equ	14866	;# 
  8546   003A13                     RC3PPS          equ	14867	;# 
  8547   003A14                     RC4PPS          equ	14868	;# 
  8548   003A15                     RC5PPS          equ	14869	;# 
  8549   003A16                     RC6PPS          equ	14870	;# 
  8550   003A17                     RC7PPS          equ	14871	;# 
  8551   003A18                     RD0PPS          equ	14872	;# 
  8552   003A19                     RD1PPS          equ	14873	;# 
  8553   003A1A                     RD2PPS          equ	14874	;# 
  8554   003A1B                     RD3PPS          equ	14875	;# 
  8555   003A1C                     RD4PPS          equ	14876	;# 
  8556   003A1D                     RD5PPS          equ	14877	;# 
  8557   003A1E                     RD6PPS          equ	14878	;# 
  8558   003A1F                     RD7PPS          equ	14879	;# 
  8559   003A20                     RE0PPS          equ	14880	;# 
  8560   003A21                     RE1PPS          equ	14881	;# 
  8561   003A22                     RE2PPS          equ	14882	;# 
  8562   003A40                     ANSELA          equ	14912	;# 
  8563   003A41                     WPUA            equ	14913	;# 
  8564   003A42                     ODCONA          equ	14914	;# 
  8565   003A43                     SLRCONA         equ	14915	;# 
  8566   003A44                     INLVLA          equ	14916	;# 
  8567   003A45                     IOCAP           equ	14917	;# 
  8568   003A46                     IOCAN           equ	14918	;# 
  8569   003A47                     IOCAF           equ	14919	;# 
  8570   003A48                     CCDPA           equ	14920	;# 
  8571   003A49                     CCDNA           equ	14921	;# 
  8572   003A50                     ANSELB          equ	14928	;# 
  8573   003A51                     WPUB            equ	14929	;# 
  8574   003A52                     ODCONB          equ	14930	;# 
  8575   003A53                     SLRCONB         equ	14931	;# 
  8576   003A54                     INLVLB          equ	14932	;# 
  8577   003A55                     IOCBP           equ	14933	;# 
  8578   003A56                     IOCBN           equ	14934	;# 
  8579   003A57                     IOCBF           equ	14935	;# 
  8580   003A58                     CCDPB           equ	14936	;# 
  8581   003A59                     CCDNB           equ	14937	;# 
  8582   003A5A                     RB1I2C          equ	14938	;# 
  8583   003A5B                     RB2I2C          equ	14939	;# 
  8584   003A60                     ANSELC          equ	14944	;# 
  8585   003A61                     WPUC            equ	14945	;# 
  8586   003A62                     ODCONC          equ	14946	;# 
  8587   003A63                     SLRCONC         equ	14947	;# 
  8588   003A64                     INLVLC          equ	14948	;# 
  8589   003A65                     IOCCP           equ	14949	;# 
  8590   003A66                     IOCCN           equ	14950	;# 
  8591   003A67                     IOCCF           equ	14951	;# 
  8592   003A68                     CCDPC           equ	14952	;# 
  8593   003A69                     CCDNC           equ	14953	;# 
  8594   003A6A                     RC3I2C          equ	14954	;# 
  8595   003A6B                     RC4I2C          equ	14955	;# 
  8596   003A70                     ANSELD          equ	14960	;# 
  8597   003A71                     WPUD            equ	14961	;# 
  8598   003A72                     ODCOND          equ	14962	;# 
  8599   003A73                     SLRCOND         equ	14963	;# 
  8600   003A74                     INLVLD          equ	14964	;# 
  8601   003A78                     CCDPD           equ	14968	;# 
  8602   003A79                     CCDND           equ	14969	;# 
  8603   003A7A                     RD0I2C          equ	14970	;# 
  8604   003A7B                     RD1I2C          equ	14971	;# 
  8605   003A80                     ANSELE          equ	14976	;# 
  8606   003A81                     WPUE            equ	14977	;# 
  8607   003A82                     ODCONE          equ	14978	;# 
  8608   003A83                     SLRCONE         equ	14979	;# 
  8609   003A84                     INLVLE          equ	14980	;# 
  8610   003A85                     IOCEP           equ	14981	;# 
  8611   003A86                     IOCEN           equ	14982	;# 
  8612   003A87                     IOCEF           equ	14983	;# 
  8613   003A88                     CCDPE           equ	14984	;# 
  8614   003A89                     CCDNE           equ	14985	;# 
  8615   003ABE                     CCDCON          equ	15038	;# 
  8616   003ABF                     PPSLOCK         equ	15039	;# 
  8617   003AC0                     INT0PPS         equ	15040	;# 
  8618   003AC1                     INT1PPS         equ	15041	;# 
  8619   003AC2                     INT2PPS         equ	15042	;# 
  8620   003AC3                     T0CKIPPS        equ	15043	;# 
  8621   003AC4                     T1CKIPPS        equ	15044	;# 
  8622   003AC5                     T1GPPS          equ	15045	;# 
  8623   003AC6                     T3CKIPPS        equ	15046	;# 
  8624   003AC7                     T3GPPS          equ	15047	;# 
  8625   003AC8                     T5CKIPPS        equ	15048	;# 
  8626   003AC9                     T5GPPS          equ	15049	;# 
  8627   003ACA                     T2INPPS         equ	15050	;# 
  8628   003ACB                     T4INPPS         equ	15051	;# 
  8629   003ACC                     T6INPPS         equ	15052	;# 
  8630   003ACD                     CCP1PPS         equ	15053	;# 
  8631   003ACE                     CCP2PPS         equ	15054	;# 
  8632   003ACF                     CCP3PPS         equ	15055	;# 
  8633   003AD0                     CCP4PPS         equ	15056	;# 
  8634   003AD1                     SMT1WINPPS      equ	15057	;# 
  8635   003AD2                     SMT1SIGPPS      equ	15058	;# 
  8636   003AD3                     CWG1INPPS       equ	15059	;# 
  8637   003AD4                     CWG2INPPS       equ	15060	;# 
  8638   003AD5                     CWG3INPPS       equ	15061	;# 
  8639   003AD6                     MD1CARLPPS      equ	15062	;# 
  8640   003AD7                     MD1CARHPPS      equ	15063	;# 
  8641   003AD8                     MD1SRCPPS       equ	15064	;# 
  8642   003AD9                     CLCIN0PPS       equ	15065	;# 
  8643   003ADA                     CLCIN1PPS       equ	15066	;# 
  8644   003ADB                     CLCIN2PPS       equ	15067	;# 
  8645   003ADC                     CLCIN3PPS       equ	15068	;# 
  8646   003ADD                     ADACTPPS        equ	15069	;# 
  8647   003ADE                     SPI1SCKPPS      equ	15070	;# 
  8648   003ADF                     SPI1SDIPPS      equ	15071	;# 
  8649   003AE0                     SPI1SSPPS       equ	15072	;# 
  8650   003AE1                     I2C1SCLPPS      equ	15073	;# 
  8651   003AE2                     I2C1SDAPPS      equ	15074	;# 
  8652   003AE3                     I2C2SCLPPS      equ	15075	;# 
  8653   003AE4                     I2C2SDAPPS      equ	15076	;# 
  8654   003AE5                     U1RXPPS         equ	15077	;# 
  8655   003AE6                     U1CTSPPS        equ	15078	;# 
  8656   003AE8                     U2RXPPS         equ	15080	;# 
  8657   003AE9                     U2CTSPPS        equ	15081	;# 
  8658   003BC9                     DMA2BUF         equ	15305	;# 
  8659   003BCA                     DMA2DCNT        equ	15306	;# 
  8660   003BCA                     DMA2DCNTL       equ	15306	;# 
  8661   003BCB                     DMA2DCNTH       equ	15307	;# 
  8662   003BCC                     DMA2DPTR        equ	15308	;# 
  8663   003BCC                     DMA2DPTRL       equ	15308	;# 
  8664   003BCD                     DMA2DPTRH       equ	15309	;# 
  8665   003BCE                     DMA2DSZ         equ	15310	;# 
  8666   003BCE                     DMA2DSZL        equ	15310	;# 
  8667   003BCF                     DMA2DSZH        equ	15311	;# 
  8668   003BD0                     DMA2DSA         equ	15312	;# 
  8669   003BD0                     DMA2DSAL        equ	15312	;# 
  8670   003BD1                     DMA2DSAH        equ	15313	;# 
  8671   003BD2                     DMA2SCNT        equ	15314	;# 
  8672   003BD2                     DMA2SCNTL       equ	15314	;# 
  8673   003BD3                     DMA2SCNTH       equ	15315	;# 
  8674   003BD4                     DMA2SPTR        equ	15316	;# 
  8675   003BD4                     DMA2SPTRL       equ	15316	;# 
  8676   003BD5                     DMA2SPTRH       equ	15317	;# 
  8677   003BD6                     DMA2SPTRU       equ	15318	;# 
  8678   003BD7                     DMA2SSZ         equ	15319	;# 
  8679   003BD7                     DMA2SSZL        equ	15319	;# 
  8680   003BD8                     DMA2SSZH        equ	15320	;# 
  8681   003BD9                     DMA2SSA         equ	15321	;# 
  8682   003BD9                     DMA2SSAL        equ	15321	;# 
  8683   003BDA                     DMA2SSAH        equ	15322	;# 
  8684   003BDB                     DMA2SSAU        equ	15323	;# 
  8685   003BDC                     DMA2CON0        equ	15324	;# 
  8686   003BDD                     DMA2CON1        equ	15325	;# 
  8687   003BDE                     DMA2AIRQ        equ	15326	;# 
  8688   003BDF                     DMA2SIRQ        equ	15327	;# 
  8689   003BE9                     DMA1BUF         equ	15337	;# 
  8690   003BEA                     DMA1DCNT        equ	15338	;# 
  8691   003BEA                     DMA1DCNTL       equ	15338	;# 
  8692   003BEB                     DMA1DCNTH       equ	15339	;# 
  8693   003BEC                     DMA1DPTR        equ	15340	;# 
  8694   003BEC                     DMA1DPTRL       equ	15340	;# 
  8695   003BED                     DMA1DPTRH       equ	15341	;# 
  8696   003BEE                     DMA1DSZ         equ	15342	;# 
  8697   003BEE                     DMA1DSZL        equ	15342	;# 
  8698   003BEF                     DMA1DSZH        equ	15343	;# 
  8699   003BF0                     DMA1DSA         equ	15344	;# 
  8700   003BF0                     DMA1DSAL        equ	15344	;# 
  8701   003BF1                     DMA1DSAH        equ	15345	;# 
  8702   003BF2                     DMA1SCNT        equ	15346	;# 
  8703   003BF2                     DMA1SCNTL       equ	15346	;# 
  8704   003BF3                     DMA1SCNTH       equ	15347	;# 
  8705   003BF4                     DMA1SPTR        equ	15348	;# 
  8706   003BF4                     DMA1SPTRL       equ	15348	;# 
  8707   003BF5                     DMA1SPTRH       equ	15349	;# 
  8708   003BF6                     DMA1SPTRU       equ	15350	;# 
  8709   003BF7                     DMA1SSZ         equ	15351	;# 
  8710   003BF7                     DMA1SSZL        equ	15351	;# 
  8711   003BF8                     DMA1SSZH        equ	15352	;# 
  8712   003BF9                     DMA1SSA         equ	15353	;# 
  8713   003BF9                     DMA1SSAL        equ	15353	;# 
  8714   003BFA                     DMA1SSAH        equ	15354	;# 
  8715   003BFB                     DMA1SSAU        equ	15355	;# 
  8716   003BFC                     DMA1CON0        equ	15356	;# 
  8717   003BFD                     DMA1CON1        equ	15357	;# 
  8718   003BFE                     DMA1AIRQ        equ	15358	;# 
  8719   003BFF                     DMA1SIRQ        equ	15359	;# 
  8720   003C56                     CLC4CON         equ	15446	;# 
  8721   003C57                     CLC4POL         equ	15447	;# 
  8722   003C58                     CLC4SEL0        equ	15448	;# 
  8723   003C59                     CLC4SEL1        equ	15449	;# 
  8724   003C5A                     CLC4SEL2        equ	15450	;# 
  8725   003C5B                     CLC4SEL3        equ	15451	;# 
  8726   003C5C                     CLC4GLS0        equ	15452	;# 
  8727   003C5D                     CLC4GLS1        equ	15453	;# 
  8728   003C5E                     CLC4GLS2        equ	15454	;# 
  8729   003C5F                     CLC4GLS3        equ	15455	;# 
  8730   003C60                     CLC3CON         equ	15456	;# 
  8731   003C61                     CLC3POL         equ	15457	;# 
  8732   003C62                     CLC3SEL0        equ	15458	;# 
  8733   003C63                     CLC3SEL1        equ	15459	;# 
  8734   003C64                     CLC3SEL2        equ	15460	;# 
  8735   003C65                     CLC3SEL3        equ	15461	;# 
  8736   003C66                     CLC3GLS0        equ	15462	;# 
  8737   003C67                     CLC3GLS1        equ	15463	;# 
  8738   003C68                     CLC3GLS2        equ	15464	;# 
  8739   003C69                     CLC3GLS3        equ	15465	;# 
  8740   003C6A                     CLC2CON         equ	15466	;# 
  8741   003C6B                     CLC2POL         equ	15467	;# 
  8742   003C6C                     CLC2SEL0        equ	15468	;# 
  8743   003C6D                     CLC2SEL1        equ	15469	;# 
  8744   003C6E                     CLC2SEL2        equ	15470	;# 
  8745   003C6F                     CLC2SEL3        equ	15471	;# 
  8746   003C70                     CLC2GLS0        equ	15472	;# 
  8747   003C71                     CLC2GLS1        equ	15473	;# 
  8748   003C72                     CLC2GLS2        equ	15474	;# 
  8749   003C73                     CLC2GLS3        equ	15475	;# 
  8750   003C74                     CLC1CON         equ	15476	;# 
  8751   003C75                     CLC1POL         equ	15477	;# 
  8752   003C76                     CLC1SEL0        equ	15478	;# 
  8753   003C77                     CLC1SEL1        equ	15479	;# 
  8754   003C78                     CLC1SEL2        equ	15480	;# 
  8755   003C79                     CLC1SEL3        equ	15481	;# 
  8756   003C7A                     CLC1GLS0        equ	15482	;# 
  8757   003C7B                     CLC1GLS1        equ	15483	;# 
  8758   003C7C                     CLC1GLS2        equ	15484	;# 
  8759   003C7D                     CLC1GLS3        equ	15485	;# 
  8760   003C7E                     CLCDATA0        equ	15486	;# 
  8761   003CE5                     CLKRCON         equ	15589	;# 
  8762   003CE6                     CLKRCLK         equ	15590	;# 
  8763   003CFA                     MD1CON0         equ	15610	;# 
  8764   003CFB                     MD1CON1         equ	15611	;# 
  8765   003CFC                     MD1SRC          equ	15612	;# 
  8766   003CFD                     MD1CARL         equ	15613	;# 
  8767   003CFE                     MD1CARH         equ	15614	;# 
  8768   003D10                     SPI1RXB         equ	15632	;# 
  8769   003D11                     SPI1TXB         equ	15633	;# 
  8770   003D12                     SPI1TCNT        equ	15634	;# 
  8771   003D12                     SPI1TCNTL       equ	15634	;# 
  8772   003D13                     SPI1TCNTH       equ	15635	;# 
  8773   003D14                     SPI1CON0        equ	15636	;# 
  8774   003D15                     SPI1CON1        equ	15637	;# 
  8775   003D16                     SPI1CON2        equ	15638	;# 
  8776   003D17                     SPI1STATUS      equ	15639	;# 
  8777   003D18                     SPI1TWIDTH      equ	15640	;# 
  8778   003D19                     SPI1BAUD        equ	15641	;# 
  8779   003D1A                     SPI1INTF        equ	15642	;# 
  8780   003D1B                     SPI1INTE        equ	15643	;# 
  8781   003D1C                     SPI1CLK         equ	15644	;# 
  8782   003D54                     I2C2RXB         equ	15700	;# 
  8783   003D55                     I2C2TXB         equ	15701	;# 
  8784   003D56                     I2C2CNT         equ	15702	;# 
  8785   003D57                     I2C2ADB0        equ	15703	;# 
  8786   003D58                     I2C2ADB1        equ	15704	;# 
  8787   003D59                     I2C2ADR0        equ	15705	;# 
  8788   003D5A                     I2C2ADR1        equ	15706	;# 
  8789   003D5B                     I2C2ADR2        equ	15707	;# 
  8790   003D5C                     I2C2ADR3        equ	15708	;# 
  8791   003D5D                     I2C2CON0        equ	15709	;# 
  8792   003D5E                     I2C2CON1        equ	15710	;# 
  8793   003D5F                     I2C2CON2        equ	15711	;# 
  8794   003D60                     I2C2ERR         equ	15712	;# 
  8795   003D61                     I2C2STAT0       equ	15713	;# 
  8796   003D62                     I2C2STAT1       equ	15714	;# 
  8797   003D63                     I2C2PIR         equ	15715	;# 
  8798   003D64                     I2C2PIE         equ	15716	;# 
  8799   003D65                     I2C2CLK         equ	15717	;# 
  8800   003D66                     I2C2BTO         equ	15718	;# 
  8801   003D6A                     I2C1RXB         equ	15722	;# 
  8802   003D6B                     I2C1TXB         equ	15723	;# 
  8803   003D6C                     I2C1CNT         equ	15724	;# 
  8804   003D6D                     I2C1ADB0        equ	15725	;# 
  8805   003D6E                     I2C1ADB1        equ	15726	;# 
  8806   003D6F                     I2C1ADR0        equ	15727	;# 
  8807   003D70                     I2C1ADR1        equ	15728	;# 
  8808   003D71                     I2C1ADR2        equ	15729	;# 
  8809   003D72                     I2C1ADR3        equ	15730	;# 
  8810   003D73                     I2C1CON0        equ	15731	;# 
  8811   003D74                     I2C1CON1        equ	15732	;# 
  8812   003D75                     I2C1CON2        equ	15733	;# 
  8813   003D76                     I2C1ERR         equ	15734	;# 
  8814   003D77                     I2C1STAT0       equ	15735	;# 
  8815   003D78                     I2C1STAT1       equ	15736	;# 
  8816   003D79                     I2C1PIR         equ	15737	;# 
  8817   003D7A                     I2C1PIE         equ	15738	;# 
  8818   003D7B                     I2C1CLK         equ	15739	;# 
  8819   003D7C                     I2C1BTO         equ	15740	;# 
  8820   003DD0                     U2RXB           equ	15824	;# 
  8821   003DD0                     U2RXBL          equ	15824	;# 
  8822   003DD2                     U2TXB           equ	15826	;# 
  8823   003DD2                     U2TXBL          equ	15826	;# 
  8824   003DD4                     U2P1            equ	15828	;# 
  8825   003DD4                     U2P1L           equ	15828	;# 
  8826   003DD6                     U2P2            equ	15830	;# 
  8827   003DD6                     U2P2L           equ	15830	;# 
  8828   003DD8                     U2P3            equ	15832	;# 
  8829   003DD8                     U2P3L           equ	15832	;# 
  8830   003DDA                     U2CON0          equ	15834	;# 
  8831   003DDB                     U2CON1          equ	15835	;# 
  8832   003DDC                     U2CON2          equ	15836	;# 
  8833   003DDD                     U2BRG           equ	15837	;# 
  8834   003DDD                     U2BRGL          equ	15837	;# 
  8835   003DDE                     U2BRGH          equ	15838	;# 
  8836   003DDF                     U2FIFO          equ	15839	;# 
  8837   003DE0                     U2UIR           equ	15840	;# 
  8838   003DE1                     U2ERRIR         equ	15841	;# 
  8839   003DE2                     U2ERRIE         equ	15842	;# 
  8840   003DE8                     U1RXB           equ	15848	;# 
  8841   003DE8                     U1RXBL          equ	15848	;# 
  8842   003DE9                     U1RXCHK         equ	15849	;# 
  8843   003DEA                     U1TXB           equ	15850	;# 
  8844   003DEA                     U1TXBL          equ	15850	;# 
  8845   003DEB                     U1TXCHK         equ	15851	;# 
  8846   003DEC                     U1P1            equ	15852	;# 
  8847   003DEC                     U1P1L           equ	15852	;# 
  8848   003DED                     U1P1H           equ	15853	;# 
  8849   003DEE                     U1P2            equ	15854	;# 
  8850   003DEE                     U1P2L           equ	15854	;# 
  8851   003DEF                     U1P2H           equ	15855	;# 
  8852   003DF0                     U1P3            equ	15856	;# 
  8853   003DF0                     U1P3L           equ	15856	;# 
  8854   003DF1                     U1P3H           equ	15857	;# 
  8855   003DF2                     U1CON0          equ	15858	;# 
  8856   003DF3                     U1CON1          equ	15859	;# 
  8857   003DF4                     U1CON2          equ	15860	;# 
  8858   003DF5                     U1BRG           equ	15861	;# 
  8859   003DF5                     U1BRGL          equ	15861	;# 
  8860   003DF6                     U1BRGH          equ	15862	;# 
  8861   003DF7                     U1FIFO          equ	15863	;# 
  8862   003DF8                     U1UIR           equ	15864	;# 
  8863   003DF9                     U1ERRIR         equ	15865	;# 
  8864   003DFA                     U1ERRIE         equ	15866	;# 
  8865   003E9C                     DAC1CON1        equ	16028	;# 
  8866   003E9E                     DAC1CON0        equ	16030	;# 
  8867   003EB8                     CM2CON0         equ	16056	;# 
  8868   003EB9                     CM2CON1         equ	16057	;# 
  8869   003EBA                     CM2NCH          equ	16058	;# 
  8870   003EBB                     CM2PCH          equ	16059	;# 
  8871   003EBC                     CM1CON0         equ	16060	;# 
  8872   003EBD                     CM1CON1         equ	16061	;# 
  8873   003EBE                     CM1NCH          equ	16062	;# 
  8874   003EBF                     CM1PCH          equ	16063	;# 
  8875   003EC0                     CMOUT           equ	16064	;# 
  8876   003EC1                     FVRCON          equ	16065	;# 
  8877   003EC3                     ZCDCON          equ	16067	;# 
  8878   003EC9                     HLVDCON0        equ	16073	;# 
  8879   003ECA                     HLVDCON1        equ	16074	;# 
  8880   003ED7                     ADCP            equ	16087	;# 
  8881   003EDE                     ADLTH           equ	16094	;# 
  8882   003EDE                     ADLTHL          equ	16094	;# 
  8883   003EDF                     ADLTHH          equ	16095	;# 
  8884   003EE0                     ADUTH           equ	16096	;# 
  8885   003EE0                     ADUTHL          equ	16096	;# 
  8886   003EE1                     ADUTHH          equ	16097	;# 
  8887   003EE2                     ADERR           equ	16098	;# 
  8888   003EE2                     ADERRL          equ	16098	;# 
  8889   003EE3                     ADERRH          equ	16099	;# 
  8890   003EE4                     ADSTPT          equ	16100	;# 
  8891   003EE4                     ADSTPTL         equ	16100	;# 
  8892   003EE5                     ADSTPTH         equ	16101	;# 
  8893   003EE6                     ADFLTR          equ	16102	;# 
  8894   003EE6                     ADFLTRL         equ	16102	;# 
  8895   003EE7                     ADFLTRH         equ	16103	;# 
  8896   003EE8                     ADACC           equ	16104	;# 
  8897   003EE8                     ADACCL          equ	16104	;# 
  8898   003EE9                     ADACCH          equ	16105	;# 
  8899   003EEA                     ADACCU          equ	16106	;# 
  8900   003EEB                     ADCNT           equ	16107	;# 
  8901   003EEC                     ADRPT           equ	16108	;# 
  8902   003EED                     ADPREV          equ	16109	;# 
  8903   003EED                     ADPREVL         equ	16109	;# 
  8904   003EEE                     ADPREVH         equ	16110	;# 
  8905   003EEF                     ADRES           equ	16111	;# 
  8906   003EEF                     ADRESL          equ	16111	;# 
  8907   003EF0                     ADRESH          equ	16112	;# 
  8908   003EF1                     ADPCH           equ	16113	;# 
  8909   003EF3                     ADACQ           equ	16115	;# 
  8910   003EF3                     ADACQL          equ	16115	;# 
  8911   003EF4                     ADACQH          equ	16116	;# 
  8912   003EF5                     ADCAP           equ	16117	;# 
  8913   003EF6                     ADPRE           equ	16118	;# 
  8914   003EF6                     ADPREL          equ	16118	;# 
  8915   003EF7                     ADPREH          equ	16119	;# 
  8916   003EF8                     ADCON0          equ	16120	;# 
  8917   003EF9                     ADCON1          equ	16121	;# 
  8918   003EFA                     ADCON2          equ	16122	;# 
  8919   003EFB                     ADCON3          equ	16123	;# 
  8920   003EFC                     ADSTAT          equ	16124	;# 
  8921   003EFD                     ADREF           equ	16125	;# 
  8922   003EFE                     ADACT           equ	16126	;# 
  8923   003EFF                     ADCLK           equ	16127	;# 
  8924   003F12                     SMT1TMR         equ	16146	;# 
  8925   003F12                     SMT1TMRL        equ	16146	;# 
  8926   003F13                     SMT1TMRH        equ	16147	;# 
  8927   003F14                     SMT1TMRU        equ	16148	;# 
  8928   003F15                     SMT1CPR         equ	16149	;# 
  8929   003F15                     SMT1CPRL        equ	16149	;# 
  8930   003F16                     SMT1CPRH        equ	16150	;# 
  8931   003F17                     SMT1CPRU        equ	16151	;# 
  8932   003F18                     SMT1CPW         equ	16152	;# 
  8933   003F18                     SMT1CPWL        equ	16152	;# 
  8934   003F19                     SMT1CPWH        equ	16153	;# 
  8935   003F1A                     SMT1CPWU        equ	16154	;# 
  8936   003F1B                     SMT1PR          equ	16155	;# 
  8937   003F1B                     SMT1PRL         equ	16155	;# 
  8938   003F1C                     SMT1PRH         equ	16156	;# 
  8939   003F1D                     SMT1PRU         equ	16157	;# 
  8940   003F1E                     SMT1CON0        equ	16158	;# 
  8941   003F1F                     SMT1CON1        equ	16159	;# 
  8942   003F20                     SMT1STAT        equ	16160	;# 
  8943   003F21                     SMT1CLK         equ	16161	;# 
  8944   003F22                     SMT1SIG         equ	16162	;# 
  8945   003F23                     SMT1WIN         equ	16163	;# 
  8946   003F38                     NCO1ACC         equ	16184	;# 
  8947   003F38                     NCO1ACCL        equ	16184	;# 
  8948   003F39                     NCO1ACCH        equ	16185	;# 
  8949   003F3A                     NCO1ACCU        equ	16186	;# 
  8950   003F3B                     NCO1INC         equ	16187	;# 
  8951   003F3B                     NCO1INCL        equ	16187	;# 
  8952   003F3C                     NCO1INCH        equ	16188	;# 
  8953   003F3D                     NCO1INCU        equ	16189	;# 
  8954   003F3E                     NCO1CON         equ	16190	;# 
  8955   003F3F                     NCO1CLK         equ	16191	;# 
  8956   003F40                     CWG3CLK         equ	16192	;# 
  8957   003F40                     CWG3CLKCON      equ	16192	;# 
  8958   003F41                     CWG3ISM         equ	16193	;# 
  8959   003F41                     CWG3DAT         equ	16193	;# 
  8960   003F42                     CWG3DBR         equ	16194	;# 
  8961   003F43                     CWG3DBF         equ	16195	;# 
  8962   003F44                     CWG3CON0        equ	16196	;# 
  8963   003F45                     CWG3CON1        equ	16197	;# 
  8964   003F46                     CWG3AS0         equ	16198	;# 
  8965   003F47                     CWG3AS1         equ	16199	;# 
  8966   003F48                     CWG3STR         equ	16200	;# 
  8967   003F49                     CWG2CLK         equ	16201	;# 
  8968   003F49                     CWG2CLKCON      equ	16201	;# 
  8969   003F4A                     CWG2ISM         equ	16202	;# 
  8970   003F4A                     CWG2DAT         equ	16202	;# 
  8971   003F4B                     CWG2DBR         equ	16203	;# 
  8972   003F4C                     CWG2DBF         equ	16204	;# 
  8973   003F4D                     CWG2CON0        equ	16205	;# 
  8974   003F4E                     CWG2CON1        equ	16206	;# 
  8975   003F4F                     CWG2AS0         equ	16207	;# 
  8976   003F50                     CWG2AS1         equ	16208	;# 
  8977   003F51                     CWG2STR         equ	16209	;# 
  8978   003F52                     CWG1CLK         equ	16210	;# 
  8979   003F52                     CWG1CLKCON      equ	16210	;# 
  8980   003F53                     CWG1ISM         equ	16211	;# 
  8981   003F53                     CWG1DAT         equ	16211	;# 
  8982   003F54                     CWG1DBR         equ	16212	;# 
  8983   003F55                     CWG1DBF         equ	16213	;# 
  8984   003F56                     CWG1CON0        equ	16214	;# 
  8985   003F57                     CWG1CON1        equ	16215	;# 
  8986   003F58                     CWG1AS0         equ	16216	;# 
  8987   003F59                     CWG1AS1         equ	16217	;# 
  8988   003F5A                     CWG1STR         equ	16218	;# 
  8989   003F5E                     CCPTMRS0        equ	16222	;# 
  8990   003F5F                     CCPTMRS1        equ	16223	;# 
  8991   003F60                     PWM8DC          equ	16224	;# 
  8992   003F60                     PWM8DCL         equ	16224	;# 
  8993   003F61                     PWM8DCH         equ	16225	;# 
  8994   003F62                     PWM8CON         equ	16226	;# 
  8995   003F64                     PWM7DC          equ	16228	;# 
  8996   003F64                     PWM7DCL         equ	16228	;# 
  8997   003F65                     PWM7DCH         equ	16229	;# 
  8998   003F66                     PWM7CON         equ	16230	;# 
  8999   003F68                     PWM6DC          equ	16232	;# 
  9000   003F68                     PWM6DCL         equ	16232	;# 
  9001   003F69                     PWM6DCH         equ	16233	;# 
  9002   003F6A                     PWM6CON         equ	16234	;# 
  9003   003F6C                     PWM5DC          equ	16236	;# 
  9004   003F6C                     PWM5DCL         equ	16236	;# 
  9005   003F6D                     PWM5DCH         equ	16237	;# 
  9006   003F6E                     PWM5CON         equ	16238	;# 
  9007   003F70                     CCPR4           equ	16240	;# 
  9008   003F70                     CCPR4L          equ	16240	;# 
  9009   003F71                     CCPR4H          equ	16241	;# 
  9010   003F72                     CCP4CON         equ	16242	;# 
  9011   003F73                     CCP4CAP         equ	16243	;# 
  9012   003F74                     CCPR3           equ	16244	;# 
  9013   003F74                     CCPR3L          equ	16244	;# 
  9014   003F75                     CCPR3H          equ	16245	;# 
  9015   003F76                     CCP3CON         equ	16246	;# 
  9016   003F77                     CCP3CAP         equ	16247	;# 
  9017   003F78                     CCPR2           equ	16248	;# 
  9018   003F78                     CCPR2L          equ	16248	;# 
  9019   003F79                     CCPR2H          equ	16249	;# 
  9020   003F7A                     CCP2CON         equ	16250	;# 
  9021   003F7B                     CCP2CAP         equ	16251	;# 
  9022   003F7C                     CCPR1           equ	16252	;# 
  9023   003F7C                     CCPR1L          equ	16252	;# 
  9024   003F7D                     CCPR1H          equ	16253	;# 
  9025   003F7E                     CCP1CON         equ	16254	;# 
  9026   003F7F                     CCP1CAP         equ	16255	;# 
  9027   003F92                     T6TMR           equ	16274	;# 
  9028   003F92                     TMR6            equ	16274	;# 
  9029   003F93                     T6PR            equ	16275	;# 
  9030   003F93                     PR6             equ	16275	;# 
  9031   003F94                     T6CON           equ	16276	;# 
  9032   003F95                     T6HLT           equ	16277	;# 
  9033   003F96                     T6CLKCON        equ	16278	;# 
  9034   003F96                     T6CLK           equ	16278	;# 
  9035   003F97                     T6RST           equ	16279	;# 
  9036   003F98                     TMR5            equ	16280	;# 
  9037   003F98                     TMR5L           equ	16280	;# 
  9038   003F99                     TMR5H           equ	16281	;# 
  9039   003F9A                     T5CON           equ	16282	;# 
  9040   003F9A                     TMR5CON         equ	16282	;# 
  9041   003F9B                     T5GCON          equ	16283	;# 
  9042   003F9B                     TMR5GCON        equ	16283	;# 
  9043   003F9C                     T5GATE          equ	16284	;# 
  9044   003F9C                     TMR5GATE        equ	16284	;# 
  9045   003F9D                     T5CLK           equ	16285	;# 
  9046   003F9D                     TMR5CLK         equ	16285	;# 
  9047   003F9D                     PR5             equ	16285	;# 
  9048   003F9E                     T4TMR           equ	16286	;# 
  9049   003F9E                     TMR4            equ	16286	;# 
  9050   003F9F                     T4PR            equ	16287	;# 
  9051   003F9F                     PR4             equ	16287	;# 
  9052   003FA0                     T4CON           equ	16288	;# 
  9053   003FA1                     T4HLT           equ	16289	;# 
  9054   003FA2                     T4CLKCON        equ	16290	;# 
  9055   003FA2                     T4CLK           equ	16290	;# 
  9056   003FA3                     T4RST           equ	16291	;# 
  9057   003FA4                     TMR3            equ	16292	;# 
  9058   003FA4                     TMR3L           equ	16292	;# 
  9059   003FA5                     TMR3H           equ	16293	;# 
  9060   003FA6                     T3CON           equ	16294	;# 
  9061   003FA6                     TMR3CON         equ	16294	;# 
  9062   003FA7                     T3GCON          equ	16295	;# 
  9063   003FA7                     TMR3GCON        equ	16295	;# 
  9064   003FA8                     T3GATE          equ	16296	;# 
  9065   003FA8                     TMR3GATE        equ	16296	;# 
  9066   003FA9                     T3CLK           equ	16297	;# 
  9067   003FA9                     TMR3CLK         equ	16297	;# 
  9068   003FA9                     PR3             equ	16297	;# 
  9069   003FAA                     T2TMR           equ	16298	;# 
  9070   003FAA                     TMR2            equ	16298	;# 
  9071   003FAB                     T2PR            equ	16299	;# 
  9072   003FAB                     PR2             equ	16299	;# 
  9073   003FAC                     T2CON           equ	16300	;# 
  9074   003FAD                     T2HLT           equ	16301	;# 
  9075   003FAE                     T2CLKCON        equ	16302	;# 
  9076   003FAE                     T2CLK           equ	16302	;# 
  9077   003FAF                     T2RST           equ	16303	;# 
  9078   003FB0                     TMR1            equ	16304	;# 
  9079   003FB0                     TMR1L           equ	16304	;# 
  9080   003FB1                     TMR1H           equ	16305	;# 
  9081   003FB2                     T1CON           equ	16306	;# 
  9082   003FB2                     TMR1CON         equ	16306	;# 
  9083   003FB3                     T1GCON          equ	16307	;# 
  9084   003FB3                     TMR1GCON        equ	16307	;# 
  9085   003FB4                     T1GATE          equ	16308	;# 
  9086   003FB4                     TMR1GATE        equ	16308	;# 
  9087   003FB5                     T1CLK           equ	16309	;# 
  9088   003FB5                     TMR1CLK         equ	16309	;# 
  9089   003FB5                     PR1             equ	16309	;# 
  9090   003FB6                     TMR0L           equ	16310	;# 
  9091   003FB6                     TMR0            equ	16310	;# 
  9092   003FB7                     TMR0H           equ	16311	;# 
  9093   003FB7                     PR0             equ	16311	;# 
  9094   003FB8                     T0CON0          equ	16312	;# 
  9095   003FB9                     T0CON1          equ	16313	;# 
  9096   003FBA                     LATA            equ	16314	;# 
  9097   003FBB                     LATB            equ	16315	;# 
  9098   003FBC                     LATC            equ	16316	;# 
  9099   003FBD                     LATD            equ	16317	;# 
  9100   003FBE                     LATE            equ	16318	;# 
  9101   003FC2                     TRISA           equ	16322	;# 
  9102   003FC3                     TRISB           equ	16323	;# 
  9103   003FC4                     TRISC           equ	16324	;# 
  9104   003FC5                     TRISD           equ	16325	;# 
  9105   003FC6                     TRISE           equ	16326	;# 
  9106   003FCA                     PORTA           equ	16330	;# 
  9107   003FCB                     PORTB           equ	16331	;# 
  9108   003FCC                     PORTC           equ	16332	;# 
  9109   003FCD                     PORTD           equ	16333	;# 
  9110   003FCE                     PORTE           equ	16334	;# 
  9111   003FD2                     INTCON0         equ	16338	;# 
  9112   003FD3                     INTCON1         equ	16339	;# 
  9113   003FD4                     IVTLOCK         equ	16340	;# 
  9114   003FD5                     IVTBASE         equ	16341	;# 
  9115   003FD5                     IVTBASEL        equ	16341	;# 
  9116   003FD6                     IVTBASEH        equ	16342	;# 
  9117   003FD7                     IVTBASEU        equ	16343	;# 
  9118   003FD8                     STATUS          equ	16344	;# 
  9119   003FD9                     FSR2            equ	16345	;# 
  9120   003FD9                     FSR2L           equ	16345	;# 
  9121   003FDA                     FSR2H           equ	16346	;# 
  9122   003FDB                     PLUSW2          equ	16347	;# 
  9123   003FDC                     PREINC2         equ	16348	;# 
  9124   003FDD                     POSTDEC2        equ	16349	;# 
  9125   003FDE                     POSTINC2        equ	16350	;# 
  9126   003FDF                     INDF2           equ	16351	;# 
  9127   003FE0                     BSR             equ	16352	;# 
  9128   003FE1                     FSR1            equ	16353	;# 
  9129   003FE1                     FSR1L           equ	16353	;# 
  9130   003FE2                     FSR1H           equ	16354	;# 
  9131   003FE3                     PLUSW1          equ	16355	;# 
  9132   003FE4                     PREINC1         equ	16356	;# 
  9133   003FE5                     POSTDEC1        equ	16357	;# 
  9134   003FE6                     POSTINC1        equ	16358	;# 
  9135   003FE7                     INDF1           equ	16359	;# 
  9136   003FE8                     WREG            equ	16360	;# 
  9137   003FE9                     FSR0            equ	16361	;# 
  9138   003FE9                     FSR0L           equ	16361	;# 
  9139   003FEA                     FSR0H           equ	16362	;# 
  9140   003FEB                     PLUSW0          equ	16363	;# 
  9141   003FEC                     PREINC0         equ	16364	;# 
  9142   003FED                     POSTDEC0        equ	16365	;# 
  9143   003FEE                     POSTINC0        equ	16366	;# 
  9144   003FEF                     INDF0           equ	16367	;# 
  9145   003FF0                     PCON0           equ	16368	;# 
  9146   003FF1                     PCON1           equ	16369	;# 
  9147   003FF3                     PROD            equ	16371	;# 
  9148   003FF3                     PRODL           equ	16371	;# 
  9149   003FF4                     PRODH           equ	16372	;# 
  9150   003FF5                     TABLAT          equ	16373	;# 
  9151   003FF6                     TBLPTR          equ	16374	;# 
  9152   003FF6                     TBLPTRL         equ	16374	;# 
  9153   003FF7                     TBLPTRH         equ	16375	;# 
  9154   003FF8                     TBLPTRU         equ	16376	;# 
  9155   003FF9                     PCLAT           equ	16377	;# 
  9156   003FF9                     PCL             equ	16377	;# 
  9157   003FFA                     PCLATH          equ	16378	;# 
  9158   003FFB                     PCLATU          equ	16379	;# 
  9159   003FFC                     STKPTR          equ	16380	;# 
  9160   003FFD                     TOS             equ	16381	;# 
  9161   003FFD                     TOSL            equ	16381	;# 
  9162   003FFE                     TOSH            equ	16382	;# 
  9163   003FFF                     TOSU            equ	16383	;# 
  9164   003880                     STATUS_CSHAD    equ	14464	;# 
  9165   003881                     WREG_CSHAD      equ	14465	;# 
  9166   003882                     BSR_CSHAD       equ	14466	;# 
  9167   003883                     SHADCON         equ	14467	;# 
  9168   003884                     STATUS_SHAD     equ	14468	;# 
  9169   003885                     WREG_SHAD       equ	14469	;# 
  9170   003886                     BSR_SHAD        equ	14470	;# 
  9171   003887                     PCLATH_SHAD     equ	14471	;# 
  9172   003888                     PCLATU_SHAD     equ	14472	;# 
  9173   003889                     FSR0SH          equ	14473	;# 
  9174   003889                     FSR0L_SHAD      equ	14473	;# 
  9175   00388A                     FSR0H_SHAD      equ	14474	;# 
  9176   00388B                     FSR1SH          equ	14475	;# 
  9177   00388B                     FSR1L_SHAD      equ	14475	;# 
  9178   00388C                     FSR1H_SHAD      equ	14476	;# 
  9179   00388D                     FSR2SH          equ	14477	;# 
  9180   00388D                     FSR2L_SHAD      equ	14477	;# 
  9181   00388E                     FSR2H_SHAD      equ	14478	;# 
  9182   00388F                     PRODSH          equ	14479	;# 
  9183   00388F                     PRODL_SHAD      equ	14479	;# 
  9184   003890                     PRODH_SHAD      equ	14480	;# 
  9185   00389D                     IVTADL          equ	14493	;# 
  9186   00389E                     IVTADH          equ	14494	;# 
  9187   00389F                     IVTADU          equ	14495	;# 
  9188   00395B                     WDTCON0         equ	14683	;# 
  9189   00395C                     WDTCON1         equ	14684	;# 
  9190   00395D                     WDTPSL          equ	14685	;# 
  9191   00395E                     WDTPSH          equ	14686	;# 
  9192   00395F                     WDTTMR          equ	14687	;# 
  9193   003960                     CRCDATA         equ	14688	;# 
  9194   003960                     CRCDATL         equ	14688	;# 
  9195   003961                     CRCDATH         equ	14689	;# 
  9196   003962                     CRCACC          equ	14690	;# 
  9197   003962                     CRCACCL         equ	14690	;# 
  9198   003963                     CRCACCH         equ	14691	;# 
  9199   003964                     CRCSHFT         equ	14692	;# 
  9200   003964                     CRCSHIFTL       equ	14692	;# 
  9201   003965                     CRCSHIFTH       equ	14693	;# 
  9202   003966                     CRCXOR          equ	14694	;# 
  9203   003966                     CRCXORL         equ	14694	;# 
  9204   003967                     CRCXORH         equ	14695	;# 
  9205   003968                     CRCCON0         equ	14696	;# 
  9206   003969                     CRCCON1         equ	14697	;# 
  9207   003976                     SCANLADR        equ	14710	;# 
  9208   003976                     SCANLADRL       equ	14710	;# 
  9209   003977                     SCANLADRH       equ	14711	;# 
  9210   003978                     SCANLADRU       equ	14712	;# 
  9211   003979                     SCANHADR        equ	14713	;# 
  9212   003979                     SCANHADRL       equ	14713	;# 
  9213   00397A                     SCANHADRH       equ	14714	;# 
  9214   00397B                     SCANHADRU       equ	14715	;# 
  9215   00397C                     SCANCON0        equ	14716	;# 
  9216   00397D                     SCANTRIG        equ	14717	;# 
  9217   003980                     IPR0            equ	14720	;# 
  9218   003981                     IPR1            equ	14721	;# 
  9219   003982                     IPR2            equ	14722	;# 
  9220   003983                     IPR3            equ	14723	;# 
  9221   003984                     IPR4            equ	14724	;# 
  9222   003985                     IPR5            equ	14725	;# 
  9223   003986                     IPR6            equ	14726	;# 
  9224   003987                     IPR7            equ	14727	;# 
  9225   003988                     IPR8            equ	14728	;# 
  9226   003989                     IPR9            equ	14729	;# 
  9227   00398A                     IPR10           equ	14730	;# 
  9228   003990                     PIE0            equ	14736	;# 
  9229   003991                     PIE1            equ	14737	;# 
  9230   003992                     PIE2            equ	14738	;# 
  9231   003993                     PIE3            equ	14739	;# 
  9232   003994                     PIE4            equ	14740	;# 
  9233   003995                     PIE5            equ	14741	;# 
  9234   003996                     PIE6            equ	14742	;# 
  9235   003997                     PIE7            equ	14743	;# 
  9236   003998                     PIE8            equ	14744	;# 
  9237   003999                     PIE9            equ	14745	;# 
  9238   00399A                     PIE10           equ	14746	;# 
  9239   0039A0                     PIR0            equ	14752	;# 
  9240   0039A1                     PIR1            equ	14753	;# 
  9241   0039A2                     PIR2            equ	14754	;# 
  9242   0039A3                     PIR3            equ	14755	;# 
  9243   0039A4                     PIR4            equ	14756	;# 
  9244   0039A5                     PIR5            equ	14757	;# 
  9245   0039A6                     PIR6            equ	14758	;# 
  9246   0039A7                     PIR7            equ	14759	;# 
  9247   0039A8                     PIR8            equ	14760	;# 
  9248   0039A9                     PIR9            equ	14761	;# 
  9249   0039AA                     PIR10           equ	14762	;# 
  9250   0039C0                     PMD0            equ	14784	;# 
  9251   0039C1                     PMD1            equ	14785	;# 
  9252   0039C2                     PMD2            equ	14786	;# 
  9253   0039C3                     PMD3            equ	14787	;# 
  9254   0039C4                     PMD4            equ	14788	;# 
  9255   0039C5                     PMD5            equ	14789	;# 
  9256   0039C6                     PMD6            equ	14790	;# 
  9257   0039C7                     PMD7            equ	14791	;# 
  9258   0039D0                     BORCON          equ	14800	;# 
  9259   0039D1                     VREGCON         equ	14801	;# 
  9260   0039D8                     CPUDOZE         equ	14808	;# 
  9261   0039D9                     OSCCON1         equ	14809	;# 
  9262   0039DA                     OSCCON2         equ	14810	;# 
  9263   0039DB                     OSCCON3         equ	14811	;# 
  9264   0039DC                     OSCSTAT         equ	14812	;# 
  9265   0039DC                     OSCSTAT1        equ	14812	;# 
  9266   0039DD                     OSCEN           equ	14813	;# 
  9267   0039DE                     OSCTUNE         equ	14814	;# 
  9268   0039DF                     OSCFRQ          equ	14815	;# 
  9269   0039E0                     NVMADRL         equ	14816	;# 
  9270   0039E1                     NVMADRH         equ	14817	;# 
  9271   0039E3                     NVMDAT          equ	14819	;# 
  9272   0039E5                     NVMCON1         equ	14821	;# 
  9273   0039E6                     NVMCON2         equ	14822	;# 
  9274   0039EF                     PRLOCK          equ	14831	;# 
  9275   0039F1                     ISRPR           equ	14833	;# 
  9276   0039F2                     MAINPR          equ	14834	;# 
  9277   0039F3                     DMA1PR          equ	14835	;# 
  9278   0039F4                     DMA2PR          equ	14836	;# 
  9279   0039F7                     SCANPR          equ	14839	;# 
  9280   003A00                     RA0PPS          equ	14848	;# 
  9281   003A01                     RA1PPS          equ	14849	;# 
  9282   003A02                     RA2PPS          equ	14850	;# 
  9283   003A03                     RA3PPS          equ	14851	;# 
  9284   003A04                     RA4PPS          equ	14852	;# 
  9285   003A05                     RA5PPS          equ	14853	;# 
  9286   003A06                     RA6PPS          equ	14854	;# 
  9287   003A07                     RA7PPS          equ	14855	;# 
  9288   003A08                     RB0PPS          equ	14856	;# 
  9289   003A09                     RB1PPS          equ	14857	;# 
  9290   003A0A                     RB2PPS          equ	14858	;# 
  9291   003A0B                     RB3PPS          equ	14859	;# 
  9292   003A0C                     RB4PPS          equ	14860	;# 
  9293   003A0D                     RB5PPS          equ	14861	;# 
  9294   003A0E                     RB6PPS          equ	14862	;# 
  9295   003A0F                     RB7PPS          equ	14863	;# 
  9296   003A10                     RC0PPS          equ	14864	;# 
  9297   003A11                     RC1PPS          equ	14865	;# 
  9298   003A12                     RC2PPS          equ	14866	;# 
  9299   003A13                     RC3PPS          equ	14867	;# 
  9300   003A14                     RC4PPS          equ	14868	;# 
  9301   003A15                     RC5PPS          equ	14869	;# 
  9302   003A16                     RC6PPS          equ	14870	;# 
  9303   003A17                     RC7PPS          equ	14871	;# 
  9304   003A18                     RD0PPS          equ	14872	;# 
  9305   003A19                     RD1PPS          equ	14873	;# 
  9306   003A1A                     RD2PPS          equ	14874	;# 
  9307   003A1B                     RD3PPS          equ	14875	;# 
  9308   003A1C                     RD4PPS          equ	14876	;# 
  9309   003A1D                     RD5PPS          equ	14877	;# 
  9310   003A1E                     RD6PPS          equ	14878	;# 
  9311   003A1F                     RD7PPS          equ	14879	;# 
  9312   003A20                     RE0PPS          equ	14880	;# 
  9313   003A21                     RE1PPS          equ	14881	;# 
  9314   003A22                     RE2PPS          equ	14882	;# 
  9315   003A40                     ANSELA          equ	14912	;# 
  9316   003A41                     WPUA            equ	14913	;# 
  9317   003A42                     ODCONA          equ	14914	;# 
  9318   003A43                     SLRCONA         equ	14915	;# 
  9319   003A44                     INLVLA          equ	14916	;# 
  9320   003A45                     IOCAP           equ	14917	;# 
  9321   003A46                     IOCAN           equ	14918	;# 
  9322   003A47                     IOCAF           equ	14919	;# 
  9323   003A48                     CCDPA           equ	14920	;# 
  9324   003A49                     CCDNA           equ	14921	;# 
  9325   003A50                     ANSELB          equ	14928	;# 
  9326   003A51                     WPUB            equ	14929	;# 
  9327   003A52                     ODCONB          equ	14930	;# 
  9328   003A53                     SLRCONB         equ	14931	;# 
  9329   003A54                     INLVLB          equ	14932	;# 
  9330   003A55                     IOCBP           equ	14933	;# 
  9331   003A56                     IOCBN           equ	14934	;# 
  9332   003A57                     IOCBF           equ	14935	;# 
  9333   003A58                     CCDPB           equ	14936	;# 
  9334   003A59                     CCDNB           equ	14937	;# 
  9335   003A5A                     RB1I2C          equ	14938	;# 
  9336   003A5B                     RB2I2C          equ	14939	;# 
  9337   003A60                     ANSELC          equ	14944	;# 
  9338   003A61                     WPUC            equ	14945	;# 
  9339   003A62                     ODCONC          equ	14946	;# 
  9340   003A63                     SLRCONC         equ	14947	;# 
  9341   003A64                     INLVLC          equ	14948	;# 
  9342   003A65                     IOCCP           equ	14949	;# 
  9343   003A66                     IOCCN           equ	14950	;# 
  9344   003A67                     IOCCF           equ	14951	;# 
  9345   003A68                     CCDPC           equ	14952	;# 
  9346   003A69                     CCDNC           equ	14953	;# 
  9347   003A6A                     RC3I2C          equ	14954	;# 
  9348   003A6B                     RC4I2C          equ	14955	;# 
  9349   003A70                     ANSELD          equ	14960	;# 
  9350   003A71                     WPUD            equ	14961	;# 
  9351   003A72                     ODCOND          equ	14962	;# 
  9352   003A73                     SLRCOND         equ	14963	;# 
  9353   003A74                     INLVLD          equ	14964	;# 
  9354   003A78                     CCDPD           equ	14968	;# 
  9355   003A79                     CCDND           equ	14969	;# 
  9356   003A7A                     RD0I2C          equ	14970	;# 
  9357   003A7B                     RD1I2C          equ	14971	;# 
  9358   003A80                     ANSELE          equ	14976	;# 
  9359   003A81                     WPUE            equ	14977	;# 
  9360   003A82                     ODCONE          equ	14978	;# 
  9361   003A83                     SLRCONE         equ	14979	;# 
  9362   003A84                     INLVLE          equ	14980	;# 
  9363   003A85                     IOCEP           equ	14981	;# 
  9364   003A86                     IOCEN           equ	14982	;# 
  9365   003A87                     IOCEF           equ	14983	;# 
  9366   003A88                     CCDPE           equ	14984	;# 
  9367   003A89                     CCDNE           equ	14985	;# 
  9368   003ABE                     CCDCON          equ	15038	;# 
  9369   003ABF                     PPSLOCK         equ	15039	;# 
  9370   003AC0                     INT0PPS         equ	15040	;# 
  9371   003AC1                     INT1PPS         equ	15041	;# 
  9372   003AC2                     INT2PPS         equ	15042	;# 
  9373   003AC3                     T0CKIPPS        equ	15043	;# 
  9374   003AC4                     T1CKIPPS        equ	15044	;# 
  9375   003AC5                     T1GPPS          equ	15045	;# 
  9376   003AC6                     T3CKIPPS        equ	15046	;# 
  9377   003AC7                     T3GPPS          equ	15047	;# 
  9378   003AC8                     T5CKIPPS        equ	15048	;# 
  9379   003AC9                     T5GPPS          equ	15049	;# 
  9380   003ACA                     T2INPPS         equ	15050	;# 
  9381   003ACB                     T4INPPS         equ	15051	;# 
  9382   003ACC                     T6INPPS         equ	15052	;# 
  9383   003ACD                     CCP1PPS         equ	15053	;# 
  9384   003ACE                     CCP2PPS         equ	15054	;# 
  9385   003ACF                     CCP3PPS         equ	15055	;# 
  9386   003AD0                     CCP4PPS         equ	15056	;# 
  9387   003AD1                     SMT1WINPPS      equ	15057	;# 
  9388   003AD2                     SMT1SIGPPS      equ	15058	;# 
  9389   003AD3                     CWG1INPPS       equ	15059	;# 
  9390   003AD4                     CWG2INPPS       equ	15060	;# 
  9391   003AD5                     CWG3INPPS       equ	15061	;# 
  9392   003AD6                     MD1CARLPPS      equ	15062	;# 
  9393   003AD7                     MD1CARHPPS      equ	15063	;# 
  9394   003AD8                     MD1SRCPPS       equ	15064	;# 
  9395   003AD9                     CLCIN0PPS       equ	15065	;# 
  9396   003ADA                     CLCIN1PPS       equ	15066	;# 
  9397   003ADB                     CLCIN2PPS       equ	15067	;# 
  9398   003ADC                     CLCIN3PPS       equ	15068	;# 
  9399   003ADD                     ADACTPPS        equ	15069	;# 
  9400   003ADE                     SPI1SCKPPS      equ	15070	;# 
  9401   003ADF                     SPI1SDIPPS      equ	15071	;# 
  9402   003AE0                     SPI1SSPPS       equ	15072	;# 
  9403   003AE1                     I2C1SCLPPS      equ	15073	;# 
  9404   003AE2                     I2C1SDAPPS      equ	15074	;# 
  9405   003AE3                     I2C2SCLPPS      equ	15075	;# 
  9406   003AE4                     I2C2SDAPPS      equ	15076	;# 
  9407   003AE5                     U1RXPPS         equ	15077	;# 
  9408   003AE6                     U1CTSPPS        equ	15078	;# 
  9409   003AE8                     U2RXPPS         equ	15080	;# 
  9410   003AE9                     U2CTSPPS        equ	15081	;# 
  9411   003BC9                     DMA2BUF         equ	15305	;# 
  9412   003BCA                     DMA2DCNT        equ	15306	;# 
  9413   003BCA                     DMA2DCNTL       equ	15306	;# 
  9414   003BCB                     DMA2DCNTH       equ	15307	;# 
  9415   003BCC                     DMA2DPTR        equ	15308	;# 
  9416   003BCC                     DMA2DPTRL       equ	15308	;# 
  9417   003BCD                     DMA2DPTRH       equ	15309	;# 
  9418   003BCE                     DMA2DSZ         equ	15310	;# 
  9419   003BCE                     DMA2DSZL        equ	15310	;# 
  9420   003BCF                     DMA2DSZH        equ	15311	;# 
  9421   003BD0                     DMA2DSA         equ	15312	;# 
  9422   003BD0                     DMA2DSAL        equ	15312	;# 
  9423   003BD1                     DMA2DSAH        equ	15313	;# 
  9424   003BD2                     DMA2SCNT        equ	15314	;# 
  9425   003BD2                     DMA2SCNTL       equ	15314	;# 
  9426   003BD3                     DMA2SCNTH       equ	15315	;# 
  9427   003BD4                     DMA2SPTR        equ	15316	;# 
  9428   003BD4                     DMA2SPTRL       equ	15316	;# 
  9429   003BD5                     DMA2SPTRH       equ	15317	;# 
  9430   003BD6                     DMA2SPTRU       equ	15318	;# 
  9431   003BD7                     DMA2SSZ         equ	15319	;# 
  9432   003BD7                     DMA2SSZL        equ	15319	;# 
  9433   003BD8                     DMA2SSZH        equ	15320	;# 
  9434   003BD9                     DMA2SSA         equ	15321	;# 
  9435   003BD9                     DMA2SSAL        equ	15321	;# 
  9436   003BDA                     DMA2SSAH        equ	15322	;# 
  9437   003BDB                     DMA2SSAU        equ	15323	;# 
  9438   003BDC                     DMA2CON0        equ	15324	;# 
  9439   003BDD                     DMA2CON1        equ	15325	;# 
  9440   003BDE                     DMA2AIRQ        equ	15326	;# 
  9441   003BDF                     DMA2SIRQ        equ	15327	;# 
  9442   003BE9                     DMA1BUF         equ	15337	;# 
  9443   003BEA                     DMA1DCNT        equ	15338	;# 
  9444   003BEA                     DMA1DCNTL       equ	15338	;# 
  9445   003BEB                     DMA1DCNTH       equ	15339	;# 
  9446   003BEC                     DMA1DPTR        equ	15340	;# 
  9447   003BEC                     DMA1DPTRL       equ	15340	;# 
  9448   003BED                     DMA1DPTRH       equ	15341	;# 
  9449   003BEE                     DMA1DSZ         equ	15342	;# 
  9450   003BEE                     DMA1DSZL        equ	15342	;# 
  9451   003BEF                     DMA1DSZH        equ	15343	;# 
  9452   003BF0                     DMA1DSA         equ	15344	;# 
  9453   003BF0                     DMA1DSAL        equ	15344	;# 
  9454   003BF1                     DMA1DSAH        equ	15345	;# 
  9455   003BF2                     DMA1SCNT        equ	15346	;# 
  9456   003BF2                     DMA1SCNTL       equ	15346	;# 
  9457   003BF3                     DMA1SCNTH       equ	15347	;# 
  9458   003BF4                     DMA1SPTR        equ	15348	;# 
  9459   003BF4                     DMA1SPTRL       equ	15348	;# 
  9460   003BF5                     DMA1SPTRH       equ	15349	;# 
  9461   003BF6                     DMA1SPTRU       equ	15350	;# 
  9462   003BF7                     DMA1SSZ         equ	15351	;# 
  9463   003BF7                     DMA1SSZL        equ	15351	;# 
  9464   003BF8                     DMA1SSZH        equ	15352	;# 
  9465   003BF9                     DMA1SSA         equ	15353	;# 
  9466   003BF9                     DMA1SSAL        equ	15353	;# 
  9467   003BFA                     DMA1SSAH        equ	15354	;# 
  9468   003BFB                     DMA1SSAU        equ	15355	;# 
  9469   003BFC                     DMA1CON0        equ	15356	;# 
  9470   003BFD                     DMA1CON1        equ	15357	;# 
  9471   003BFE                     DMA1AIRQ        equ	15358	;# 
  9472   003BFF                     DMA1SIRQ        equ	15359	;# 
  9473   003C56                     CLC4CON         equ	15446	;# 
  9474   003C57                     CLC4POL         equ	15447	;# 
  9475   003C58                     CLC4SEL0        equ	15448	;# 
  9476   003C59                     CLC4SEL1        equ	15449	;# 
  9477   003C5A                     CLC4SEL2        equ	15450	;# 
  9478   003C5B                     CLC4SEL3        equ	15451	;# 
  9479   003C5C                     CLC4GLS0        equ	15452	;# 
  9480   003C5D                     CLC4GLS1        equ	15453	;# 
  9481   003C5E                     CLC4GLS2        equ	15454	;# 
  9482   003C5F                     CLC4GLS3        equ	15455	;# 
  9483   003C60                     CLC3CON         equ	15456	;# 
  9484   003C61                     CLC3POL         equ	15457	;# 
  9485   003C62                     CLC3SEL0        equ	15458	;# 
  9486   003C63                     CLC3SEL1        equ	15459	;# 
  9487   003C64                     CLC3SEL2        equ	15460	;# 
  9488   003C65                     CLC3SEL3        equ	15461	;# 
  9489   003C66                     CLC3GLS0        equ	15462	;# 
  9490   003C67                     CLC3GLS1        equ	15463	;# 
  9491   003C68                     CLC3GLS2        equ	15464	;# 
  9492   003C69                     CLC3GLS3        equ	15465	;# 
  9493   003C6A                     CLC2CON         equ	15466	;# 
  9494   003C6B                     CLC2POL         equ	15467	;# 
  9495   003C6C                     CLC2SEL0        equ	15468	;# 
  9496   003C6D                     CLC2SEL1        equ	15469	;# 
  9497   003C6E                     CLC2SEL2        equ	15470	;# 
  9498   003C6F                     CLC2SEL3        equ	15471	;# 
  9499   003C70                     CLC2GLS0        equ	15472	;# 
  9500   003C71                     CLC2GLS1        equ	15473	;# 
  9501   003C72                     CLC2GLS2        equ	15474	;# 
  9502   003C73                     CLC2GLS3        equ	15475	;# 
  9503   003C74                     CLC1CON         equ	15476	;# 
  9504   003C75                     CLC1POL         equ	15477	;# 
  9505   003C76                     CLC1SEL0        equ	15478	;# 
  9506   003C77                     CLC1SEL1        equ	15479	;# 
  9507   003C78                     CLC1SEL2        equ	15480	;# 
  9508   003C79                     CLC1SEL3        equ	15481	;# 
  9509   003C7A                     CLC1GLS0        equ	15482	;# 
  9510   003C7B                     CLC1GLS1        equ	15483	;# 
  9511   003C7C                     CLC1GLS2        equ	15484	;# 
  9512   003C7D                     CLC1GLS3        equ	15485	;# 
  9513   003C7E                     CLCDATA0        equ	15486	;# 
  9514   003CE5                     CLKRCON         equ	15589	;# 
  9515   003CE6                     CLKRCLK         equ	15590	;# 
  9516   003CFA                     MD1CON0         equ	15610	;# 
  9517   003CFB                     MD1CON1         equ	15611	;# 
  9518   003CFC                     MD1SRC          equ	15612	;# 
  9519   003CFD                     MD1CARL         equ	15613	;# 
  9520   003CFE                     MD1CARH         equ	15614	;# 
  9521   003D10                     SPI1RXB         equ	15632	;# 
  9522   003D11                     SPI1TXB         equ	15633	;# 
  9523   003D12                     SPI1TCNT        equ	15634	;# 
  9524   003D12                     SPI1TCNTL       equ	15634	;# 
  9525   003D13                     SPI1TCNTH       equ	15635	;# 
  9526   003D14                     SPI1CON0        equ	15636	;# 
  9527   003D15                     SPI1CON1        equ	15637	;# 
  9528   003D16                     SPI1CON2        equ	15638	;# 
  9529   003D17                     SPI1STATUS      equ	15639	;# 
  9530   003D18                     SPI1TWIDTH      equ	15640	;# 
  9531   003D19                     SPI1BAUD        equ	15641	;# 
  9532   003D1A                     SPI1INTF        equ	15642	;# 
  9533   003D1B                     SPI1INTE        equ	15643	;# 
  9534   003D1C                     SPI1CLK         equ	15644	;# 
  9535   003D54                     I2C2RXB         equ	15700	;# 
  9536   003D55                     I2C2TXB         equ	15701	;# 
  9537   003D56                     I2C2CNT         equ	15702	;# 
  9538   003D57                     I2C2ADB0        equ	15703	;# 
  9539   003D58                     I2C2ADB1        equ	15704	;# 
  9540   003D59                     I2C2ADR0        equ	15705	;# 
  9541   003D5A                     I2C2ADR1        equ	15706	;# 
  9542   003D5B                     I2C2ADR2        equ	15707	;# 
  9543   003D5C                     I2C2ADR3        equ	15708	;# 
  9544   003D5D                     I2C2CON0        equ	15709	;# 
  9545   003D5E                     I2C2CON1        equ	15710	;# 
  9546   003D5F                     I2C2CON2        equ	15711	;# 
  9547   003D60                     I2C2ERR         equ	15712	;# 
  9548   003D61                     I2C2STAT0       equ	15713	;# 
  9549   003D62                     I2C2STAT1       equ	15714	;# 
  9550   003D63                     I2C2PIR         equ	15715	;# 
  9551   003D64                     I2C2PIE         equ	15716	;# 
  9552   003D65                     I2C2CLK         equ	15717	;# 
  9553   003D66                     I2C2BTO         equ	15718	;# 
  9554   003D6A                     I2C1RXB         equ	15722	;# 
  9555   003D6B                     I2C1TXB         equ	15723	;# 
  9556   003D6C                     I2C1CNT         equ	15724	;# 
  9557   003D6D                     I2C1ADB0        equ	15725	;# 
  9558   003D6E                     I2C1ADB1        equ	15726	;# 
  9559   003D6F                     I2C1ADR0        equ	15727	;# 
  9560   003D70                     I2C1ADR1        equ	15728	;# 
  9561   003D71                     I2C1ADR2        equ	15729	;# 
  9562   003D72                     I2C1ADR3        equ	15730	;# 
  9563   003D73                     I2C1CON0        equ	15731	;# 
  9564   003D74                     I2C1CON1        equ	15732	;# 
  9565   003D75                     I2C1CON2        equ	15733	;# 
  9566   003D76                     I2C1ERR         equ	15734	;# 
  9567   003D77                     I2C1STAT0       equ	15735	;# 
  9568   003D78                     I2C1STAT1       equ	15736	;# 
  9569   003D79                     I2C1PIR         equ	15737	;# 
  9570   003D7A                     I2C1PIE         equ	15738	;# 
  9571   003D7B                     I2C1CLK         equ	15739	;# 
  9572   003D7C                     I2C1BTO         equ	15740	;# 
  9573   003DD0                     U2RXB           equ	15824	;# 
  9574   003DD0                     U2RXBL          equ	15824	;# 
  9575   003DD2                     U2TXB           equ	15826	;# 
  9576   003DD2                     U2TXBL          equ	15826	;# 
  9577   003DD4                     U2P1            equ	15828	;# 
  9578   003DD4                     U2P1L           equ	15828	;# 
  9579   003DD6                     U2P2            equ	15830	;# 
  9580   003DD6                     U2P2L           equ	15830	;# 
  9581   003DD8                     U2P3            equ	15832	;# 
  9582   003DD8                     U2P3L           equ	15832	;# 
  9583   003DDA                     U2CON0          equ	15834	;# 
  9584   003DDB                     U2CON1          equ	15835	;# 
  9585   003DDC                     U2CON2          equ	15836	;# 
  9586   003DDD                     U2BRG           equ	15837	;# 
  9587   003DDD                     U2BRGL          equ	15837	;# 
  9588   003DDE                     U2BRGH          equ	15838	;# 
  9589   003DDF                     U2FIFO          equ	15839	;# 
  9590   003DE0                     U2UIR           equ	15840	;# 
  9591   003DE1                     U2ERRIR         equ	15841	;# 
  9592   003DE2                     U2ERRIE         equ	15842	;# 
  9593   003DE8                     U1RXB           equ	15848	;# 
  9594   003DE8                     U1RXBL          equ	15848	;# 
  9595   003DE9                     U1RXCHK         equ	15849	;# 
  9596   003DEA                     U1TXB           equ	15850	;# 
  9597   003DEA                     U1TXBL          equ	15850	;# 
  9598   003DEB                     U1TXCHK         equ	15851	;# 
  9599   003DEC                     U1P1            equ	15852	;# 
  9600   003DEC                     U1P1L           equ	15852	;# 
  9601   003DED                     U1P1H           equ	15853	;# 
  9602   003DEE                     U1P2            equ	15854	;# 
  9603   003DEE                     U1P2L           equ	15854	;# 
  9604   003DEF                     U1P2H           equ	15855	;# 
  9605   003DF0                     U1P3            equ	15856	;# 
  9606   003DF0                     U1P3L           equ	15856	;# 
  9607   003DF1                     U1P3H           equ	15857	;# 
  9608   003DF2                     U1CON0          equ	15858	;# 
  9609   003DF3                     U1CON1          equ	15859	;# 
  9610   003DF4                     U1CON2          equ	15860	;# 
  9611   003DF5                     U1BRG           equ	15861	;# 
  9612   003DF5                     U1BRGL          equ	15861	;# 
  9613   003DF6                     U1BRGH          equ	15862	;# 
  9614   003DF7                     U1FIFO          equ	15863	;# 
  9615   003DF8                     U1UIR           equ	15864	;# 
  9616   003DF9                     U1ERRIR         equ	15865	;# 
  9617   003DFA                     U1ERRIE         equ	15866	;# 
  9618   003E9C                     DAC1CON1        equ	16028	;# 
  9619   003E9E                     DAC1CON0        equ	16030	;# 
  9620   003EB8                     CM2CON0         equ	16056	;# 
  9621   003EB9                     CM2CON1         equ	16057	;# 
  9622   003EBA                     CM2NCH          equ	16058	;# 
  9623   003EBB                     CM2PCH          equ	16059	;# 
  9624   003EBC                     CM1CON0         equ	16060	;# 
  9625   003EBD                     CM1CON1         equ	16061	;# 
  9626   003EBE                     CM1NCH          equ	16062	;# 
  9627   003EBF                     CM1PCH          equ	16063	;# 
  9628   003EC0                     CMOUT           equ	16064	;# 
  9629   003EC1                     FVRCON          equ	16065	;# 
  9630   003EC3                     ZCDCON          equ	16067	;# 
  9631   003EC9                     HLVDCON0        equ	16073	;# 
  9632   003ECA                     HLVDCON1        equ	16074	;# 
  9633   003ED7                     ADCP            equ	16087	;# 
  9634   003EDE                     ADLTH           equ	16094	;# 
  9635   003EDE                     ADLTHL          equ	16094	;# 
  9636   003EDF                     ADLTHH          equ	16095	;# 
  9637   003EE0                     ADUTH           equ	16096	;# 
  9638   003EE0                     ADUTHL          equ	16096	;# 
  9639   003EE1                     ADUTHH          equ	16097	;# 
  9640   003EE2                     ADERR           equ	16098	;# 
  9641   003EE2                     ADERRL          equ	16098	;# 
  9642   003EE3                     ADERRH          equ	16099	;# 
  9643   003EE4                     ADSTPT          equ	16100	;# 
  9644   003EE4                     ADSTPTL         equ	16100	;# 
  9645   003EE5                     ADSTPTH         equ	16101	;# 
  9646   003EE6                     ADFLTR          equ	16102	;# 
  9647   003EE6                     ADFLTRL         equ	16102	;# 
  9648   003EE7                     ADFLTRH         equ	16103	;# 
  9649   003EE8                     ADACC           equ	16104	;# 
  9650   003EE8                     ADACCL          equ	16104	;# 
  9651   003EE9                     ADACCH          equ	16105	;# 
  9652   003EEA                     ADACCU          equ	16106	;# 
  9653   003EEB                     ADCNT           equ	16107	;# 
  9654   003EEC                     ADRPT           equ	16108	;# 
  9655   003EED                     ADPREV          equ	16109	;# 
  9656   003EED                     ADPREVL         equ	16109	;# 
  9657   003EEE                     ADPREVH         equ	16110	;# 
  9658   003EEF                     ADRES           equ	16111	;# 
  9659   003EEF                     ADRESL          equ	16111	;# 
  9660   003EF0                     ADRESH          equ	16112	;# 
  9661   003EF1                     ADPCH           equ	16113	;# 
  9662   003EF3                     ADACQ           equ	16115	;# 
  9663   003EF3                     ADACQL          equ	16115	;# 
  9664   003EF4                     ADACQH          equ	16116	;# 
  9665   003EF5                     ADCAP           equ	16117	;# 
  9666   003EF6                     ADPRE           equ	16118	;# 
  9667   003EF6                     ADPREL          equ	16118	;# 
  9668   003EF7                     ADPREH          equ	16119	;# 
  9669   003EF8                     ADCON0          equ	16120	;# 
  9670   003EF9                     ADCON1          equ	16121	;# 
  9671   003EFA                     ADCON2          equ	16122	;# 
  9672   003EFB                     ADCON3          equ	16123	;# 
  9673   003EFC                     ADSTAT          equ	16124	;# 
  9674   003EFD                     ADREF           equ	16125	;# 
  9675   003EFE                     ADACT           equ	16126	;# 
  9676   003EFF                     ADCLK           equ	16127	;# 
  9677   003F12                     SMT1TMR         equ	16146	;# 
  9678   003F12                     SMT1TMRL        equ	16146	;# 
  9679   003F13                     SMT1TMRH        equ	16147	;# 
  9680   003F14                     SMT1TMRU        equ	16148	;# 
  9681   003F15                     SMT1CPR         equ	16149	;# 
  9682   003F15                     SMT1CPRL        equ	16149	;# 
  9683   003F16                     SMT1CPRH        equ	16150	;# 
  9684   003F17                     SMT1CPRU        equ	16151	;# 
  9685   003F18                     SMT1CPW         equ	16152	;# 
  9686   003F18                     SMT1CPWL        equ	16152	;# 
  9687   003F19                     SMT1CPWH        equ	16153	;# 
  9688   003F1A                     SMT1CPWU        equ	16154	;# 
  9689   003F1B                     SMT1PR          equ	16155	;# 
  9690   003F1B                     SMT1PRL         equ	16155	;# 
  9691   003F1C                     SMT1PRH         equ	16156	;# 
  9692   003F1D                     SMT1PRU         equ	16157	;# 
  9693   003F1E                     SMT1CON0        equ	16158	;# 
  9694   003F1F                     SMT1CON1        equ	16159	;# 
  9695   003F20                     SMT1STAT        equ	16160	;# 
  9696   003F21                     SMT1CLK         equ	16161	;# 
  9697   003F22                     SMT1SIG         equ	16162	;# 
  9698   003F23                     SMT1WIN         equ	16163	;# 
  9699   003F38                     NCO1ACC         equ	16184	;# 
  9700   003F38                     NCO1ACCL        equ	16184	;# 
  9701   003F39                     NCO1ACCH        equ	16185	;# 
  9702   003F3A                     NCO1ACCU        equ	16186	;# 
  9703   003F3B                     NCO1INC         equ	16187	;# 
  9704   003F3B                     NCO1INCL        equ	16187	;# 
  9705   003F3C                     NCO1INCH        equ	16188	;# 
  9706   003F3D                     NCO1INCU        equ	16189	;# 
  9707   003F3E                     NCO1CON         equ	16190	;# 
  9708   003F3F                     NCO1CLK         equ	16191	;# 
  9709   003F40                     CWG3CLK         equ	16192	;# 
  9710   003F40                     CWG3CLKCON      equ	16192	;# 
  9711   003F41                     CWG3ISM         equ	16193	;# 
  9712   003F41                     CWG3DAT         equ	16193	;# 
  9713   003F42                     CWG3DBR         equ	16194	;# 
  9714   003F43                     CWG3DBF         equ	16195	;# 
  9715   003F44                     CWG3CON0        equ	16196	;# 
  9716   003F45                     CWG3CON1        equ	16197	;# 
  9717   003F46                     CWG3AS0         equ	16198	;# 
  9718   003F47                     CWG3AS1         equ	16199	;# 
  9719   003F48                     CWG3STR         equ	16200	;# 
  9720   003F49                     CWG2CLK         equ	16201	;# 
  9721   003F49                     CWG2CLKCON      equ	16201	;# 
  9722   003F4A                     CWG2ISM         equ	16202	;# 
  9723   003F4A                     CWG2DAT         equ	16202	;# 
  9724   003F4B                     CWG2DBR         equ	16203	;# 
  9725   003F4C                     CWG2DBF         equ	16204	;# 
  9726   003F4D                     CWG2CON0        equ	16205	;# 
  9727   003F4E                     CWG2CON1        equ	16206	;# 
  9728   003F4F                     CWG2AS0         equ	16207	;# 
  9729   003F50                     CWG2AS1         equ	16208	;# 
  9730   003F51                     CWG2STR         equ	16209	;# 
  9731   003F52                     CWG1CLK         equ	16210	;# 
  9732   003F52                     CWG1CLKCON      equ	16210	;# 
  9733   003F53                     CWG1ISM         equ	16211	;# 
  9734   003F53                     CWG1DAT         equ	16211	;# 
  9735   003F54                     CWG1DBR         equ	16212	;# 
  9736   003F55                     CWG1DBF         equ	16213	;# 
  9737   003F56                     CWG1CON0        equ	16214	;# 
  9738   003F57                     CWG1CON1        equ	16215	;# 
  9739   003F58                     CWG1AS0         equ	16216	;# 
  9740   003F59                     CWG1AS1         equ	16217	;# 
  9741   003F5A                     CWG1STR         equ	16218	;# 
  9742   003F5E                     CCPTMRS0        equ	16222	;# 
  9743   003F5F                     CCPTMRS1        equ	16223	;# 
  9744   003F60                     PWM8DC          equ	16224	;# 
  9745   003F60                     PWM8DCL         equ	16224	;# 
  9746   003F61                     PWM8DCH         equ	16225	;# 
  9747   003F62                     PWM8CON         equ	16226	;# 
  9748   003F64                     PWM7DC          equ	16228	;# 
  9749   003F64                     PWM7DCL         equ	16228	;# 
  9750   003F65                     PWM7DCH         equ	16229	;# 
  9751   003F66                     PWM7CON         equ	16230	;# 
  9752   003F68                     PWM6DC          equ	16232	;# 
  9753   003F68                     PWM6DCL         equ	16232	;# 
  9754   003F69                     PWM6DCH         equ	16233	;# 
  9755   003F6A                     PWM6CON         equ	16234	;# 
  9756   003F6C                     PWM5DC          equ	16236	;# 
  9757   003F6C                     PWM5DCL         equ	16236	;# 
  9758   003F6D                     PWM5DCH         equ	16237	;# 
  9759   003F6E                     PWM5CON         equ	16238	;# 
  9760   003F70                     CCPR4           equ	16240	;# 
  9761   003F70                     CCPR4L          equ	16240	;# 
  9762   003F71                     CCPR4H          equ	16241	;# 
  9763   003F72                     CCP4CON         equ	16242	;# 
  9764   003F73                     CCP4CAP         equ	16243	;# 
  9765   003F74                     CCPR3           equ	16244	;# 
  9766   003F74                     CCPR3L          equ	16244	;# 
  9767   003F75                     CCPR3H          equ	16245	;# 
  9768   003F76                     CCP3CON         equ	16246	;# 
  9769   003F77                     CCP3CAP         equ	16247	;# 
  9770   003F78                     CCPR2           equ	16248	;# 
  9771   003F78                     CCPR2L          equ	16248	;# 
  9772   003F79                     CCPR2H          equ	16249	;# 
  9773   003F7A                     CCP2CON         equ	16250	;# 
  9774   003F7B                     CCP2CAP         equ	16251	;# 
  9775   003F7C                     CCPR1           equ	16252	;# 
  9776   003F7C                     CCPR1L          equ	16252	;# 
  9777   003F7D                     CCPR1H          equ	16253	;# 
  9778   003F7E                     CCP1CON         equ	16254	;# 
  9779   003F7F                     CCP1CAP         equ	16255	;# 
  9780   003F92                     T6TMR           equ	16274	;# 
  9781   003F92                     TMR6            equ	16274	;# 
  9782   003F93                     T6PR            equ	16275	;# 
  9783   003F93                     PR6             equ	16275	;# 
  9784   003F94                     T6CON           equ	16276	;# 
  9785   003F95                     T6HLT           equ	16277	;# 
  9786   003F96                     T6CLKCON        equ	16278	;# 
  9787   003F96                     T6CLK           equ	16278	;# 
  9788   003F97                     T6RST           equ	16279	;# 
  9789   003F98                     TMR5            equ	16280	;# 
  9790   003F98                     TMR5L           equ	16280	;# 
  9791   003F99                     TMR5H           equ	16281	;# 
  9792   003F9A                     T5CON           equ	16282	;# 
  9793   003F9A                     TMR5CON         equ	16282	;# 
  9794   003F9B                     T5GCON          equ	16283	;# 
  9795   003F9B                     TMR5GCON        equ	16283	;# 
  9796   003F9C                     T5GATE          equ	16284	;# 
  9797   003F9C                     TMR5GATE        equ	16284	;# 
  9798   003F9D                     T5CLK           equ	16285	;# 
  9799   003F9D                     TMR5CLK         equ	16285	;# 
  9800   003F9D                     PR5             equ	16285	;# 
  9801   003F9E                     T4TMR           equ	16286	;# 
  9802   003F9E                     TMR4            equ	16286	;# 
  9803   003F9F                     T4PR            equ	16287	;# 
  9804   003F9F                     PR4             equ	16287	;# 
  9805   003FA0                     T4CON           equ	16288	;# 
  9806   003FA1                     T4HLT           equ	16289	;# 
  9807   003FA2                     T4CLKCON        equ	16290	;# 
  9808   003FA2                     T4CLK           equ	16290	;# 
  9809   003FA3                     T4RST           equ	16291	;# 
  9810   003FA4                     TMR3            equ	16292	;# 
  9811   003FA4                     TMR3L           equ	16292	;# 
  9812   003FA5                     TMR3H           equ	16293	;# 
  9813   003FA6                     T3CON           equ	16294	;# 
  9814   003FA6                     TMR3CON         equ	16294	;# 
  9815   003FA7                     T3GCON          equ	16295	;# 
  9816   003FA7                     TMR3GCON        equ	16295	;# 
  9817   003FA8                     T3GATE          equ	16296	;# 
  9818   003FA8                     TMR3GATE        equ	16296	;# 
  9819   003FA9                     T3CLK           equ	16297	;# 
  9820   003FA9                     TMR3CLK         equ	16297	;# 
  9821   003FA9                     PR3             equ	16297	;# 
  9822   003FAA                     T2TMR           equ	16298	;# 
  9823   003FAA                     TMR2            equ	16298	;# 
  9824   003FAB                     T2PR            equ	16299	;# 
  9825   003FAB                     PR2             equ	16299	;# 
  9826   003FAC                     T2CON           equ	16300	;# 
  9827   003FAD                     T2HLT           equ	16301	;# 
  9828   003FAE                     T2CLKCON        equ	16302	;# 
  9829   003FAE                     T2CLK           equ	16302	;# 
  9830   003FAF                     T2RST           equ	16303	;# 
  9831   003FB0                     TMR1            equ	16304	;# 
  9832   003FB0                     TMR1L           equ	16304	;# 
  9833   003FB1                     TMR1H           equ	16305	;# 
  9834   003FB2                     T1CON           equ	16306	;# 
  9835   003FB2                     TMR1CON         equ	16306	;# 
  9836   003FB3                     T1GCON          equ	16307	;# 
  9837   003FB3                     TMR1GCON        equ	16307	;# 
  9838   003FB4                     T1GATE          equ	16308	;# 
  9839   003FB4                     TMR1GATE        equ	16308	;# 
  9840   003FB5                     T1CLK           equ	16309	;# 
  9841   003FB5                     TMR1CLK         equ	16309	;# 
  9842   003FB5                     PR1             equ	16309	;# 
  9843   003FB6                     TMR0L           equ	16310	;# 
  9844   003FB6                     TMR0            equ	16310	;# 
  9845   003FB7                     TMR0H           equ	16311	;# 
  9846   003FB7                     PR0             equ	16311	;# 
  9847   003FB8                     T0CON0          equ	16312	;# 
  9848   003FB9                     T0CON1          equ	16313	;# 
  9849   003FBA                     LATA            equ	16314	;# 
  9850   003FBB                     LATB            equ	16315	;# 
  9851   003FBC                     LATC            equ	16316	;# 
  9852   003FBD                     LATD            equ	16317	;# 
  9853   003FBE                     LATE            equ	16318	;# 
  9854   003FC2                     TRISA           equ	16322	;# 
  9855   003FC3                     TRISB           equ	16323	;# 
  9856   003FC4                     TRISC           equ	16324	;# 
  9857   003FC5                     TRISD           equ	16325	;# 
  9858   003FC6                     TRISE           equ	16326	;# 
  9859   003FCA                     PORTA           equ	16330	;# 
  9860   003FCB                     PORTB           equ	16331	;# 
  9861   003FCC                     PORTC           equ	16332	;# 
  9862   003FCD                     PORTD           equ	16333	;# 
  9863   003FCE                     PORTE           equ	16334	;# 
  9864   003FD2                     INTCON0         equ	16338	;# 
  9865   003FD3                     INTCON1         equ	16339	;# 
  9866   003FD4                     IVTLOCK         equ	16340	;# 
  9867   003FD5                     IVTBASE         equ	16341	;# 
  9868   003FD5                     IVTBASEL        equ	16341	;# 
  9869   003FD6                     IVTBASEH        equ	16342	;# 
  9870   003FD7                     IVTBASEU        equ	16343	;# 
  9871   003FD8                     STATUS          equ	16344	;# 
  9872   003FD9                     FSR2            equ	16345	;# 
  9873   003FD9                     FSR2L           equ	16345	;# 
  9874   003FDA                     FSR2H           equ	16346	;# 
  9875   003FDB                     PLUSW2          equ	16347	;# 
  9876   003FDC                     PREINC2         equ	16348	;# 
  9877   003FDD                     POSTDEC2        equ	16349	;# 
  9878   003FDE                     POSTINC2        equ	16350	;# 
  9879   003FDF                     INDF2           equ	16351	;# 
  9880   003FE0                     BSR             equ	16352	;# 
  9881   003FE1                     FSR1            equ	16353	;# 
  9882   003FE1                     FSR1L           equ	16353	;# 
  9883   003FE2                     FSR1H           equ	16354	;# 
  9884   003FE3                     PLUSW1          equ	16355	;# 
  9885   003FE4                     PREINC1         equ	16356	;# 
  9886   003FE5                     POSTDEC1        equ	16357	;# 
  9887   003FE6                     POSTINC1        equ	16358	;# 
  9888   003FE7                     INDF1           equ	16359	;# 
  9889   003FE8                     WREG            equ	16360	;# 
  9890   003FE9                     FSR0            equ	16361	;# 
  9891   003FE9                     FSR0L           equ	16361	;# 
  9892   003FEA                     FSR0H           equ	16362	;# 
  9893   003FEB                     PLUSW0          equ	16363	;# 
  9894   003FEC                     PREINC0         equ	16364	;# 
  9895   003FED                     POSTDEC0        equ	16365	;# 
  9896   003FEE                     POSTINC0        equ	16366	;# 
  9897   003FEF                     INDF0           equ	16367	;# 
  9898   003FF0                     PCON0           equ	16368	;# 
  9899   003FF1                     PCON1           equ	16369	;# 
  9900   003FF3                     PROD            equ	16371	;# 
  9901   003FF3                     PRODL           equ	16371	;# 
  9902   003FF4                     PRODH           equ	16372	;# 
  9903   003FF5                     TABLAT          equ	16373	;# 
  9904   003FF6                     TBLPTR          equ	16374	;# 
  9905   003FF6                     TBLPTRL         equ	16374	;# 
  9906   003FF7                     TBLPTRH         equ	16375	;# 
  9907   003FF8                     TBLPTRU         equ	16376	;# 
  9908   003FF9                     PCLAT           equ	16377	;# 
  9909   003FF9                     PCL             equ	16377	;# 
  9910   003FFA                     PCLATH          equ	16378	;# 
  9911   003FFB                     PCLATU          equ	16379	;# 
  9912   003FFC                     STKPTR          equ	16380	;# 
  9913   003FFD                     TOS             equ	16381	;# 
  9914   003FFD                     TOSL            equ	16381	;# 
  9915   003FFE                     TOSH            equ	16382	;# 
  9916   003FFF                     TOSU            equ	16383	;# 
  9917                           
  9918 ;; Function _TMR6_DefaultInterruptHandler is unused but had its address taken
  9919   000000                     _TMR6_DefaultInterruptHandler equ	0
  9920                           
  9921 ;; Function _UART1_is_rx_ready is unused but had its address taken
  9922   000000                     _UART1_is_rx_ready equ	0
  9923                           
  9924 ;; Function _UART1_is_tx_ready is unused but had its address taken
  9925   000000                     _UART1_is_tx_ready equ	0
  9926                           
  9927 ;; Function _UART1_is_tx_done is unused but had its address taken
  9928   000000                     _UART1_is_tx_done equ	0
  9929                           
  9930 ;; Function _UART1_Read is unused but had its address taken
  9931   000000                     _UART1_Read     equ	0
  9932                           
  9933 ;; Function _UART1_Write is unused but had its address taken
  9934   000000                     _UART1_Write    equ	0
  9935                           
  9936 ;; Function _putch is unused but had its address taken
  9937   000000                     _putch          equ	0
  9938                           
  9939                           	psect	idataCOMRAM
  9940   001644                     __pidataCOMRAM:
  9941                           	callstack 0
  9942                           
  9943                           ;initializer for _string
  9944   001644  53                 	db	low STR_1
  9945                           
  9946                           ;initializer for _AN4
  9947   001645  04                 	db	4
  9948                           
  9949                           ;initializer for _AN2
  9950   001646  02                 	db	2
  9951                           
  9952                           	psect	smallconst
  9953   001000                     __psmallconst:
  9954                           	callstack 0
  9955   001000  00                 	db	0
  9956   001001                     _uart:
  9957                           	callstack 0
  9958   001001  00                 	db	0
  9959   001002  00                 	db	0
  9960   001003  00                 	db	0
  9961   001004  00                 	db	0
  9962   001005  00                 	db	0
  9963   001006  00                 	db	0
  9964   001007  00                 	db	0
  9965   001008  00                 	db	0
  9966   001009  F0                 	db	low _UART1_SetTxInterruptHandler
  9967   00100A  15                 	db	high _UART1_SetTxInterruptHandler
  9968   00100B  72                 	db	low _UART1_Receive_ISR
  9969   00100C  10                 	db	high _UART1_Receive_ISR
  9970   00100D  FA                 	db	low _UART1_SetRxInterruptHandler
  9971   00100E  15                 	db	high _UART1_SetRxInterruptHandler
  9972   00100F  00                 	db	0
  9973   001010  00                 	db	0
  9974   001011  3A                 	db	low _UART1_Transmit_ISR
  9975   001012  14                 	db	high _UART1_Transmit_ISR
  9976   001013  1A                 	db	low _UART1_Initialize
  9977   001014  11                 	db	high _UART1_Initialize
  9978   001015                     __end_of_uart:
  9979                           	callstack 0
  9980   001015  52                 	db	82	;'R'
  9981   001016  65                 	db	101	;'e'
  9982   001017  63                 	db	99	;'c'
  9983   001018  65                 	db	101	;'e'
  9984   001019  69                 	db	105	;'i'
  9985   00101A  76                 	db	118	;'v'
  9986   00101B  65                 	db	101	;'e'
  9987   00101C  20                 	db	32
  9988   00101D  74                 	db	116	;'t'
  9989   00101E  65                 	db	101	;'e'
  9990   00101F  73                 	db	115	;'s'
  9991   001020  74                 	db	116	;'t'
  9992   001021  3A                 	db	58	;':'
  9993   001022  20                 	db	32
  9994   001023  54                 	db	84	;'T'
  9995   001024  79                 	db	121	;'y'
  9996   001025  70                 	db	112	;'p'
  9997   001026  65                 	db	101	;'e'
  9998   001027  20                 	db	32
  9999   001028  61                 	db	97	;'a'
 10000   001029  20                 	db	32
 10001   00102A  6D                 	db	109	;'m'
 10002   00102B  65                 	db	101	;'e'
 10003   00102C  73                 	db	115	;'s'
 10004   00102D  73                 	db	115	;'s'
 10005   00102E  61                 	db	97	;'a'
 10006   00102F  67                 	db	103	;'g'
 10007   001030  65                 	db	101	;'e'
 10008   001031  20                 	db	32
 10009   001032  74                 	db	116	;'t'
 10010   001033  68                 	db	104	;'h'
 10011   001034  65                 	db	101	;'e'
 10012   001035  6E                 	db	110	;'n'
 10013   001036  20                 	db	32
 10014   001037  70                 	db	112	;'p'
 10015   001038  72                 	db	114	;'r'
 10016   001039  65                 	db	101	;'e'
 10017   00103A  73                 	db	115	;'s'
 10018   00103B  73                 	db	115	;'s'
 10019   00103C  20                 	db	32
 10020   00103D  65                 	db	101	;'e'
 10021   00103E  6E                 	db	110	;'n'
 10022   00103F  74                 	db	116	;'t'
 10023   001040  65                 	db	101	;'e'
 10024   001041  72                 	db	114	;'r'
 10025   001042  20                 	db	32
 10026   001043  28                 	db	40
 10027   001044  6D                 	db	109	;'m'
 10028   001045  61                 	db	97	;'a'
 10029   001046  78                 	db	120	;'x'
 10030   001047  20                 	db	32
 10031   001048  31                 	db	49	;'1'
 10032   001049  36                 	db	54	;'6'
 10033   00104A  20                 	db	32
 10034   00104B  63                 	db	99	;'c'
 10035   00104C  68                 	db	104	;'h'
 10036   00104D  61                 	db	97	;'a'
 10037   00104E  72                 	db	114	;'r'
 10038   00104F  73                 	db	115	;'s'
 10039   001050  29                 	db	41
 10040   001051  3A                 	db	58	;':'
 10041   001052  00                 	db	0
 10042   001053                     STR_1:
 10043   001053  54                 	db	84	;'T'
 10044   001054  72                 	db	114	;'r'
 10045   001055  61                 	db	97	;'a'
 10046   001056  6E                 	db	110	;'n'
 10047   001057  73                 	db	115	;'s'
 10048   001058  6D                 	db	109	;'m'
 10049   001059  69                 	db	105	;'i'
 10050   00105A  74                 	db	116	;'t'
 10051   00105B  20                 	db	32
 10052   00105C  74                 	db	116	;'t'
 10053   00105D  65                 	db	101	;'e'
 10054   00105E  73                 	db	115	;'s'
 10055   00105F  74                 	db	116	;'t'
 10056   001060  0A                 	db	10
 10057   001061  00                 	db	0
 10058   001062  59                 	db	89	;'Y'
 10059   001063  6F                 	db	111	;'o'
 10060   001064  75                 	db	117	;'u'
 10061   001065  20                 	db	32
 10062   001066  74                 	db	116	;'t'
 10063   001067  79                 	db	121	;'y'
 10064   001068  70                 	db	112	;'p'
 10065   001069  65                 	db	101	;'e'
 10066   00106A  64                 	db	100	;'d'
 10067   00106B  3A                 	db	58	;':'
 10068   00106C  20                 	db	32
 10069   00106D  00                 	db	0
 10070   00106E  25                 	db	37
 10071   00106F  63                 	db	99	;'c'
 10072   001070  00                 	db	0
 10073   001071  00                 	db	0	; dummy byte at the end
 10074   000003                     __activetblptr  equ	3
 10075                           
 10076                           	psect	nvCOMRAM
 10077   000049                     __pnvCOMRAM:
 10078                           	callstack 0
 10079   000049                     _UART1_ErrorHandler:
 10080                           	callstack 0
 10081   000049                     	ds	2
 10082   00004B                     _UART1_OverrunErrorHandler:
 10083                           	callstack 0
 10084   00004B                     	ds	2
 10085   00004D                     _UART1_FramingErrorHandler:
 10086                           	callstack 0
 10087   00004D                     	ds	2
 10088   00004F                     _UART1_TxInterruptHandler:
 10089                           	callstack 0
 10090   00004F                     	ds	2
 10091   000051                     _UART1_RxInterruptHandler:
 10092                           	callstack 0
 10093   000051                     	ds	2
 10094   000053                     _TMR1_InterruptHandler:
 10095                           	callstack 0
 10096   000053                     	ds	2
 10097                           
 10098                           	psect	nvBANK0
 10099   000068                     __pnvBANK0:
 10100                           	callstack 0
 10101   000068                     _TMR6_InterruptHandler:
 10102                           	callstack 0
 10103   000068                     	ds	2
 10104   003993                     _PIE3bits       set	14739
 10105   0039C7                     _PMD7           set	14791
 10106   0039C6                     _PMD6           set	14790
 10107   0039C5                     _PMD5           set	14789
 10108   0039C4                     _PMD4           set	14788
 10109   0039C3                     _PMD3           set	14787
 10110   0039C2                     _PMD2           set	14786
 10111   0039C1                     _PMD1           set	14785
 10112   0039C0                     _PMD0           set	14784
 10113   0039DE                     _OSCTUNE        set	14814
 10114   0039DF                     _OSCFRQ         set	14815
 10115   0039DD                     _OSCEN          set	14813
 10116   0039DB                     _OSCCON3        set	14811
 10117   0039D9                     _OSCCON1        set	14809
 10118   003999                     _PIE9bits       set	14745
 10119   0039A9                     _PIR9bits       set	14761
 10120   003984                     _IPR4bits       set	14724
 10121   003989                     _IPR9bits       set	14729
 10122   003983                     _IPR3bits       set	14723
 10123   003994                     _PIE4bits       set	14740
 10124   0039A4                     _PIR4bits       set	14756
 10125   003AE5                     _U1RXPPS        set	15077
 10126   003A06                     _RA6PPS         set	14854
 10127   003AC4                     _T1CKIPPS       set	15044
 10128   003A84                     _INLVLE         set	14980
 10129   003A74                     _INLVLD         set	14964
 10130   003A64                     _INLVLC         set	14948
 10131   003A54                     _INLVLB         set	14932
 10132   003A44                     _INLVLA         set	14916
 10133   003A83                     _SLRCONE        set	14979
 10134   003A73                     _SLRCOND        set	14963
 10135   003A63                     _SLRCONC        set	14947
 10136   003A53                     _SLRCONB        set	14931
 10137   003A43                     _SLRCONA        set	14915
 10138   003A72                     _ODCOND         set	14962
 10139   003A62                     _ODCONC         set	14946
 10140   003A52                     _ODCONB         set	14930
 10141   003A42                     _ODCONA         set	14914
 10142   003A82                     _ODCONE         set	14978
 10143   003A7B                     _RD1I2C         set	14971
 10144   003A7A                     _RD0I2C         set	14970
 10145   003A6B                     _RC4I2C         set	14955
 10146   003A6A                     _RC3I2C         set	14954
 10147   003A5B                     _RB2I2C         set	14939
 10148   003A5A                     _RB1I2C         set	14938
 10149   003A61                     _WPUC           set	14945
 10150   003A41                     _WPUA           set	14913
 10151   003A51                     _WPUB           set	14929
 10152   003A81                     _WPUE           set	14977
 10153   003A71                     _WPUD           set	14961
 10154   003A40                     _ANSELA         set	14912
 10155   003A80                     _ANSELE         set	14976
 10156   003A50                     _ANSELB         set	14928
 10157   003A60                     _ANSELC         set	14944
 10158   003A70                     _ANSELD         set	14960
 10159   003DE8                     _U1RXB          set	15848
 10160   003DEA                     _U1TXB          set	15850
 10161   003DF9                     _U1ERRIRbits    set	15865
 10162   003DFA                     _U1ERRIE        set	15866
 10163   003DF9                     _U1ERRIR        set	15865
 10164   003DF8                     _U1UIR          set	15864
 10165   003DF7                     _U1FIFO         set	15863
 10166   003DF6                     _U1BRGH         set	15862
 10167   003DF5                     _U1BRGL         set	15861
 10168   003DF4                     _U1CON2         set	15860
 10169   003DF3                     _U1CON1         set	15859
 10170   003DF2                     _U1CON0         set	15858
 10171   003DF1                     _U1P3H          set	15857
 10172   003DF0                     _U1P3L          set	15856
 10173   003DEF                     _U1P2H          set	15855
 10174   003DEE                     _U1P2L          set	15854
 10175   003DED                     _U1P1H          set	15853
 10176   003DEC                     _U1P1L          set	15852
 10177   003EC1                     _FVRCONbits     set	16065
 10178   003EC1                     _FVRCON         set	16065
 10179   003EF9                     _ADCON1bits     set	16121
 10180   003EE2                     _ADERRL         set	16098
 10181   003EE3                     _ADERRH         set	16099
 10182   003EED                     _ADPREVL        set	16109
 10183   003EEE                     _ADPREVH        set	16110
 10184   003EE6                     _ADFLTRL        set	16102
 10185   003EE7                     _ADFLTRH        set	16103
 10186   003EFC                     _ADSTATbits     set	16124
 10187   003EE8                     _ADACCL         set	16104
 10188   003EE9                     _ADACCH         set	16105
 10189   003EFA                     _ADCON2bits     set	16122
 10190   003EEB                     _ADCNT          set	16107
 10191   003EFB                     _ADCON3bits     set	16123
 10192   003EEF                     _ADRESL         set	16111
 10193   003EF0                     _ADRESH         set	16112
 10194   003EF8                     _ADCON0bits     set	16120
 10195   003EF8                     _ADCON0         set	16120
 10196   003EFF                     _ADCLK          set	16127
 10197   003EFE                     _ADACT          set	16126
 10198   003EFD                     _ADREF          set	16125
 10199   003EFC                     _ADSTAT         set	16124
 10200   003EFB                     _ADCON3         set	16123
 10201   003EFA                     _ADCON2         set	16122
 10202   003EF9                     _ADCON1         set	16121
 10203   003EF7                     _ADPREH         set	16119
 10204   003EF6                     _ADPREL         set	16118
 10205   003EF5                     _ADCAP          set	16117
 10206   003EF4                     _ADACQH         set	16116
 10207   003EF3                     _ADACQL         set	16115
 10208   003EF1                     _ADPCH          set	16113
 10209   003EEC                     _ADRPT          set	16108
 10210   003EEA                     _ADACCU         set	16106
 10211   003EE5                     _ADSTPTH        set	16101
 10212   003EE4                     _ADSTPTL        set	16100
 10213   003EE1                     _ADUTHH         set	16097
 10214   003EE0                     _ADUTHL         set	16096
 10215   003EDF                     _ADLTHH         set	16095
 10216   003EDE                     _ADLTHL         set	16094
 10217   003F5F                     _CCPTMRS1bits   set	16223
 10218   003FAB                     _PR2            set	16299
 10219   003FAA                     _TMR2           set	16298
 10220   003FAC                     _T2CONbits      set	16300
 10221   003FAF                     _T2RSTbits      set	16303
 10222   003FAD                     _T2HLTbits      set	16301
 10223   003FAC                     _T2CON          set	16300
 10224   003FAA                     _T2TMR          set	16298
 10225   003FAB                     _T2PR           set	16299
 10226   003FAF                     _T2RST          set	16303
 10227   003FAD                     _T2HLT          set	16301
 10228   003FAE                     _T2CLKCON       set	16302
 10229   003F93                     _PR6            set	16275
 10230   003F92                     _TMR6           set	16274
 10231   003F94                     _T6CONbits      set	16276
 10232   003F97                     _T6RSTbits      set	16279
 10233   003F95                     _T6HLTbits      set	16277
 10234   003F94                     _T6CON          set	16276
 10235   003F92                     _T6TMR          set	16274
 10236   003F93                     _T6PR           set	16275
 10237   003F97                     _T6RST          set	16279
 10238   003F95                     _T6HLT          set	16277
 10239   003F96                     _T6CLKCON       set	16278
 10240   003FC5                     _TRISD          set	16325
 10241   003FC4                     _TRISC          set	16324
 10242   003FC3                     _TRISB          set	16323
 10243   003FC2                     _TRISA          set	16322
 10244   003FC6                     _TRISE          set	16326
 10245   003FBC                     _LATC           set	16316
 10246   003FBB                     _LATB           set	16315
 10247   003FBA                     _LATA           set	16314
 10248   003FBD                     _LATD           set	16317
 10249   003FBE                     _LATE           set	16318
 10250   003FD5                     _IVTBASEL       set	16341
 10251   003FD6                     _IVTBASEH       set	16342
 10252   003FD7                     _IVTBASEU       set	16343
 10253   003FD4                     _IVTLOCKbits    set	16340
 10254   003FD4                     _IVTLOCK        set	16340
 10255   003FD2                     _INTCON0bits    set	16338
 10256   003FB3                     _T1GCONbits     set	16307
 10257   003FB2                     _T1CONbits      set	16306
 10258   003FB2                     _T1CON          set	16306
 10259   003FB0                     _TMR1L          set	16304
 10260   003FB1                     _TMR1H          set	16305
 10261   003FB5                     _T1CLK          set	16309
 10262   003FB4                     _T1GATE         set	16308
 10263   003FB3                     _T1GCON         set	16307
 10264   003F6C                     _PWM5DCL        set	16236
 10265   003F6D                     _PWM5DCH        set	16237
 10266   003F6E                     _PWM5CON        set	16238
 10267   01FE97                     _GIE            set	130711
 10268                           
 10269                           ; #config settings
 10270                           
 10271                           	psect	cinit
 10272   001378                     __pcinit:
 10273                           	callstack 0
 10274   001378                     start_initialization:
 10275                           	callstack 0
 10276   001378                     __initialization:
 10277                           	callstack 0
 10278                           
 10279                           ; Initialize objects allocated to COMRAM (3 bytes)
 10280                           ; load TBLPTR registers with __pidataCOMRAM
 10281   001378  0E44               	movlw	low __pidataCOMRAM
 10282   00137A  6EF6               	movwf	tblptrl,c
 10283   00137C  0E16               	movlw	high __pidataCOMRAM
 10284   00137E  6EF7               	movwf	tblptrh,c
 10285   001380  0E00               	movlw	low (__pidataCOMRAM shr (0+16))
 10286   001382  6EF8               	movwf	tblptru,c
 10287   001384  0009               	tblrd		*+	;fetch initializer
 10288   001386  006F FFD4  F055    	movff	tablat,__pdataCOMRAM
 10289   00138C  0009               	tblrd		*+	;fetch initializer
 10290   00138E  006F FFD4  F056    	movff	tablat,__pdataCOMRAM+1
 10291   001394  0009               	tblrd		*+	;fetch initializer
 10292   001396  006F FFD4  F057    	movff	tablat,__pdataCOMRAM+2
 10293                           
 10294                           ; Clear objects allocated to COMRAM (59 bytes)
 10295   00139C  EE00  F001         	lfsr	0,__pbssCOMRAM
 10296   0013A0  0E3B               	movlw	59
 10297   0013A2                     clear_0:
 10298   0013A2  6AEE               	clrf	postinc0,c
 10299   0013A4  06E8               	decf	wreg,f,c
 10300   0013A6  E1FD               	bnz	clear_0
 10301                           
 10302                           ;
 10303                           ; Setup IVTBASE
 10304                           ;
 10305   003FD5                     IVTBASEL        equ	16341
 10306   003FD6                     IVTBASEH        equ	16342
 10307   003FD7                     IVTBASEU        equ	16343
 10308   0013A8  0E08               	movlw	(ivt0x8_base shr 0)& (0+255)
 10309   0013AA  6ED5               	movwf	213,c
 10310   0013AC  0E00               	movlw	(ivt0x8_base shr (0+8))& (0+255)
 10311   0013AE  6ED6               	movwf	214,c
 10312   0013B0  0E00               	movlw	(ivt0x8_base shr (0+16))& (0+255)
 10313   0013B2  6ED7               	movwf	215,c
 10314   0013B4                     end_of_initialization:
 10315                           	callstack 0
 10316   0013B4                     __end_of__initialization:
 10317                           	callstack 0
 10318   0013B4  0100               	movlb	0
 10319   0013B6  EFF1  F00A         	goto	_main	;jump to C main() function
 10320                           
 10321                           	psect	bssCOMRAM
 10322   000001                     __pbssCOMRAM:
 10323                           	callstack 0
 10324   000001                     _uart1RxStatusBuffer:
 10325                           	callstack 0
 10326   000001                     	ds	8
 10327   000009                     _uart1RxBuffer:
 10328                           	callstack 0
 10329   000009                     	ds	8
 10330   000011                     _uart1TxBuffer:
 10331                           	callstack 0
 10332   000011                     	ds	8
 10333   000019                     TMR6_ISR@AN4_b:
 10334                           	callstack 0
 10335   000019                     	ds	2
 10336   00001B                     TMR6_ISR@AN2_b:
 10337                           	callstack 0
 10338   00001B                     	ds	2
 10339   00001D                     _valor_AN4:
 10340                           	callstack 0
 10341   00001D                     	ds	2
 10342   00001F                     _valor_AN2:
 10343                           	callstack 0
 10344   00001F                     	ds	2
 10345   000021                     _timer1ReloadVal:
 10346                           	callstack 0
 10347   000021                     	ds	2
 10348   000023                     _uart1RxLastError:
 10349                           	callstack 0
 10350   000023                     	ds	1
 10351   000024                     _uart1RxCount:
 10352                           	callstack 0
 10353   000024                     	ds	1
 10354   000025                     _uart1RxTail:
 10355                           	callstack 0
 10356   000025                     	ds	1
 10357   000026                     _uart1RxHead:
 10358                           	callstack 0
 10359   000026                     	ds	1
 10360   000027                     _uart1TxBufferRemaining:
 10361                           	callstack 0
 10362   000027                     	ds	1
 10363   000028                     _uart1TxTail:
 10364                           	callstack 0
 10365   000028                     	ds	1
 10366   000029                     _uart1TxHead:
 10367                           	callstack 0
 10368   000029                     	ds	1
 10369   00002A                     _adc_ready:
 10370                           	callstack 0
 10371   00002A                     	ds	1
 10372   00002B                     _Analog_ref:
 10373                           	callstack 0
 10374   00002B                     	ds	1
 10375   00002C                     _rx:
 10376                           	callstack 0
 10377   00002C                     	ds	16
 10378                           
 10379                           	psect	dataCOMRAM
 10380   000055                     __pdataCOMRAM:
 10381                           	callstack 0
 10382   000055                     _string:
 10383                           	callstack 0
 10384   000055                     	ds	1
 10385   000056                     _AN4:
 10386                           	callstack 0
 10387   000056                     	ds	1
 10388   000057                     _AN2:
 10389                           	callstack 0
 10390   000057                     	ds	1
 10391                           
 10392                           	psect	cstackBANK0
 10393   000060                     __pcstackBANK0:
 10394                           	callstack 0
 10395   000060                     ??_UART1_tx_vect_isr:
 10396                           
 10397                           ; 1 bytes @ 0x0
 10398   000060                     	ds	2
 10399   000062                     ??_UART1_rx_vect_isr:
 10400                           
 10401                           ; 1 bytes @ 0x2
 10402   000062                     	ds	2
 10403   000064                     INTERRUPT_Initialize@state:
 10404                           	callstack 0
 10405   000064                     TMR1_SetInterruptHandler@InterruptHandler:
 10406                           	callstack 0
 10407   000064                     TMR6_SetInterruptHandler@InterruptHandler:
 10408                           	callstack 0
 10409   000064                     UART1_SetFramingErrorHandler@interruptHandler:
 10410                           	callstack 0
 10411   000064                     UART1_SetOverrunErrorHandler@interruptHandler:
 10412                           	callstack 0
 10413   000064                     UART1_SetErrorHandler@interruptHandler:
 10414                           	callstack 0
 10415   000064                     UART1_SetRxInterruptHandler@InterruptHandler:
 10416                           	callstack 0
 10417   000064                     UART1_SetTxInterruptHandler@InterruptHandler:
 10418                           	callstack 0
 10419   000064                     
 10420                           ; 1 bytes @ 0x4
 10421   000064                     	ds	2
 10422   000066                     ??_TMR1_Initialize:
 10423   000066                     
 10424                           ; 1 bytes @ 0x6
 10425   000066                     	ds	2
 10426   000068                     
 10427                           ; 1 bytes @ 0x8
 10428                           
 10429                           	psect	cstackCOMRAM
 10430   00003C                     __pcstackCOMRAM:
 10431                           	callstack 0
 10432   00003C                     TMR1_WriteTimer@timerVal:
 10433                           	callstack 0
 10434   00003C                     
 10435                           ; 1 bytes @ 0x0
 10436   00003C                     	ds	2
 10437   00003E                     ??_TMR1_ISR:
 10438                           
 10439                           ; 1 bytes @ 0x2
 10440   00003E                     	ds	2
 10441   000040                     ?_ADCC_GetSingleConversion:
 10442                           	callstack 0
 10443   000040                     
 10444                           ; 1 bytes @ 0x4
 10445   000040                     	ds	2
 10446   000042                     ??_ADCC_GetSingleConversion:
 10447                           
 10448                           ; 1 bytes @ 0x6
 10449   000042                     	ds	2
 10450   000044                     ADCC_GetSingleConversion@channel:
 10451                           	callstack 0
 10452                           
 10453                           ; 1 bytes @ 0x8
 10454   000044                     	ds	1
 10455   000045                     ??_TMR6_ISR:
 10456                           
 10457                           ; 1 bytes @ 0x9
 10458   000045                     	ds	4
 10459                           
 10460 ;;
 10461 ;;Main: autosize = 0, tempsize = 0, incstack = 0, save=0
 10462 ;;
 10463 ;; *************** function _main *****************
 10464 ;; Defined at:
 10465 ;;		line 55 in file "main.c"
 10466 ;; Parameters:    Size  Location     Type
 10467 ;;		None
 10468 ;; Auto vars:     Size  Location     Type
 10469 ;;		None
 10470 ;; Return value:  Size  Location     Type
 10471 ;;                  1    wreg      void 
 10472 ;; Registers used:
 10473 ;;		wreg, status,2, status,0, cstack
 10474 ;; Tracked objects:
 10475 ;;		On entry : 0/0
 10476 ;;		On exit  : 0/0
 10477 ;;		Unchanged: 0/0
 10478 ;; Data sizes:     COMRAM   BANK0   BANK1   BANK2   BANK3   BANK4   BANK5   BANK6   BANK7   BANK8   BANK9  BANK10  BANK1
      +1  BANK12  BANK13  BANK14  BANK15
 10479 ;;      Params:         0       0       0       0       0       0       0       0       0       0       0       0       
      +0       0       0       0       0
 10480 ;;      Locals:         0       0       0       0       0       0       0       0       0       0       0       0       
      +0       0       0       0       0
 10481 ;;      Temps:          0       0       0       0       0       0       0       0       0       0       0       0       
      +0       0       0       0       0
 10482 ;;      Totals:         0       0       0       0       0       0       0       0       0       0       0       0       
      +0       0       0       0       0
 10483 ;;Total ram usage:        0 bytes
 10484 ;; Hardware stack levels required when called: 7
 10485 ;; This function calls:
 10486 ;;		_SYSTEM_Initialize
 10487 ;; This function is called by:
 10488 ;;		Startup code after reset
 10489 ;; This function uses a non-reentrant model
 10490 ;;
 10491                           
 10492                           	psect	text0
 10493   0015E2                     __ptext0:
 10494                           	callstack 0
 10495   0015E2                     _main:
 10496                           	callstack 24
 10497   0015E2                     
 10498                           ;main.c: 58:     SYSTEM_Initialize();
 10499   0015E2  EC72  F00A         	call	_SYSTEM_Initialize	;wreg free
 10500   0015E6                     
 10501                           ;main.c: 65:     (INTCON0bits.GIEH = 1);
 10502   0015E6  8ED2               	bsf	210,7,c	;volatile
 10503   0015E8                     l626:
 10504   0015E8  EFF4  F00A         	goto	l626
 10505   0015EC  EF57  F000         	goto	start
 10506   0015F0                     __end_of_main:
 10507                           	callstack 0
 10508                           
 10509 ;; *************** function _SYSTEM_Initialize *****************
 10510 ;; Defined at:
 10511 ;;		line 50 in file "mcc_generated_files/mcc.c"
 10512 ;; Parameters:    Size  Location     Type
 10513 ;;		None
 10514 ;; Auto vars:     Size  Location     Type
 10515 ;;		None
 10516 ;; Return value:  Size  Location     Type
 10517 ;;                  1    wreg      void 
 10518 ;; Registers used:
 10519 ;;		wreg, status,2, status,0, cstack
 10520 ;; Tracked objects:
 10521 ;;		On entry : 0/0
 10522 ;;		On exit  : 0/0
 10523 ;;		Unchanged: 0/0
 10524 ;; Data sizes:     COMRAM   BANK0   BANK1   BANK2   BANK3   BANK4   BANK5   BANK6   BANK7   BANK8   BANK9  BANK10  BANK1
      +1  BANK12  BANK13  BANK14  BANK15
 10525 ;;      Params:         0       0       0       0       0       0       0       0       0       0       0       0       
      +0       0       0       0       0
 10526 ;;      Locals:         0       0       0       0       0       0       0       0       0       0       0       0       
      +0       0       0       0       0
 10527 ;;      Temps:          0       0       0       0       0       0       0       0       0       0       0       0       
      +0       0       0       0       0
 10528 ;;      Totals:         0       0       0       0       0       0       0       0       0       0       0       0       
      +0       0       0       0       0
 10529 ;;Total ram usage:        0 bytes
 10530 ;; Hardware stack levels used: 1
 10531 ;; Hardware stack levels required when called: 6
 10532 ;; This function calls:
 10533 ;;		_ADCC_Initialize
 10534 ;;		_FVR_Initialize
 10535 ;;		_INTERRUPT_Initialize
 10536 ;;		_OSCILLATOR_Initialize
 10537 ;;		_PIN_MANAGER_Initialize
 10538 ;;		_PMD_Initialize
 10539 ;;		_PWM5_Initialize
 10540 ;;		_TMR1_Initialize
 10541 ;;		_TMR2_Initialize
 10542 ;;		_TMR6_Initialize
 10543 ;;		_UART1_Initialize
 10544 ;; This function is called by:
 10545 ;;		_main
 10546 ;; This function uses a non-reentrant model
 10547 ;;
 10548                           
 10549                           	psect	text1
 10550   0014E4                     __ptext1:
 10551                           	callstack 0
 10552   0014E4                     _SYSTEM_Initialize:
 10553                           	callstack 24
 10554   0014E4                     
 10555                           ;mcc_generated_files/mcc.c: 52:     INTERRUPT_Initialize();
 10556   0014E4  ECFD  F009         	call	_INTERRUPT_Initialize	;wreg free
 10557   0014E8                     
 10558                           ;mcc_generated_files/mcc.c: 53:     PMD_Initialize();
 10559   0014E8  ECDE  F00A         	call	_PMD_Initialize	;wreg free
 10560   0014EC                     
 10561                           ;mcc_generated_files/mcc.c: 54:     PIN_MANAGER_Initialize();
 10562   0014EC  EC17  F009         	call	_PIN_MANAGER_Initialize	;wreg free
 10563   0014F0                     
 10564                           ;mcc_generated_files/mcc.c: 55:     OSCILLATOR_Initialize();
 10565   0014F0  ECE8  F00A         	call	_OSCILLATOR_Initialize	;wreg free
 10566   0014F4                     
 10567                           ;mcc_generated_files/mcc.c: 56:     FVR_Initialize();
 10568   0014F4  EC1B  F00B         	call	_FVR_Initialize	;wreg free
 10569   0014F8                     
 10570                           ;mcc_generated_files/mcc.c: 57:     TMR6_Initialize();
 10571   0014F8  EC9F  F00A         	call	_TMR6_Initialize	;wreg free
 10572   0014FC                     
 10573                           ;mcc_generated_files/mcc.c: 58:     ADCC_Initialize();
 10574   0014FC  EC3C  F00A         	call	_ADCC_Initialize	;wreg free
 10575   001500                     
 10576                           ;mcc_generated_files/mcc.c: 59:     PWM5_Initialize();
 10577   001500  ECD2  F00A         	call	_PWM5_Initialize	;wreg free
 10578   001504                     
 10579                           ;mcc_generated_files/mcc.c: 60:     TMR2_Initialize();
 10580   001504  ECC6  F00A         	call	_TMR2_Initialize	;wreg free
 10581   001508                     
 10582                           ;mcc_generated_files/mcc.c: 61:     TMR1_Initialize();
 10583   001508  ECDD  F009         	call	_TMR1_Initialize	;wreg free
 10584   00150C                     
 10585                           ;mcc_generated_files/mcc.c: 62:     UART1_Initialize();
 10586   00150C  EC8D  F008         	call	_UART1_Initialize	;wreg free
 10587   001510  0012               	return		;funcret
 10588   001512                     __end_of_SYSTEM_Initialize:
 10589                           	callstack 0
 10590                           
 10591 ;; *************** function _UART1_Initialize *****************
 10592 ;; Defined at:
 10593 ;;		line 87 in file "mcc_generated_files/uart1.c"
 10594 ;; Parameters:    Size  Location     Type
 10595 ;;		None
 10596 ;; Auto vars:     Size  Location     Type
 10597 ;;		None
 10598 ;; Return value:  Size  Location     Type
 10599 ;;                  1    wreg      void 
 10600 ;; Registers used:
 10601 ;;		wreg, status,2, status,0, cstack
 10602 ;; Tracked objects:
 10603 ;;		On entry : 0/0
 10604 ;;		On exit  : 0/0
 10605 ;;		Unchanged: 0/0
 10606 ;; Data sizes:     COMRAM   BANK0   BANK1   BANK2   BANK3   BANK4   BANK5   BANK6   BANK7   BANK8   BANK9  BANK10  BANK1
      +1  BANK12  BANK13  BANK14  BANK15
 10607 ;;      Params:         0       0       0       0       0       0       0       0       0       0       0       0       
      +0       0       0       0       0
 10608 ;;      Locals:         0       0       0       0       0       0       0       0       0       0       0       0       
      +0       0       0       0       0
 10609 ;;      Temps:          0       0       0       0       0       0       0       0       0       0       0       0       
      +0       0       0       0       0
 10610 ;;      Totals:         0       0       0       0       0       0       0       0       0       0       0       0       
      +0       0       0       0       0
 10611 ;;Total ram usage:        0 bytes
 10612 ;; Hardware stack levels used: 1
 10613 ;; Hardware stack levels required when called: 5
 10614 ;; This function calls:
 10615 ;;		_UART1_SetErrorHandler
 10616 ;;		_UART1_SetFramingErrorHandler
 10617 ;;		_UART1_SetOverrunErrorHandler
 10618 ;;		_UART1_SetRxInterruptHandler
 10619 ;;		_UART1_SetTxInterruptHandler
 10620 ;; This function is called by:
 10621 ;;		_SYSTEM_Initialize
 10622 ;; This function uses a non-reentrant model
 10623 ;;
 10624                           
 10625                           	psect	text2
 10626   00111A                     __ptext2:
 10627                           	callstack 0
 10628   00111A                     _UART1_Initialize:
 10629                           	callstack 24
 10630   00111A                     
 10631                           ;mcc_generated_files/uart1.c: 90:     PIE3bits.U1RXIE = 0;
 10632   00111A  0139               	movlb	57	; () banked
 10633   00111C  9793               	bcf	147,3,b	;volatile
 10634   00111E                     
 10635                           ; BSR set to: 57
 10636                           ;mcc_generated_files/uart1.c: 91:     UART1_SetRxInterruptHandler(UART1_Receive_ISR);
 10637   00111E  0E72               	movlw	low _UART1_Receive_ISR
 10638   001120  0100               	movlb	0	; () banked
 10639   001122  6F64               	movwf	UART1_SetRxInterruptHandler@InterruptHandler& (0+255),b
 10640   001124  0E10               	movlw	high _UART1_Receive_ISR
 10641   001126  6F65               	movwf	(UART1_SetRxInterruptHandler@InterruptHandler+1)& (0+255),b
 10642   001128  ECFD  F00A         	call	_UART1_SetRxInterruptHandler	;wreg free
 10643   00112C                     
 10644                           ;mcc_generated_files/uart1.c: 92:     PIE3bits.U1TXIE = 0;
 10645   00112C  0139               	movlb	57	; () banked
 10646   00112E  9993               	bcf	147,4,b	;volatile
 10647                           
 10648                           ;mcc_generated_files/uart1.c: 93:     UART1_SetTxInterruptHandler(UART1_Transmit_ISR);
 10649   001130  0E3A               	movlw	low _UART1_Transmit_ISR
 10650   001132  0100               	movlb	0	; () banked
 10651   001134  6F64               	movwf	UART1_SetTxInterruptHandler@InterruptHandler& (0+255),b
 10652   001136  0E14               	movlw	high _UART1_Transmit_ISR
 10653   001138  6F65               	movwf	(UART1_SetTxInterruptHandler@InterruptHandler+1)& (0+255),b
 10654   00113A  ECF8  F00A         	call	_UART1_SetTxInterruptHandler	;wreg free
 10655   00113E                     
 10656                           ;mcc_generated_files/uart1.c: 98:     U1P1L = 0x00;
 10657   00113E  013D               	movlb	61	; () banked
 10658   001140  6BEC               	clrf	236,b	;volatile
 10659   001142                     
 10660                           ; BSR set to: 61
 10661                           ;mcc_generated_files/uart1.c: 101:     U1P1H = 0x00;
 10662   001142  6BED               	clrf	237,b	;volatile
 10663   001144                     
 10664                           ; BSR set to: 61
 10665                           ;mcc_generated_files/uart1.c: 104:     U1P2L = 0x00;
 10666   001144  6BEE               	clrf	238,b	;volatile
 10667   001146                     
 10668                           ; BSR set to: 61
 10669                           ;mcc_generated_files/uart1.c: 107:     U1P2H = 0x00;
 10670   001146  6BEF               	clrf	239,b	;volatile
 10671   001148                     
 10672                           ; BSR set to: 61
 10673                           ;mcc_generated_files/uart1.c: 110:     U1P3L = 0x00;
 10674   001148  6BF0               	clrf	240,b	;volatile
 10675   00114A                     
 10676                           ; BSR set to: 61
 10677                           ;mcc_generated_files/uart1.c: 113:     U1P3H = 0x00;
 10678   00114A  6BF1               	clrf	241,b	;volatile
 10679   00114C                     
 10680                           ; BSR set to: 61
 10681                           ;mcc_generated_files/uart1.c: 116:     U1CON0 = 0xB0;
 10682   00114C  0EB0               	movlw	176
 10683   00114E  6FF2               	movwf	242,b	;volatile
 10684   001150                     
 10685                           ; BSR set to: 61
 10686                           ;mcc_generated_files/uart1.c: 119:     U1CON1 = 0x80;
 10687   001150  0E80               	movlw	128
 10688   001152  6FF3               	movwf	243,b	;volatile
 10689   001154                     
 10690                           ; BSR set to: 61
 10691                           ;mcc_generated_files/uart1.c: 122:     U1CON2 = 0x00;
 10692   001154  6BF4               	clrf	244,b	;volatile
 10693   001156                     
 10694                           ; BSR set to: 61
 10695                           ;mcc_generated_files/uart1.c: 125:     U1BRGL = 0x67;
 10696   001156  0E67               	movlw	103
 10697   001158  6FF5               	movwf	245,b	;volatile
 10698   00115A                     
 10699                           ; BSR set to: 61
 10700                           ;mcc_generated_files/uart1.c: 128:     U1BRGH = 0x00;
 10701   00115A  6BF6               	clrf	246,b	;volatile
 10702   00115C                     
 10703                           ; BSR set to: 61
 10704                           ;mcc_generated_files/uart1.c: 131:     U1FIFO = 0x00;
 10705   00115C  6BF7               	clrf	247,b	;volatile
 10706   00115E                     
 10707                           ; BSR set to: 61
 10708                           ;mcc_generated_files/uart1.c: 134:     U1UIR = 0x00;
 10709   00115E  6BF8               	clrf	248,b	;volatile
 10710   001160                     
 10711                           ; BSR set to: 61
 10712                           ;mcc_generated_files/uart1.c: 137:     U1ERRIR = 0x00;
 10713   001160  6BF9               	clrf	249,b	;volatile
 10714   001162                     
 10715                           ; BSR set to: 61
 10716                           ;mcc_generated_files/uart1.c: 140:     U1ERRIE = 0x00;
 10717   001162  6BFA               	clrf	250,b	;volatile
 10718   001164                     
 10719                           ; BSR set to: 61
 10720                           ;mcc_generated_files/uart1.c: 143:     UART1_SetFramingErrorHandler(UART1_DefaultFraming
      +                          ErrorHandler);
 10721   001164  0E50               	movlw	low _UART1_DefaultFramingErrorHandler
 10722   001166  0100               	movlb	0	; () banked
 10723   001168  6F64               	movwf	UART1_SetFramingErrorHandler@interruptHandler& (0+255),b
 10724   00116A  0E16               	movlw	high _UART1_DefaultFramingErrorHandler
 10725   00116C  6F65               	movwf	(UART1_SetFramingErrorHandler@interruptHandler+1)& (0+255),b
 10726   00116E  EC07  F00B         	call	_UART1_SetFramingErrorHandler	;wreg free
 10727   001172                     
 10728                           ;mcc_generated_files/uart1.c: 144:     UART1_SetOverrunErrorHandler(UART1_DefaultOverrun
      +                          ErrorHandler);
 10729   001172  0E4E               	movlw	low _UART1_DefaultOverrunErrorHandler
 10730   001174  0100               	movlb	0	; () banked
 10731   001176  6F64               	movwf	UART1_SetOverrunErrorHandler@interruptHandler& (0+255),b
 10732   001178  0E16               	movlw	high _UART1_DefaultOverrunErrorHandler
 10733   00117A  6F65               	movwf	(UART1_SetOverrunErrorHandler@interruptHandler+1)& (0+255),b
 10734   00117C  EC02  F00B         	call	_UART1_SetOverrunErrorHandler	;wreg free
 10735   001180                     
 10736                           ;mcc_generated_files/uart1.c: 145:     UART1_SetErrorHandler(UART1_DefaultErrorHandler);
 10737   001180  0E3E               	movlw	low _UART1_DefaultErrorHandler
 10738   001182  0100               	movlb	0	; () banked
 10739   001184  6F64               	movwf	UART1_SetErrorHandler@interruptHandler& (0+255),b
 10740   001186  0E16               	movlw	high _UART1_DefaultErrorHandler
 10741   001188  6F65               	movwf	(UART1_SetErrorHandler@interruptHandler+1)& (0+255),b
 10742   00118A  EC0C  F00B         	call	_UART1_SetErrorHandler	;wreg free
 10743   00118E                     
 10744                           ;mcc_generated_files/uart1.c: 147:     uart1RxLastError.status = 0;
 10745   00118E  6A23               	clrf	_uart1RxLastError^0,c	;volatile
 10746   001190                     
 10747                           ;mcc_generated_files/uart1.c: 150:     uart1TxHead = 0;
 10748   001190  6A29               	clrf	_uart1TxHead^0,c	;volatile
 10749   001192                     
 10750                           ;mcc_generated_files/uart1.c: 151:     uart1TxTail = 0;
 10751   001192  6A28               	clrf	_uart1TxTail^0,c	;volatile
 10752                           
 10753                           ;mcc_generated_files/uart1.c: 152:     uart1TxBufferRemaining = sizeof(uart1TxBuffer);
 10754   001194  0E08               	movlw	8
 10755   001196  6E27               	movwf	_uart1TxBufferRemaining^0,c	;volatile
 10756   001198                     
 10757                           ;mcc_generated_files/uart1.c: 153:     uart1RxHead = 0;
 10758   001198  6A26               	clrf	_uart1RxHead^0,c	;volatile
 10759   00119A                     
 10760                           ;mcc_generated_files/uart1.c: 154:     uart1RxTail = 0;
 10761   00119A  6A25               	clrf	_uart1RxTail^0,c	;volatile
 10762   00119C                     
 10763                           ;mcc_generated_files/uart1.c: 155:     uart1RxCount = 0;
 10764   00119C  6A24               	clrf	_uart1RxCount^0,c	;volatile
 10765   00119E                     
 10766                           ;mcc_generated_files/uart1.c: 158:     PIE3bits.U1RXIE = 1;
 10767   00119E  0139               	movlb	57	; () banked
 10768   0011A0  8793               	bsf	147,3,b	;volatile
 10769   0011A2                     
 10770                           ; BSR set to: 57
 10771   0011A2  0012               	return		;funcret
 10772   0011A4                     __end_of_UART1_Initialize:
 10773                           	callstack 0
 10774                           
 10775 ;; *************** function _UART1_SetTxInterruptHandler *****************
 10776 ;; Defined at:
 10777 ;;		line 323 in file "mcc_generated_files/uart1.c"
 10778 ;; Parameters:    Size  Location     Type
 10779 ;;  InterruptHan    2    4[BANK0 ] PTR FTN()void 
 10780 ;;		 -> UART1_Transmit_ISR(1), 
 10781 ;; Auto vars:     Size  Location     Type
 10782 ;;		None
 10783 ;; Return value:  Size  Location     Type
 10784 ;;                  1    wreg      void 
 10785 ;; Registers used:
 10786 ;;		wreg, status,2, status,0
 10787 ;; Tracked objects:
 10788 ;;		On entry : 0/0
 10789 ;;		On exit  : 0/0
 10790 ;;		Unchanged: 0/0
 10791 ;; Data sizes:     COMRAM   BANK0   BANK1   BANK2   BANK3   BANK4   BANK5   BANK6   BANK7   BANK8   BANK9  BANK10  BANK1
      +1  BANK12  BANK13  BANK14  BANK15
 10792 ;;      Params:         0       2       0       0       0       0       0       0       0       0       0       0       
      +0       0       0       0       0
 10793 ;;      Locals:         0       0       0       0       0       0       0       0       0       0       0       0       
      +0       0       0       0       0
 10794 ;;      Temps:          0       0       0       0       0       0       0       0       0       0       0       0       
      +0       0       0       0       0
 10795 ;;      Totals:         0       2       0       0       0       0       0       0       0       0       0       0       
      +0       0       0       0       0
 10796 ;;Total ram usage:        2 bytes
 10797 ;; Hardware stack levels used: 1
 10798 ;; Hardware stack levels required when called: 4
 10799 ;; This function calls:
 10800 ;;		Nothing
 10801 ;; This function is called by:
 10802 ;;		_UART1_Initialize
 10803 ;; This function uses a non-reentrant model
 10804 ;;
 10805                           
 10806                           	psect	text3
 10807   0015F0                     __ptext3:
 10808                           	callstack 0
 10809   0015F0                     _UART1_SetTxInterruptHandler:
 10810                           	callstack 24
 10811   0015F0                     
 10812                           ;mcc_generated_files/uart1.c: 324:     UART1_TxInterruptHandler = InterruptHandler;
 10813   0015F0  C064  F04F         	movff	UART1_SetTxInterruptHandler@InterruptHandler,_UART1_TxInterruptHandler
 10814   0015F4  C065  F050         	movff	UART1_SetTxInterruptHandler@InterruptHandler+1,_UART1_TxInterruptHandler+1
 10815   0015F8  0012               	return		;funcret
 10816   0015FA                     __end_of_UART1_SetTxInterruptHandler:
 10817                           	callstack 0
 10818                           
 10819 ;; *************** function _UART1_SetRxInterruptHandler *****************
 10820 ;; Defined at:
 10821 ;;		line 319 in file "mcc_generated_files/uart1.c"
 10822 ;; Parameters:    Size  Location     Type
 10823 ;;  InterruptHan    2    4[BANK0 ] PTR FTN()void 
 10824 ;;		 -> UART1_Receive_ISR(1), 
 10825 ;; Auto vars:     Size  Location     Type
 10826 ;;		None
 10827 ;; Return value:  Size  Location     Type
 10828 ;;                  1    wreg      void 
 10829 ;; Registers used:
 10830 ;;		wreg, status,2, status,0
 10831 ;; Tracked objects:
 10832 ;;		On entry : 0/0
 10833 ;;		On exit  : 0/0
 10834 ;;		Unchanged: 0/0
 10835 ;; Data sizes:     COMRAM   BANK0   BANK1   BANK2   BANK3   BANK4   BANK5   BANK6   BANK7   BANK8   BANK9  BANK10  BANK1
      +1  BANK12  BANK13  BANK14  BANK15
 10836 ;;      Params:         0       2       0       0       0       0       0       0       0       0       0       0       
      +0       0       0       0       0
 10837 ;;      Locals:         0       0       0       0       0       0       0       0       0       0       0       0       
      +0       0       0       0       0
 10838 ;;      Temps:          0       0       0       0       0       0       0       0       0       0       0       0       
      +0       0       0       0       0
 10839 ;;      Totals:         0       2       0       0       0       0       0       0       0       0       0       0       
      +0       0       0       0       0
 10840 ;;Total ram usage:        2 bytes
 10841 ;; Hardware stack levels used: 1
 10842 ;; Hardware stack levels required when called: 4
 10843 ;; This function calls:
 10844 ;;		Nothing
 10845 ;; This function is called by:
 10846 ;;		_UART1_Initialize
 10847 ;; This function uses a non-reentrant model
 10848 ;;
 10849                           
 10850                           	psect	text4
 10851   0015FA                     __ptext4:
 10852                           	callstack 0
 10853   0015FA                     _UART1_SetRxInterruptHandler:
 10854                           	callstack 24
 10855   0015FA                     
 10856                           ;mcc_generated_files/uart1.c: 320:     UART1_RxInterruptHandler = InterruptHandler;
 10857   0015FA  C064  F051         	movff	UART1_SetRxInterruptHandler@InterruptHandler,_UART1_RxInterruptHandler
 10858   0015FE  C065  F052         	movff	UART1_SetRxInterruptHandler@InterruptHandler+1,_UART1_RxInterruptHandler+1
 10859   001602  0012               	return		;funcret
 10860   001604                     __end_of_UART1_SetRxInterruptHandler:
 10861                           	callstack 0
 10862                           
 10863 ;; *************** function _UART1_SetOverrunErrorHandler *****************
 10864 ;; Defined at:
 10865 ;;		line 309 in file "mcc_generated_files/uart1.c"
 10866 ;; Parameters:    Size  Location     Type
 10867 ;;  interruptHan    2    4[BANK0 ] PTR FTN()void 
 10868 ;;		 -> UART1_DefaultOverrunErrorHandler(1), 
 10869 ;; Auto vars:     Size  Location     Type
 10870 ;;		None
 10871 ;; Return value:  Size  Location     Type
 10872 ;;                  1    wreg      void 
 10873 ;; Registers used:
 10874 ;;		wreg, status,2, status,0
 10875 ;; Tracked objects:
 10876 ;;		On entry : 0/0
 10877 ;;		On exit  : 0/0
 10878 ;;		Unchanged: 0/0
 10879 ;; Data sizes:     COMRAM   BANK0   BANK1   BANK2   BANK3   BANK4   BANK5   BANK6   BANK7   BANK8   BANK9  BANK10  BANK1
      +1  BANK12  BANK13  BANK14  BANK15
 10880 ;;      Params:         0       2       0       0       0       0       0       0       0       0       0       0       
      +0       0       0       0       0
 10881 ;;      Locals:         0       0       0       0       0       0       0       0       0       0       0       0       
      +0       0       0       0       0
 10882 ;;      Temps:          0       0       0       0       0       0       0       0       0       0       0       0       
      +0       0       0       0       0
 10883 ;;      Totals:         0       2       0       0       0       0       0       0       0       0       0       0       
      +0       0       0       0       0
 10884 ;;Total ram usage:        2 bytes
 10885 ;; Hardware stack levels used: 1
 10886 ;; Hardware stack levels required when called: 4
 10887 ;; This function calls:
 10888 ;;		Nothing
 10889 ;; This function is called by:
 10890 ;;		_UART1_Initialize
 10891 ;; This function uses a non-reentrant model
 10892 ;;
 10893                           
 10894                           	psect	text5
 10895   001604                     __ptext5:
 10896                           	callstack 0
 10897   001604                     _UART1_SetOverrunErrorHandler:
 10898                           	callstack 24
 10899   001604                     
 10900                           ;mcc_generated_files/uart1.c: 310:     UART1_OverrunErrorHandler = interruptHandler;
 10901   001604  C064  F04B         	movff	UART1_SetOverrunErrorHandler@interruptHandler,_UART1_OverrunErrorHandler
 10902   001608  C065  F04C         	movff	UART1_SetOverrunErrorHandler@interruptHandler+1,_UART1_OverrunErrorHandler+1
 10903   00160C  0012               	return		;funcret
 10904   00160E                     __end_of_UART1_SetOverrunErrorHandler:
 10905                           	callstack 0
 10906                           
 10907 ;; *************** function _UART1_SetFramingErrorHandler *****************
 10908 ;; Defined at:
 10909 ;;		line 305 in file "mcc_generated_files/uart1.c"
 10910 ;; Parameters:    Size  Location     Type
 10911 ;;  interruptHan    2    4[BANK0 ] PTR FTN()void 
 10912 ;;		 -> UART1_DefaultFramingErrorHandler(1), 
 10913 ;; Auto vars:     Size  Location     Type
 10914 ;;		None
 10915 ;; Return value:  Size  Location     Type
 10916 ;;                  1    wreg      void 
 10917 ;; Registers used:
 10918 ;;		wreg, status,2, status,0
 10919 ;; Tracked objects:
 10920 ;;		On entry : 0/0
 10921 ;;		On exit  : 0/0
 10922 ;;		Unchanged: 0/0
 10923 ;; Data sizes:     COMRAM   BANK0   BANK1   BANK2   BANK3   BANK4   BANK5   BANK6   BANK7   BANK8   BANK9  BANK10  BANK1
      +1  BANK12  BANK13  BANK14  BANK15
 10924 ;;      Params:         0       2       0       0       0       0       0       0       0       0       0       0       
      +0       0       0       0       0
 10925 ;;      Locals:         0       0       0       0       0       0       0       0       0       0       0       0       
      +0       0       0       0       0
 10926 ;;      Temps:          0       0       0       0       0       0       0       0       0       0       0       0       
      +0       0       0       0       0
 10927 ;;      Totals:         0       2       0       0       0       0       0       0       0       0       0       0       
      +0       0       0       0       0
 10928 ;;Total ram usage:        2 bytes
 10929 ;; Hardware stack levels used: 1
 10930 ;; Hardware stack levels required when called: 4
 10931 ;; This function calls:
 10932 ;;		Nothing
 10933 ;; This function is called by:
 10934 ;;		_UART1_Initialize
 10935 ;; This function uses a non-reentrant model
 10936 ;;
 10937                           
 10938                           	psect	text6
 10939   00160E                     __ptext6:
 10940                           	callstack 0
 10941   00160E                     _UART1_SetFramingErrorHandler:
 10942                           	callstack 24
 10943   00160E                     
 10944                           ;mcc_generated_files/uart1.c: 306:     UART1_FramingErrorHandler = interruptHandler;
 10945   00160E  C064  F04D         	movff	UART1_SetFramingErrorHandler@interruptHandler,_UART1_FramingErrorHandler
 10946   001612  C065  F04E         	movff	UART1_SetFramingErrorHandler@interruptHandler+1,_UART1_FramingErrorHandler+1
 10947   001616  0012               	return		;funcret
 10948   001618                     __end_of_UART1_SetFramingErrorHandler:
 10949                           	callstack 0
 10950                           
 10951 ;; *************** function _UART1_SetErrorHandler *****************
 10952 ;; Defined at:
 10953 ;;		line 313 in file "mcc_generated_files/uart1.c"
 10954 ;; Parameters:    Size  Location     Type
 10955 ;;  interruptHan    2    4[BANK0 ] PTR FTN()void 
 10956 ;;		 -> UART1_DefaultErrorHandler(1), 
 10957 ;; Auto vars:     Size  Location     Type
 10958 ;;		None
 10959 ;; Return value:  Size  Location     Type
 10960 ;;                  1    wreg      void 
 10961 ;; Registers used:
 10962 ;;		wreg, status,2, status,0
 10963 ;; Tracked objects:
 10964 ;;		On entry : 0/0
 10965 ;;		On exit  : 0/0
 10966 ;;		Unchanged: 0/0
 10967 ;; Data sizes:     COMRAM   BANK0   BANK1   BANK2   BANK3   BANK4   BANK5   BANK6   BANK7   BANK8   BANK9  BANK10  BANK1
      +1  BANK12  BANK13  BANK14  BANK15
 10968 ;;      Params:         0       2       0       0       0       0       0       0       0       0       0       0       
      +0       0       0       0       0
 10969 ;;      Locals:         0       0       0       0       0       0       0       0       0       0       0       0       
      +0       0       0       0       0
 10970 ;;      Temps:          0       0       0       0       0       0       0       0       0       0       0       0       
      +0       0       0       0       0
 10971 ;;      Totals:         0       2       0       0       0       0       0       0       0       0       0       0       
      +0       0       0       0       0
 10972 ;;Total ram usage:        2 bytes
 10973 ;; Hardware stack levels used: 1
 10974 ;; Hardware stack levels required when called: 4
 10975 ;; This function calls:
 10976 ;;		Nothing
 10977 ;; This function is called by:
 10978 ;;		_UART1_Initialize
 10979 ;; This function uses a non-reentrant model
 10980 ;;
 10981                           
 10982                           	psect	text7
 10983   001618                     __ptext7:
 10984                           	callstack 0
 10985   001618                     _UART1_SetErrorHandler:
 10986                           	callstack 24
 10987   001618                     
 10988                           ;mcc_generated_files/uart1.c: 314:     UART1_ErrorHandler = interruptHandler;
 10989   001618  C064  F049         	movff	UART1_SetErrorHandler@interruptHandler,_UART1_ErrorHandler
 10990   00161C  C065  F04A         	movff	UART1_SetErrorHandler@interruptHandler+1,_UART1_ErrorHandler+1
 10991   001620  0012               	return		;funcret
 10992   001622                     __end_of_UART1_SetErrorHandler:
 10993                           	callstack 0
 10994                           
 10995 ;; *************** function _TMR6_Initialize *****************
 10996 ;; Defined at:
 10997 ;;		line 75 in file "mcc_generated_files/tmr6.c"
 10998 ;; Parameters:    Size  Location     Type
 10999 ;;		None
 11000 ;; Auto vars:     Size  Location     Type
 11001 ;;		None
 11002 ;; Return value:  Size  Location     Type
 11003 ;;                  1    wreg      void 
 11004 ;; Registers used:
 11005 ;;		wreg, status,2, status,0, cstack
 11006 ;; Tracked objects:
 11007 ;;		On entry : 0/0
 11008 ;;		On exit  : 0/0
 11009 ;;		Unchanged: 0/0
 11010 ;; Data sizes:     COMRAM   BANK0   BANK1   BANK2   BANK3   BANK4   BANK5   BANK6   BANK7   BANK8   BANK9  BANK10  BANK1
      +1  BANK12  BANK13  BANK14  BANK15
 11011 ;;      Params:         0       0       0       0       0       0       0       0       0       0       0       0       
      +0       0       0       0       0
 11012 ;;      Locals:         0       0       0       0       0       0       0       0       0       0       0       0       
      +0       0       0       0       0
 11013 ;;      Temps:          0       0       0       0       0       0       0       0       0       0       0       0       
      +0       0       0       0       0
 11014 ;;      Totals:         0       0       0       0       0       0       0       0       0       0       0       0       
      +0       0       0       0       0
 11015 ;;Total ram usage:        0 bytes
 11016 ;; Hardware stack levels used: 1
 11017 ;; Hardware stack levels required when called: 5
 11018 ;; This function calls:
 11019 ;;		_TMR6_SetInterruptHandler
 11020 ;; This function is called by:
 11021 ;;		_SYSTEM_Initialize
 11022 ;; This function uses a non-reentrant model
 11023 ;;
 11024                           
 11025                           	psect	text8
 11026   00153E                     __ptext8:
 11027                           	callstack 0
 11028   00153E                     _TMR6_Initialize:
 11029                           	callstack 24
 11030   00153E                     
 11031                           ;mcc_generated_files/tmr6.c: 80:     T6CLKCON = 0x04;
 11032   00153E  0E04               	movlw	4
 11033   001540  6E96               	movwf	150,c	;volatile
 11034   001542                     
 11035                           ;mcc_generated_files/tmr6.c: 83:     T6HLT = 0x00;
 11036   001542  6A95               	clrf	149,c	;volatile
 11037   001544                     
 11038                           ;mcc_generated_files/tmr6.c: 86:     T6RST = 0x00;
 11039   001544  6A97               	clrf	151,c	;volatile
 11040                           
 11041                           ;mcc_generated_files/tmr6.c: 89:     T6PR = 0x1E;
 11042   001546  0E1E               	movlw	30
 11043   001548  6E93               	movwf	147,c	;volatile
 11044   00154A                     
 11045                           ;mcc_generated_files/tmr6.c: 92:     T6TMR = 0x00;
 11046   00154A  6A92               	clrf	146,c	;volatile
 11047   00154C                     
 11048                           ;mcc_generated_files/tmr6.c: 95:     PIR9bits.TMR6IF = 0;
 11049   00154C  0139               	movlb	57	; () banked
 11050   00154E  91A9               	bcf	169,0,b	;volatile
 11051   001550                     
 11052                           ; BSR set to: 57
 11053                           ;mcc_generated_files/tmr6.c: 98:     PIE9bits.TMR6IE = 1;
 11054   001550  8199               	bsf	153,0,b	;volatile
 11055   001552                     
 11056                           ; BSR set to: 57
 11057                           ;mcc_generated_files/tmr6.c: 101:     TMR6_SetInterruptHandler(TMR6_DefaultInterruptHand
      +                          ler);
 11058   001552  0E00               	movlw	0
 11059   001554  0100               	movlb	0	; () banked
 11060   001556  6F64               	movwf	TMR6_SetInterruptHandler@InterruptHandler& (0+255),b
 11061   001558  0E00               	movlw	0
 11062   00155A  6F65               	movwf	(TMR6_SetInterruptHandler@InterruptHandler+1)& (0+255),b
 11063   00155C  EC11  F00B         	call	_TMR6_SetInterruptHandler	;wreg free
 11064   001560                     
 11065                           ;mcc_generated_files/tmr6.c: 104:     T6CON = 0xB0;
 11066   001560  0EB0               	movlw	176
 11067   001562  6E94               	movwf	148,c	;volatile
 11068   001564  0012               	return		;funcret
 11069   001566                     __end_of_TMR6_Initialize:
 11070                           	callstack 0
 11071                           
 11072 ;; *************** function _TMR6_SetInterruptHandler *****************
 11073 ;; Defined at:
 11074 ;;		line 195 in file "mcc_generated_files/tmr6.c"
 11075 ;; Parameters:    Size  Location     Type
 11076 ;;  InterruptHan    2    4[BANK0 ] PTR FTN()void 
 11077 ;;		 -> TMR6_DefaultInterruptHandler(1), 
 11078 ;; Auto vars:     Size  Location     Type
 11079 ;;		None
 11080 ;; Return value:  Size  Location     Type
 11081 ;;                  1    wreg      void 
 11082 ;; Registers used:
 11083 ;;		wreg, status,2, status,0
 11084 ;; Tracked objects:
 11085 ;;		On entry : 0/0
 11086 ;;		On exit  : 0/0
 11087 ;;		Unchanged: 0/0
 11088 ;; Data sizes:     COMRAM   BANK0   BANK1   BANK2   BANK3   BANK4   BANK5   BANK6   BANK7   BANK8   BANK9  BANK10  BANK1
      +1  BANK12  BANK13  BANK14  BANK15
 11089 ;;      Params:         0       2       0       0       0       0       0       0       0       0       0       0       
      +0       0       0       0       0
 11090 ;;      Locals:         0       0       0       0       0       0       0       0       0       0       0       0       
      +0       0       0       0       0
 11091 ;;      Temps:          0       0       0       0       0       0       0       0       0       0       0       0       
      +0       0       0       0       0
 11092 ;;      Totals:         0       2       0       0       0       0       0       0       0       0       0       0       
      +0       0       0       0       0
 11093 ;;Total ram usage:        2 bytes
 11094 ;; Hardware stack levels used: 1
 11095 ;; Hardware stack levels required when called: 4
 11096 ;; This function calls:
 11097 ;;		Nothing
 11098 ;; This function is called by:
 11099 ;;		_TMR6_Initialize
 11100 ;; This function uses a non-reentrant model
 11101 ;;
 11102                           
 11103                           	psect	text9
 11104   001622                     __ptext9:
 11105                           	callstack 0
 11106   001622                     _TMR6_SetInterruptHandler:
 11107                           	callstack 24
 11108   001622                     
 11109                           ;mcc_generated_files/tmr6.c: 196:     TMR6_InterruptHandler = InterruptHandler;
 11110   001622  C064  F068         	movff	TMR6_SetInterruptHandler@InterruptHandler,_TMR6_InterruptHandler
 11111   001626  C065  F069         	movff	TMR6_SetInterruptHandler@InterruptHandler+1,_TMR6_InterruptHandler+1
 11112   00162A  0012               	return		;funcret
 11113   00162C                     __end_of_TMR6_SetInterruptHandler:
 11114                           	callstack 0
 11115                           
 11116 ;; *************** function _TMR2_Initialize *****************
 11117 ;; Defined at:
 11118 ;;		line 62 in file "mcc_generated_files/tmr2.c"
 11119 ;; Parameters:    Size  Location     Type
 11120 ;;		None
 11121 ;; Auto vars:     Size  Location     Type
 11122 ;;		None
 11123 ;; Return value:  Size  Location     Type
 11124 ;;                  1    wreg      void 
 11125 ;; Registers used:
 11126 ;;		wreg, status,2
 11127 ;; Tracked objects:
 11128 ;;		On entry : 0/0
 11129 ;;		On exit  : 0/0
 11130 ;;		Unchanged: 0/0
 11131 ;; Data sizes:     COMRAM   BANK0   BANK1   BANK2   BANK3   BANK4   BANK5   BANK6   BANK7   BANK8   BANK9  BANK10  BANK1
      +1  BANK12  BANK13  BANK14  BANK15
 11132 ;;      Params:         0       0       0       0       0       0       0       0       0       0       0       0       
      +0       0       0       0       0
 11133 ;;      Locals:         0       0       0       0       0       0       0       0       0       0       0       0       
      +0       0       0       0       0
 11134 ;;      Temps:          0       0       0       0       0       0       0       0       0       0       0       0       
      +0       0       0       0       0
 11135 ;;      Totals:         0       0       0       0       0       0       0       0       0       0       0       0       
      +0       0       0       0       0
 11136 ;;Total ram usage:        0 bytes
 11137 ;; Hardware stack levels used: 1
 11138 ;; Hardware stack levels required when called: 4
 11139 ;; This function calls:
 11140 ;;		Nothing
 11141 ;; This function is called by:
 11142 ;;		_SYSTEM_Initialize
 11143 ;; This function uses a non-reentrant model
 11144 ;;
 11145                           
 11146                           	psect	text10
 11147   00158C                     __ptext10:
 11148                           	callstack 0
 11149   00158C                     _TMR2_Initialize:
 11150                           	callstack 25
 11151   00158C                     
 11152                           ;mcc_generated_files/tmr2.c: 67:     T2CLKCON = 0x01;
 11153   00158C  0E01               	movlw	1
 11154   00158E  6EAE               	movwf	174,c	;volatile
 11155   001590                     
 11156                           ;mcc_generated_files/tmr2.c: 70:     T2HLT = 0x00;
 11157   001590  6AAD               	clrf	173,c	;volatile
 11158   001592                     
 11159                           ;mcc_generated_files/tmr2.c: 73:     T2RST = 0x00;
 11160   001592  6AAF               	clrf	175,c	;volatile
 11161                           
 11162                           ;mcc_generated_files/tmr2.c: 76:     T2PR = 0x63;
 11163   001594  0E63               	movlw	99
 11164   001596  6EAB               	movwf	171,c	;volatile
 11165   001598                     
 11166                           ;mcc_generated_files/tmr2.c: 79:     T2TMR = 0x00;
 11167   001598  6AAA               	clrf	170,c	;volatile
 11168   00159A                     
 11169                           ;mcc_generated_files/tmr2.c: 82:     PIR4bits.TMR2IF = 0;
 11170   00159A  0139               	movlb	57	; () banked
 11171   00159C  95A4               	bcf	164,2,b	;volatile
 11172                           
 11173                           ;mcc_generated_files/tmr2.c: 85:     T2CON = 0x80;
 11174   00159E  0E80               	movlw	128
 11175   0015A0  6EAC               	movwf	172,c	;volatile
 11176   0015A2                     
 11177                           ; BSR set to: 57
 11178   0015A2  0012               	return		;funcret
 11179   0015A4                     __end_of_TMR2_Initialize:
 11180                           	callstack 0
 11181                           
 11182 ;; *************** function _TMR1_Initialize *****************
 11183 ;; Defined at:
 11184 ;;		line 65 in file "mcc_generated_files/tmr1.c"
 11185 ;; Parameters:    Size  Location     Type
 11186 ;;		None
 11187 ;; Auto vars:     Size  Location     Type
 11188 ;;		None
 11189 ;; Return value:  Size  Location     Type
 11190 ;;                  1    wreg      void 
 11191 ;; Registers used:
 11192 ;;		wreg, status,2, status,0, cstack
 11193 ;; Tracked objects:
 11194 ;;		On entry : 0/0
 11195 ;;		On exit  : 0/0
 11196 ;;		Unchanged: 0/0
 11197 ;; Data sizes:     COMRAM   BANK0   BANK1   BANK2   BANK3   BANK4   BANK5   BANK6   BANK7   BANK8   BANK9  BANK10  BANK1
      +1  BANK12  BANK13  BANK14  BANK15
 11198 ;;      Params:         0       0       0       0       0       0       0       0       0       0       0       0       
      +0       0       0       0       0
 11199 ;;      Locals:         0       0       0       0       0       0       0       0       0       0       0       0       
      +0       0       0       0       0
 11200 ;;      Temps:          0       2       0       0       0       0       0       0       0       0       0       0       
      +0       0       0       0       0
 11201 ;;      Totals:         0       2       0       0       0       0       0       0       0       0       0       0       
      +0       0       0       0       0
 11202 ;;Total ram usage:        2 bytes
 11203 ;; Hardware stack levels used: 1
 11204 ;; Hardware stack levels required when called: 5
 11205 ;; This function calls:
 11206 ;;		_TMR1_SetInterruptHandler
 11207 ;; This function is called by:
 11208 ;;		_SYSTEM_Initialize
 11209 ;; This function uses a non-reentrant model
 11210 ;;
 11211                           
 11212                           	psect	text11
 11213   0013BA                     __ptext11:
 11214                           	callstack 0
 11215   0013BA                     _TMR1_Initialize:
 11216                           	callstack 24
 11217   0013BA                     
 11218                           ;mcc_generated_files/tmr1.c: 70:     T1GCON = 0x00;
 11219   0013BA  6AB3               	clrf	179,c	;volatile
 11220                           
 11221                           ;mcc_generated_files/tmr1.c: 73:     T1GATE = 0x00;
 11222   0013BC  6AB4               	clrf	180,c	;volatile
 11223                           
 11224                           ;mcc_generated_files/tmr1.c: 76:     T1CLK = 0x00;
 11225   0013BE  6AB5               	clrf	181,c	;volatile
 11226                           
 11227                           ;mcc_generated_files/tmr1.c: 79:     TMR1H = 0xFF;
 11228   0013C0  68B1               	setf	177,c	;volatile
 11229                           
 11230                           ;mcc_generated_files/tmr1.c: 82:     TMR1L = 0xFF;
 11231   0013C2  68B0               	setf	176,c	;volatile
 11232                           
 11233                           ;mcc_generated_files/tmr1.c: 85:     PIR4bits.TMR1IF = 0;
 11234   0013C4  0139               	movlb	57	; () banked
 11235   0013C6  91A4               	bcf	164,0,b	;volatile
 11236   0013C8                     
 11237                           ; BSR set to: 57
 11238                           ;mcc_generated_files/tmr1.c: 88:     timer1ReloadVal=(uint16_t)((TMR1H << 8) | TMR1L);
 11239   0013C8  50B0               	movf	176,w,c	;volatile
 11240   0013CA  006F FEC4  F066    	movff	16305,??_TMR1_Initialize	;volatile
 11241   0013D0  0100               	movlb	0	; () banked
 11242   0013D2  6B67               	clrf	(??_TMR1_Initialize+1)& (0+255),b
 11243   0013D4  C066  F067         	movff	??_TMR1_Initialize,??_TMR1_Initialize+1
 11244   0013D8  6B66               	clrf	??_TMR1_Initialize& (0+255),b
 11245   0013DA  1166               	iorwf	??_TMR1_Initialize& (0+255),w,b
 11246   0013DC  6E21               	movwf	_timer1ReloadVal^0,c	;volatile
 11247   0013DE  5167               	movf	(??_TMR1_Initialize+1)& (0+255),w,b
 11248   0013E0  6E22               	movwf	(_timer1ReloadVal+1)^0,c	;volatile
 11249   0013E2                     
 11250                           ; BSR set to: 0
 11251                           ;mcc_generated_files/tmr1.c: 91:     PIE4bits.TMR1IE = 1;
 11252   0013E2  0139               	movlb	57	; () banked
 11253   0013E4  8194               	bsf	148,0,b	;volatile
 11254   0013E6                     
 11255                           ; BSR set to: 57
 11256                           ;mcc_generated_files/tmr1.c: 94:     TMR1_SetInterruptHandler(TMR1_DefaultInterruptHandl
      +                          er);
 11257   0013E6  0E48               	movlw	low _TMR1_DefaultInterruptHandler
 11258   0013E8  0100               	movlb	0	; () banked
 11259   0013EA  6F64               	movwf	TMR1_SetInterruptHandler@InterruptHandler& (0+255),b
 11260   0013EC  0E16               	movlw	high _TMR1_DefaultInterruptHandler
 11261   0013EE  6F65               	movwf	(TMR1_SetInterruptHandler@InterruptHandler+1)& (0+255),b
 11262   0013F0  EC16  F00B         	call	_TMR1_SetInterruptHandler	;wreg free
 11263   0013F4                     
 11264                           ;mcc_generated_files/tmr1.c: 97:     T1CON = 0x01;
 11265   0013F4  0E01               	movlw	1
 11266   0013F6  6EB2               	movwf	178,c	;volatile
 11267   0013F8  0012               	return		;funcret
 11268   0013FA                     __end_of_TMR1_Initialize:
 11269                           	callstack 0
 11270                           
 11271 ;; *************** function _TMR1_SetInterruptHandler *****************
 11272 ;; Defined at:
 11273 ;;		line 179 in file "mcc_generated_files/tmr1.c"
 11274 ;; Parameters:    Size  Location     Type
 11275 ;;  InterruptHan    2    4[BANK0 ] PTR FTN()void 
 11276 ;;		 -> TMR1_DefaultInterruptHandler(1), 
 11277 ;; Auto vars:     Size  Location     Type
 11278 ;;		None
 11279 ;; Return value:  Size  Location     Type
 11280 ;;                  1    wreg      void 
 11281 ;; Registers used:
 11282 ;;		wreg, status,2, status,0
 11283 ;; Tracked objects:
 11284 ;;		On entry : 0/0
 11285 ;;		On exit  : 0/0
 11286 ;;		Unchanged: 0/0
 11287 ;; Data sizes:     COMRAM   BANK0   BANK1   BANK2   BANK3   BANK4   BANK5   BANK6   BANK7   BANK8   BANK9  BANK10  BANK1
      +1  BANK12  BANK13  BANK14  BANK15
 11288 ;;      Params:         0       2       0       0       0       0       0       0       0       0       0       0       
      +0       0       0       0       0
 11289 ;;      Locals:         0       0       0       0       0       0       0       0       0       0       0       0       
      +0       0       0       0       0
 11290 ;;      Temps:          0       0       0       0       0       0       0       0       0       0       0       0       
      +0       0       0       0       0
 11291 ;;      Totals:         0       2       0       0       0       0       0       0       0       0       0       0       
      +0       0       0       0       0
 11292 ;;Total ram usage:        2 bytes
 11293 ;; Hardware stack levels used: 1
 11294 ;; Hardware stack levels required when called: 4
 11295 ;; This function calls:
 11296 ;;		Nothing
 11297 ;; This function is called by:
 11298 ;;		_TMR1_Initialize
 11299 ;; This function uses a non-reentrant model
 11300 ;;
 11301                           
 11302                           	psect	text12
 11303   00162C                     __ptext12:
 11304                           	callstack 0
 11305   00162C                     _TMR1_SetInterruptHandler:
 11306                           	callstack 24
 11307   00162C                     
 11308                           ;mcc_generated_files/tmr1.c: 180:     TMR1_InterruptHandler = InterruptHandler;
 11309   00162C  C064  F053         	movff	TMR1_SetInterruptHandler@InterruptHandler,_TMR1_InterruptHandler
 11310   001630  C065  F054         	movff	TMR1_SetInterruptHandler@InterruptHandler+1,_TMR1_InterruptHandler+1
 11311   001634  0012               	return		;funcret
 11312   001636                     __end_of_TMR1_SetInterruptHandler:
 11313                           	callstack 0
 11314                           
 11315 ;; *************** function _PWM5_Initialize *****************
 11316 ;; Defined at:
 11317 ;;		line 58 in file "mcc_generated_files/pwm5.c"
 11318 ;; Parameters:    Size  Location     Type
 11319 ;;		None
 11320 ;; Auto vars:     Size  Location     Type
 11321 ;;		None
 11322 ;; Return value:  Size  Location     Type
 11323 ;;                  1    wreg      void 
 11324 ;; Registers used:
 11325 ;;		wreg, status,2
 11326 ;; Tracked objects:
 11327 ;;		On entry : 0/0
 11328 ;;		On exit  : 0/0
 11329 ;;		Unchanged: 0/0
 11330 ;; Data sizes:     COMRAM   BANK0   BANK1   BANK2   BANK3   BANK4   BANK5   BANK6   BANK7   BANK8   BANK9  BANK10  BANK1
      +1  BANK12  BANK13  BANK14  BANK15
 11331 ;;      Params:         0       0       0       0       0       0       0       0       0       0       0       0       
      +0       0       0       0       0
 11332 ;;      Locals:         0       0       0       0       0       0       0       0       0       0       0       0       
      +0       0       0       0       0
 11333 ;;      Temps:          0       0       0       0       0       0       0       0       0       0       0       0       
      +0       0       0       0       0
 11334 ;;      Totals:         0       0       0       0       0       0       0       0       0       0       0       0       
      +0       0       0       0       0
 11335 ;;Total ram usage:        0 bytes
 11336 ;; Hardware stack levels used: 1
 11337 ;; Hardware stack levels required when called: 4
 11338 ;; This function calls:
 11339 ;;		Nothing
 11340 ;; This function is called by:
 11341 ;;		_SYSTEM_Initialize
 11342 ;; This function uses a non-reentrant model
 11343 ;;
 11344                           
 11345                           	psect	text13
 11346   0015A4                     __ptext13:
 11347                           	callstack 0
 11348   0015A4                     _PWM5_Initialize:
 11349                           	callstack 25
 11350   0015A4                     
 11351                           ;mcc_generated_files/pwm5.c: 62:     PWM5CON = 0x80;
 11352   0015A4  0E80               	movlw	128
 11353   0015A6  6E6E               	movwf	110,c	;volatile
 11354                           
 11355                           ;mcc_generated_files/pwm5.c: 65:     PWM5DCH = 0x15;
 11356   0015A8  0E15               	movlw	21
 11357   0015AA  6E6D               	movwf	109,c	;volatile
 11358                           
 11359                           ;mcc_generated_files/pwm5.c: 68:     PWM5DCL = 0xC0;
 11360   0015AC  0EC0               	movlw	192
 11361   0015AE  6E6C               	movwf	108,c	;volatile
 11362                           
 11363                           ;mcc_generated_files/pwm5.c: 71:     CCPTMRS1bits.P5TSEL = 1;
 11364   0015B0  013F               	movlb	63	; () banked
 11365   0015B2  515F               	movf	95,w,b	;volatile
 11366   0015B4  0BFC               	andlw	-4
 11367   0015B6  0901               	iorlw	1
 11368   0015B8  6F5F               	movwf	95,b	;volatile
 11369   0015BA                     
 11370                           ; BSR set to: 63
 11371   0015BA  0012               	return		;funcret
 11372   0015BC                     __end_of_PWM5_Initialize:
 11373                           	callstack 0
 11374                           
 11375 ;; *************** function _PMD_Initialize *****************
 11376 ;; Defined at:
 11377 ;;		line 79 in file "mcc_generated_files/mcc.c"
 11378 ;; Parameters:    Size  Location     Type
 11379 ;;		None
 11380 ;; Auto vars:     Size  Location     Type
 11381 ;;		None
 11382 ;; Return value:  Size  Location     Type
 11383 ;;                  1    wreg      void 
 11384 ;; Registers used:
 11385 ;;		None
 11386 ;; Tracked objects:
 11387 ;;		On entry : 0/0
 11388 ;;		On exit  : 0/0
 11389 ;;		Unchanged: 0/0
 11390 ;; Data sizes:     COMRAM   BANK0   BANK1   BANK2   BANK3   BANK4   BANK5   BANK6   BANK7   BANK8   BANK9  BANK10  BANK1
      +1  BANK12  BANK13  BANK14  BANK15
 11391 ;;      Params:         0       0       0       0       0       0       0       0       0       0       0       0       
      +0       0       0       0       0
 11392 ;;      Locals:         0       0       0       0       0       0       0       0       0       0       0       0       
      +0       0       0       0       0
 11393 ;;      Temps:          0       0       0       0       0       0       0       0       0       0       0       0       
      +0       0       0       0       0
 11394 ;;      Totals:         0       0       0       0       0       0       0       0       0       0       0       0       
      +0       0       0       0       0
 11395 ;;Total ram usage:        0 bytes
 11396 ;; Hardware stack levels used: 1
 11397 ;; Hardware stack levels required when called: 4
 11398 ;; This function calls:
 11399 ;;		Nothing
 11400 ;; This function is called by:
 11401 ;;		_SYSTEM_Initialize
 11402 ;; This function uses a non-reentrant model
 11403 ;;
 11404                           
 11405                           	psect	text14
 11406   0015BC                     __ptext14:
 11407                           	callstack 0
 11408   0015BC                     _PMD_Initialize:
 11409                           	callstack 25
 11410   0015BC                     
 11411                           ;mcc_generated_files/mcc.c: 82:     PMD0 = 0x00;
 11412   0015BC  0139               	movlb	57	; () banked
 11413   0015BE  6BC0               	clrf	192,b	;volatile
 11414                           
 11415                           ;mcc_generated_files/mcc.c: 84:     PMD1 = 0x00;
 11416   0015C0  6BC1               	clrf	193,b	;volatile
 11417                           
 11418                           ;mcc_generated_files/mcc.c: 86:     PMD2 = 0x00;
 11419   0015C2  6BC2               	clrf	194,b	;volatile
 11420                           
 11421                           ;mcc_generated_files/mcc.c: 88:     PMD3 = 0x00;
 11422   0015C4  6BC3               	clrf	195,b	;volatile
 11423                           
 11424                           ;mcc_generated_files/mcc.c: 90:     PMD4 = 0x00;
 11425   0015C6  6BC4               	clrf	196,b	;volatile
 11426                           
 11427                           ;mcc_generated_files/mcc.c: 92:     PMD5 = 0x00;
 11428   0015C8  6BC5               	clrf	197,b	;volatile
 11429                           
 11430                           ;mcc_generated_files/mcc.c: 94:     PMD6 = 0x00;
 11431   0015CA  6BC6               	clrf	198,b	;volatile
 11432                           
 11433                           ;mcc_generated_files/mcc.c: 96:     PMD7 = 0x00;
 11434   0015CC  6BC7               	clrf	199,b	;volatile
 11435   0015CE                     
 11436                           ; BSR set to: 57
 11437   0015CE  0012               	return		;funcret
 11438   0015D0                     __end_of_PMD_Initialize:
 11439                           	callstack 0
 11440                           
 11441 ;; *************** function _PIN_MANAGER_Initialize *****************
 11442 ;; Defined at:
 11443 ;;		line 55 in file "mcc_generated_files/pin_manager.c"
 11444 ;; Parameters:    Size  Location     Type
 11445 ;;		None
 11446 ;; Auto vars:     Size  Location     Type
 11447 ;;		None
 11448 ;; Return value:  Size  Location     Type
 11449 ;;                  1    wreg      void 
 11450 ;; Registers used:
 11451 ;;		wreg, status,2
 11452 ;; Tracked objects:
 11453 ;;		On entry : 0/0
 11454 ;;		On exit  : 0/0
 11455 ;;		Unchanged: 0/0
 11456 ;; Data sizes:     COMRAM   BANK0   BANK1   BANK2   BANK3   BANK4   BANK5   BANK6   BANK7   BANK8   BANK9  BANK10  BANK1
      +1  BANK12  BANK13  BANK14  BANK15
 11457 ;;      Params:         0       0       0       0       0       0       0       0       0       0       0       0       
      +0       0       0       0       0
 11458 ;;      Locals:         0       0       0       0       0       0       0       0       0       0       0       0       
      +0       0       0       0       0
 11459 ;;      Temps:          0       0       0       0       0       0       0       0       0       0       0       0       
      +0       0       0       0       0
 11460 ;;      Totals:         0       0       0       0       0       0       0       0       0       0       0       0       
      +0       0       0       0       0
 11461 ;;Total ram usage:        0 bytes
 11462 ;; Hardware stack levels used: 1
 11463 ;; Hardware stack levels required when called: 4
 11464 ;; This function calls:
 11465 ;;		Nothing
 11466 ;; This function is called by:
 11467 ;;		_SYSTEM_Initialize
 11468 ;; This function uses a non-reentrant model
 11469 ;;
 11470                           
 11471                           	psect	text15
 11472   00122E                     __ptext15:
 11473                           	callstack 0
 11474   00122E                     _PIN_MANAGER_Initialize:
 11475                           	callstack 25
 11476   00122E                     
 11477                           ;mcc_generated_files/pin_manager.c: 60:     LATE = 0x00;
 11478   00122E  6ABE               	clrf	190,c	;volatile
 11479                           
 11480                           ;mcc_generated_files/pin_manager.c: 61:     LATD = 0x00;
 11481   001230  6ABD               	clrf	189,c	;volatile
 11482                           
 11483                           ;mcc_generated_files/pin_manager.c: 62:     LATA = 0x00;
 11484   001232  6ABA               	clrf	186,c	;volatile
 11485                           
 11486                           ;mcc_generated_files/pin_manager.c: 63:     LATB = 0x00;
 11487   001234  6ABB               	clrf	187,c	;volatile
 11488                           
 11489                           ;mcc_generated_files/pin_manager.c: 64:     LATC = 0x00;
 11490   001236  6ABC               	clrf	188,c	;volatile
 11491   001238                     
 11492                           ;mcc_generated_files/pin_manager.c: 69:     TRISE = 0x07;
 11493   001238  0E07               	movlw	7
 11494   00123A  6EC6               	movwf	198,c	;volatile
 11495                           
 11496                           ;mcc_generated_files/pin_manager.c: 70:     TRISA = 0x3F;
 11497   00123C  0E3F               	movlw	63
 11498   00123E  6EC2               	movwf	194,c	;volatile
 11499   001240                     
 11500                           ;mcc_generated_files/pin_manager.c: 71:     TRISB = 0xFF;
 11501   001240  68C3               	setf	195,c	;volatile
 11502   001242                     
 11503                           ;mcc_generated_files/pin_manager.c: 72:     TRISC = 0xFF;
 11504   001242  68C4               	setf	196,c	;volatile
 11505   001244                     
 11506                           ;mcc_generated_files/pin_manager.c: 73:     TRISD = 0xFF;
 11507   001244  68C5               	setf	197,c	;volatile
 11508   001246                     
 11509                           ;mcc_generated_files/pin_manager.c: 78:     ANSELD = 0xFF;
 11510   001246  013A               	movlb	58	; () banked
 11511   001248  6970               	setf	112,b	;volatile
 11512                           
 11513                           ;mcc_generated_files/pin_manager.c: 79:     ANSELC = 0x7F;
 11514   00124A  0E7F               	movlw	127
 11515   00124C  6F60               	movwf	96,b	;volatile
 11516   00124E                     
 11517                           ; BSR set to: 58
 11518                           ;mcc_generated_files/pin_manager.c: 80:     ANSELB = 0xFF;
 11519   00124E  6950               	setf	80,b	;volatile
 11520                           
 11521                           ;mcc_generated_files/pin_manager.c: 81:     ANSELE = 0x07;
 11522   001250  0E07               	movlw	7
 11523   001252  6F80               	movwf	128,b	;volatile
 11524                           
 11525                           ;mcc_generated_files/pin_manager.c: 82:     ANSELA = 0x3E;
 11526   001254  0E3E               	movlw	62
 11527   001256  6F40               	movwf	64,b	;volatile
 11528   001258                     
 11529                           ; BSR set to: 58
 11530                           ;mcc_generated_files/pin_manager.c: 87:     WPUD = 0x00;
 11531   001258  6B71               	clrf	113,b	;volatile
 11532   00125A                     
 11533                           ; BSR set to: 58
 11534                           ;mcc_generated_files/pin_manager.c: 88:     WPUE = 0x00;
 11535   00125A  6B81               	clrf	129,b	;volatile
 11536   00125C                     
 11537                           ; BSR set to: 58
 11538                           ;mcc_generated_files/pin_manager.c: 89:     WPUB = 0x00;
 11539   00125C  6B51               	clrf	81,b	;volatile
 11540   00125E                     
 11541                           ; BSR set to: 58
 11542                           ;mcc_generated_files/pin_manager.c: 90:     WPUA = 0x00;
 11543   00125E  6B41               	clrf	65,b	;volatile
 11544   001260                     
 11545                           ; BSR set to: 58
 11546                           ;mcc_generated_files/pin_manager.c: 91:     WPUC = 0x00;
 11547   001260  6B61               	clrf	97,b	;volatile
 11548   001262                     
 11549                           ; BSR set to: 58
 11550                           ;mcc_generated_files/pin_manager.c: 96:     RB1I2C = 0x00;
 11551   001262  6B5A               	clrf	90,b	;volatile
 11552   001264                     
 11553                           ; BSR set to: 58
 11554                           ;mcc_generated_files/pin_manager.c: 97:     RB2I2C = 0x00;
 11555   001264  6B5B               	clrf	91,b	;volatile
 11556   001266                     
 11557                           ; BSR set to: 58
 11558                           ;mcc_generated_files/pin_manager.c: 98:     RC3I2C = 0x00;
 11559   001266  6B6A               	clrf	106,b	;volatile
 11560   001268                     
 11561                           ; BSR set to: 58
 11562                           ;mcc_generated_files/pin_manager.c: 99:     RC4I2C = 0x00;
 11563   001268  6B6B               	clrf	107,b	;volatile
 11564   00126A                     
 11565                           ; BSR set to: 58
 11566                           ;mcc_generated_files/pin_manager.c: 100:     RD0I2C = 0x00;
 11567   00126A  6B7A               	clrf	122,b	;volatile
 11568   00126C                     
 11569                           ; BSR set to: 58
 11570                           ;mcc_generated_files/pin_manager.c: 101:     RD1I2C = 0x00;
 11571   00126C  6B7B               	clrf	123,b	;volatile
 11572   00126E                     
 11573                           ; BSR set to: 58
 11574                           ;mcc_generated_files/pin_manager.c: 106:     ODCONE = 0x00;
 11575   00126E  6B82               	clrf	130,b	;volatile
 11576   001270                     
 11577                           ; BSR set to: 58
 11578                           ;mcc_generated_files/pin_manager.c: 107:     ODCONA = 0x00;
 11579   001270  6B42               	clrf	66,b	;volatile
 11580   001272                     
 11581                           ; BSR set to: 58
 11582                           ;mcc_generated_files/pin_manager.c: 108:     ODCONB = 0x00;
 11583   001272  6B52               	clrf	82,b	;volatile
 11584   001274                     
 11585                           ; BSR set to: 58
 11586                           ;mcc_generated_files/pin_manager.c: 109:     ODCONC = 0x00;
 11587   001274  6B62               	clrf	98,b	;volatile
 11588   001276                     
 11589                           ; BSR set to: 58
 11590                           ;mcc_generated_files/pin_manager.c: 110:     ODCOND = 0x00;
 11591   001276  6B72               	clrf	114,b	;volatile
 11592   001278                     
 11593                           ; BSR set to: 58
 11594                           ;mcc_generated_files/pin_manager.c: 115:     SLRCONA = 0xFF;
 11595   001278  6943               	setf	67,b	;volatile
 11596   00127A                     
 11597                           ; BSR set to: 58
 11598                           ;mcc_generated_files/pin_manager.c: 116:     SLRCONB = 0xFF;
 11599   00127A  6953               	setf	83,b	;volatile
 11600   00127C                     
 11601                           ; BSR set to: 58
 11602                           ;mcc_generated_files/pin_manager.c: 117:     SLRCONC = 0xFF;
 11603   00127C  6963               	setf	99,b	;volatile
 11604   00127E                     
 11605                           ; BSR set to: 58
 11606                           ;mcc_generated_files/pin_manager.c: 118:     SLRCOND = 0xFF;
 11607   00127E  6973               	setf	115,b	;volatile
 11608                           
 11609                           ;mcc_generated_files/pin_manager.c: 119:     SLRCONE = 0x07;
 11610   001280  0E07               	movlw	7
 11611   001282  6F83               	movwf	131,b	;volatile
 11612   001284                     
 11613                           ; BSR set to: 58
 11614                           ;mcc_generated_files/pin_manager.c: 124:     INLVLA = 0xFF;
 11615   001284  6944               	setf	68,b	;volatile
 11616   001286                     
 11617                           ; BSR set to: 58
 11618                           ;mcc_generated_files/pin_manager.c: 125:     INLVLB = 0xFF;
 11619   001286  6954               	setf	84,b	;volatile
 11620   001288                     
 11621                           ; BSR set to: 58
 11622                           ;mcc_generated_files/pin_manager.c: 126:     INLVLC = 0xFF;
 11623   001288  6964               	setf	100,b	;volatile
 11624   00128A                     
 11625                           ; BSR set to: 58
 11626                           ;mcc_generated_files/pin_manager.c: 127:     INLVLD = 0xFF;
 11627   00128A  6974               	setf	116,b	;volatile
 11628                           
 11629                           ;mcc_generated_files/pin_manager.c: 128:     INLVLE = 0x0F;
 11630   00128C  0E0F               	movlw	15
 11631   00128E  6F84               	movwf	132,b	;volatile
 11632   001290                     
 11633                           ; BSR set to: 58
 11634                           ;mcc_generated_files/pin_manager.c: 137:     T1CKIPPS = 0x00;
 11635   001290  6BC4               	clrf	196,b	;volatile
 11636                           
 11637                           ;mcc_generated_files/pin_manager.c: 138:     RA6PPS = 0x0D;
 11638   001292  0E0D               	movlw	13
 11639   001294  6F06               	movwf	6,b	;volatile
 11640                           
 11641                           ;mcc_generated_files/pin_manager.c: 139:     U1RXPPS = 0x17;
 11642   001296  0E17               	movlw	23
 11643   001298  6FE5               	movwf	229,b	;volatile
 11644   00129A                     
 11645                           ; BSR set to: 58
 11646   00129A  0012               	return		;funcret
 11647   00129C                     __end_of_PIN_MANAGER_Initialize:
 11648                           	callstack 0
 11649                           
 11650 ;; *************** function _OSCILLATOR_Initialize *****************
 11651 ;; Defined at:
 11652 ;;		line 65 in file "mcc_generated_files/mcc.c"
 11653 ;; Parameters:    Size  Location     Type
 11654 ;;		None
 11655 ;; Auto vars:     Size  Location     Type
 11656 ;;		None
 11657 ;; Return value:  Size  Location     Type
 11658 ;;                  1    wreg      void 
 11659 ;; Registers used:
 11660 ;;		wreg, status,2
 11661 ;; Tracked objects:
 11662 ;;		On entry : 0/0
 11663 ;;		On exit  : 0/0
 11664 ;;		Unchanged: 0/0
 11665 ;; Data sizes:     COMRAM   BANK0   BANK1   BANK2   BANK3   BANK4   BANK5   BANK6   BANK7   BANK8   BANK9  BANK10  BANK1
      +1  BANK12  BANK13  BANK14  BANK15
 11666 ;;      Params:         0       0       0       0       0       0       0       0       0       0       0       0       
      +0       0       0       0       0
 11667 ;;      Locals:         0       0       0       0       0       0       0       0       0       0       0       0       
      +0       0       0       0       0
 11668 ;;      Temps:          0       0       0       0       0       0       0       0       0       0       0       0       
      +0       0       0       0       0
 11669 ;;      Totals:         0       0       0       0       0       0       0       0       0       0       0       0       
      +0       0       0       0       0
 11670 ;;Total ram usage:        0 bytes
 11671 ;; Hardware stack levels used: 1
 11672 ;; Hardware stack levels required when called: 4
 11673 ;; This function calls:
 11674 ;;		Nothing
 11675 ;; This function is called by:
 11676 ;;		_SYSTEM_Initialize
 11677 ;; This function uses a non-reentrant model
 11678 ;;
 11679                           
 11680                           	psect	text16
 11681   0015D0                     __ptext16:
 11682                           	callstack 0
 11683   0015D0                     _OSCILLATOR_Initialize:
 11684                           	callstack 25
 11685   0015D0                     
 11686                           ;mcc_generated_files/mcc.c: 68:     OSCCON1 = 0x62;
 11687   0015D0  0E62               	movlw	98
 11688   0015D2  0139               	movlb	57	; () banked
 11689   0015D4  6FD9               	movwf	217,b	;volatile
 11690   0015D6                     
 11691                           ; BSR set to: 57
 11692                           ;mcc_generated_files/mcc.c: 70:     OSCCON3 = 0x00;
 11693   0015D6  6BDB               	clrf	219,b	;volatile
 11694   0015D8                     
 11695                           ; BSR set to: 57
 11696                           ;mcc_generated_files/mcc.c: 72:     OSCEN = 0x00;
 11697   0015D8  6BDD               	clrf	221,b	;volatile
 11698                           
 11699                           ;mcc_generated_files/mcc.c: 74:     OSCFRQ = 0x06;
 11700   0015DA  0E06               	movlw	6
 11701   0015DC  6FDF               	movwf	223,b	;volatile
 11702   0015DE                     
 11703                           ; BSR set to: 57
 11704                           ;mcc_generated_files/mcc.c: 76:     OSCTUNE = 0x00;
 11705   0015DE  6BDE               	clrf	222,b	;volatile
 11706   0015E0                     
 11707                           ; BSR set to: 57
 11708   0015E0  0012               	return		;funcret
 11709   0015E2                     __end_of_OSCILLATOR_Initialize:
 11710                           	callstack 0
 11711                           
 11712 ;; *************** function _INTERRUPT_Initialize *****************
 11713 ;; Defined at:
 11714 ;;		line 52 in file "mcc_generated_files/interrupt_manager.c"
 11715 ;; Parameters:    Size  Location     Type
 11716 ;;		None
 11717 ;; Auto vars:     Size  Location     Type
 11718 ;;  state           1    4[BANK0 ] _Bool 
 11719 ;; Return value:  Size  Location     Type
 11720 ;;                  1    wreg      void 
 11721 ;; Registers used:
 11722 ;;		wreg, status,2
 11723 ;; Tracked objects:
 11724 ;;		On entry : 0/0
 11725 ;;		On exit  : 0/0
 11726 ;;		Unchanged: 0/0
 11727 ;; Data sizes:     COMRAM   BANK0   BANK1   BANK2   BANK3   BANK4   BANK5   BANK6   BANK7   BANK8   BANK9  BANK10  BANK1
      +1  BANK12  BANK13  BANK14  BANK15
 11728 ;;      Params:         0       0       0       0       0       0       0       0       0       0       0       0       
      +0       0       0       0       0
 11729 ;;      Locals:         0       1       0       0       0       0       0       0       0       0       0       0       
      +0       0       0       0       0
 11730 ;;      Temps:          0       0       0       0       0       0       0       0       0       0       0       0       
      +0       0       0       0       0
 11731 ;;      Totals:         0       1       0       0       0       0       0       0       0       0       0       0       
      +0       0       0       0       0
 11732 ;;Total ram usage:        1 bytes
 11733 ;; Hardware stack levels used: 1
 11734 ;; Hardware stack levels required when called: 4
 11735 ;; This function calls:
 11736 ;;		Nothing
 11737 ;; This function is called by:
 11738 ;;		_SYSTEM_Initialize
 11739 ;; This function uses a non-reentrant model
 11740 ;;
 11741                           
 11742                           	psect	text17
 11743   0013FA                     __ptext17:
 11744                           	callstack 0
 11745   0013FA                     _INTERRUPT_Initialize:
 11746                           	callstack 25
 11747   0013FA                     
 11748                           ;mcc_generated_files/interrupt_manager.c: 54:     INTCON0bits.IPEN = 1;
 11749   0013FA  8AD2               	bsf	210,5,c	;volatile
 11750   0013FC                     
 11751                           ;mcc_generated_files/interrupt_manager.c: 56:     _Bool state = (unsigned char)GIE;
 11752   0013FC  0E00               	movlw	0
 11753   0013FE  BED2               	btfsc	16338,7,c	;volatile
 11754   001400  0E01               	movlw	1
 11755   001402  0100               	movlb	0	; () banked
 11756   001404  6F64               	movwf	INTERRUPT_Initialize@state& (0+255),b
 11757   001406                     
 11758                           ; BSR set to: 0
 11759                           ;mcc_generated_files/interrupt_manager.c: 57:     GIE = 0;
 11760   001406  9ED2               	bcf	16338,7,c	;volatile
 11761                           
 11762                           ;mcc_generated_files/interrupt_manager.c: 58:     IVTLOCK = 0x55;
 11763   001408  0E55               	movlw	85
 11764   00140A  6ED4               	movwf	212,c	;volatile
 11765                           
 11766                           ;mcc_generated_files/interrupt_manager.c: 59:     IVTLOCK = 0xAA;
 11767   00140C  0EAA               	movlw	170
 11768   00140E  6ED4               	movwf	212,c	;volatile
 11769   001410                     
 11770                           ; BSR set to: 0
 11771                           ;mcc_generated_files/interrupt_manager.c: 60:     IVTLOCKbits.IVTLOCKED = 0x00;
 11772   001410  90D4               	bcf	212,0,c	;volatile
 11773   001412                     
 11774                           ; BSR set to: 0
 11775                           ;mcc_generated_files/interrupt_manager.c: 62:     IVTBASEU = 0;
 11776   001412  6AD7               	clrf	215,c	;volatile
 11777   001414                     
 11778                           ; BSR set to: 0
 11779                           ;mcc_generated_files/interrupt_manager.c: 63:     IVTBASEH = 0;
 11780   001414  6AD6               	clrf	214,c	;volatile
 11781                           
 11782                           ;mcc_generated_files/interrupt_manager.c: 64:     IVTBASEL = 8;
 11783   001416  0E08               	movlw	8
 11784   001418  6ED5               	movwf	213,c	;volatile
 11785                           
 11786                           ;mcc_generated_files/interrupt_manager.c: 66:     IVTLOCK = 0x55;
 11787   00141A  0E55               	movlw	85
 11788   00141C  6ED4               	movwf	212,c	;volatile
 11789                           
 11790                           ;mcc_generated_files/interrupt_manager.c: 67:     IVTLOCK = 0xAA;
 11791   00141E  0EAA               	movlw	170
 11792   001420  6ED4               	movwf	212,c	;volatile
 11793   001422                     
 11794                           ; BSR set to: 0
 11795                           ;mcc_generated_files/interrupt_manager.c: 68:     IVTLOCKbits.IVTLOCKED = 0x01;
 11796   001422  80D4               	bsf	212,0,c	;volatile
 11797   001424                     
 11798                           ; BSR set to: 0
 11799                           ;mcc_generated_files/interrupt_manager.c: 70:     GIE = state;
 11800   001424  B164               	btfsc	INTERRUPT_Initialize@state& (0+255),0,b
 11801   001426  D002               	bra	u425
 11802   001428  9ED2               	bcf	16338,7,c	;volatile
 11803   00142A  D001               	bra	u426
 11804   00142C                     u425:
 11805   00142C  8ED2               	bsf	16338,7,c	;volatile
 11806   00142E                     u426:
 11807   00142E                     
 11808                           ;mcc_generated_files/interrupt_manager.c: 73:     IPR3bits.U1TXIP = 1;
 11809   00142E  0139               	movlb	57	; () banked
 11810   001430  8983               	bsf	131,4,b	;volatile
 11811   001432                     
 11812                           ; BSR set to: 57
 11813                           ;mcc_generated_files/interrupt_manager.c: 74:     IPR3bits.U1RXIP = 1;
 11814   001432  8783               	bsf	131,3,b	;volatile
 11815   001434                     
 11816                           ; BSR set to: 57
 11817                           ;mcc_generated_files/interrupt_manager.c: 75:     IPR9bits.TMR6IP = 1;
 11818   001434  8189               	bsf	137,0,b	;volatile
 11819   001436                     
 11820                           ; BSR set to: 57
 11821                           ;mcc_generated_files/interrupt_manager.c: 76:     IPR4bits.TMR1IP = 1;
 11822   001436  8184               	bsf	132,0,b	;volatile
 11823   001438                     
 11824                           ; BSR set to: 57
 11825   001438  0012               	return		;funcret
 11826   00143A                     __end_of_INTERRUPT_Initialize:
 11827                           	callstack 0
 11828                           
 11829 ;; *************** function _FVR_Initialize *****************
 11830 ;; Defined at:
 11831 ;;		line 58 in file "mcc_generated_files/fvr.c"
 11832 ;; Parameters:    Size  Location     Type
 11833 ;;		None
 11834 ;; Auto vars:     Size  Location     Type
 11835 ;;		None
 11836 ;; Return value:  Size  Location     Type
 11837 ;;                  1    wreg      void 
 11838 ;; Registers used:
 11839 ;;		wreg, status,2
 11840 ;; Tracked objects:
 11841 ;;		On entry : 0/0
 11842 ;;		On exit  : 0/0
 11843 ;;		Unchanged: 0/0
 11844 ;; Data sizes:     COMRAM   BANK0   BANK1   BANK2   BANK3   BANK4   BANK5   BANK6   BANK7   BANK8   BANK9  BANK10  BANK1
      +1  BANK12  BANK13  BANK14  BANK15
 11845 ;;      Params:         0       0       0       0       0       0       0       0       0       0       0       0       
      +0       0       0       0       0
 11846 ;;      Locals:         0       0       0       0       0       0       0       0       0       0       0       0       
      +0       0       0       0       0
 11847 ;;      Temps:          0       0       0       0       0       0       0       0       0       0       0       0       
      +0       0       0       0       0
 11848 ;;      Totals:         0       0       0       0       0       0       0       0       0       0       0       0       
      +0       0       0       0       0
 11849 ;;Total ram usage:        0 bytes
 11850 ;; Hardware stack levels used: 1
 11851 ;; Hardware stack levels required when called: 4
 11852 ;; This function calls:
 11853 ;;		Nothing
 11854 ;; This function is called by:
 11855 ;;		_SYSTEM_Initialize
 11856 ;; This function uses a non-reentrant model
 11857 ;;
 11858                           
 11859                           	psect	text18
 11860   001636                     __ptext18:
 11861                           	callstack 0
 11862   001636                     _FVR_Initialize:
 11863                           	callstack 25
 11864   001636                     
 11865                           ;mcc_generated_files/fvr.c: 61:     FVRCON = 0x82;
 11866   001636  0E82               	movlw	130
 11867   001638  013E               	movlb	62	; () banked
 11868   00163A  6FC1               	movwf	193,b	;volatile
 11869   00163C                     
 11870                           ; BSR set to: 62
 11871   00163C  0012               	return		;funcret
 11872   00163E                     __end_of_FVR_Initialize:
 11873                           	callstack 0
 11874                           
 11875 ;; *************** function _ADCC_Initialize *****************
 11876 ;; Defined at:
 11877 ;;		line 62 in file "mcc_generated_files/adcc.c"
 11878 ;; Parameters:    Size  Location     Type
 11879 ;;		None
 11880 ;; Auto vars:     Size  Location     Type
 11881 ;;		None
 11882 ;; Return value:  Size  Location     Type
 11883 ;;                  1    wreg      void 
 11884 ;; Registers used:
 11885 ;;		wreg, status,2
 11886 ;; Tracked objects:
 11887 ;;		On entry : 0/0
 11888 ;;		On exit  : 0/0
 11889 ;;		Unchanged: 0/0
 11890 ;; Data sizes:     COMRAM   BANK0   BANK1   BANK2   BANK3   BANK4   BANK5   BANK6   BANK7   BANK8   BANK9  BANK10  BANK1
      +1  BANK12  BANK13  BANK14  BANK15
 11891 ;;      Params:         0       0       0       0       0       0       0       0       0       0       0       0       
      +0       0       0       0       0
 11892 ;;      Locals:         0       0       0       0       0       0       0       0       0       0       0       0       
      +0       0       0       0       0
 11893 ;;      Temps:          0       0       0       0       0       0       0       0       0       0       0       0       
      +0       0       0       0       0
 11894 ;;      Totals:         0       0       0       0       0       0       0       0       0       0       0       0       
      +0       0       0       0       0
 11895 ;;Total ram usage:        0 bytes
 11896 ;; Hardware stack levels used: 1
 11897 ;; Hardware stack levels required when called: 4
 11898 ;; This function calls:
 11899 ;;		Nothing
 11900 ;; This function is called by:
 11901 ;;		_SYSTEM_Initialize
 11902 ;; This function uses a non-reentrant model
 11903 ;;
 11904                           
 11905                           	psect	text19
 11906   001478                     __ptext19:
 11907                           	callstack 0
 11908   001478                     _ADCC_Initialize:
 11909                           	callstack 25
 11910   001478                     
 11911                           ;mcc_generated_files/adcc.c: 66:     ADLTHL = 0x00;
 11912   001478  013E               	movlb	62	; () banked
 11913   00147A  6BDE               	clrf	222,b	;volatile
 11914                           
 11915                           ;mcc_generated_files/adcc.c: 68:     ADLTHH = 0x00;
 11916   00147C  6BDF               	clrf	223,b	;volatile
 11917                           
 11918                           ;mcc_generated_files/adcc.c: 70:     ADUTHL = 0x00;
 11919   00147E  6BE0               	clrf	224,b	;volatile
 11920                           
 11921                           ;mcc_generated_files/adcc.c: 72:     ADUTHH = 0x00;
 11922   001480  6BE1               	clrf	225,b	;volatile
 11923                           
 11924                           ;mcc_generated_files/adcc.c: 74:     ADSTPTL = 0x00;
 11925   001482  6BE4               	clrf	228,b	;volatile
 11926                           
 11927                           ;mcc_generated_files/adcc.c: 76:     ADSTPTH = 0x00;
 11928   001484  6BE5               	clrf	229,b	;volatile
 11929                           
 11930                           ;mcc_generated_files/adcc.c: 78:     ADACCU = 0x00;
 11931   001486  6BEA               	clrf	234,b	;volatile
 11932                           
 11933                           ;mcc_generated_files/adcc.c: 80:     ADRPT = 0x00;
 11934   001488  6BEC               	clrf	236,b	;volatile
 11935   00148A                     
 11936                           ; BSR set to: 62
 11937                           ;mcc_generated_files/adcc.c: 82:     ADPCH = 0x04;
 11938   00148A  0E04               	movlw	4
 11939   00148C  6FF1               	movwf	241,b	;volatile
 11940                           
 11941                           ;mcc_generated_files/adcc.c: 84:     ADACQL = 0x01;
 11942   00148E  0E01               	movlw	1
 11943   001490  6FF3               	movwf	243,b	;volatile
 11944   001492                     
 11945                           ; BSR set to: 62
 11946                           ;mcc_generated_files/adcc.c: 86:     ADACQH = 0x00;
 11947   001492  6BF4               	clrf	244,b	;volatile
 11948   001494                     
 11949                           ; BSR set to: 62
 11950                           ;mcc_generated_files/adcc.c: 88:     ADCAP = 0x00;
 11951   001494  6BF5               	clrf	245,b	;volatile
 11952   001496                     
 11953                           ; BSR set to: 62
 11954                           ;mcc_generated_files/adcc.c: 90:     ADPREL = 0x00;
 11955   001496  6BF6               	clrf	246,b	;volatile
 11956   001498                     
 11957                           ; BSR set to: 62
 11958                           ;mcc_generated_files/adcc.c: 92:     ADPREH = 0x00;
 11959   001498  6BF7               	clrf	247,b	;volatile
 11960   00149A                     
 11961                           ; BSR set to: 62
 11962                           ;mcc_generated_files/adcc.c: 94:     ADCON1 = 0x00;
 11963   00149A  6BF9               	clrf	249,b	;volatile
 11964   00149C                     
 11965                           ; BSR set to: 62
 11966                           ;mcc_generated_files/adcc.c: 96:     ADCON2 = 0x00;
 11967   00149C  6BFA               	clrf	250,b	;volatile
 11968   00149E                     
 11969                           ; BSR set to: 62
 11970                           ;mcc_generated_files/adcc.c: 98:     ADCON3 = 0x00;
 11971   00149E  6BFB               	clrf	251,b	;volatile
 11972   0014A0                     
 11973                           ; BSR set to: 62
 11974                           ;mcc_generated_files/adcc.c: 100:     ADSTAT = 0x00;
 11975   0014A0  6BFC               	clrf	252,b	;volatile
 11976                           
 11977                           ;mcc_generated_files/adcc.c: 102:     ADREF = 0x03;
 11978   0014A2  0E03               	movlw	3
 11979   0014A4  6FFD               	movwf	253,b	;volatile
 11980   0014A6                     
 11981                           ; BSR set to: 62
 11982                           ;mcc_generated_files/adcc.c: 104:     ADACT = 0x00;
 11983   0014A6  6BFE               	clrf	254,b	;volatile
 11984                           
 11985                           ;mcc_generated_files/adcc.c: 106:     ADCLK = 0x03;
 11986   0014A8  0E03               	movlw	3
 11987   0014AA  6FFF               	movwf	255,b	;volatile
 11988                           
 11989                           ;mcc_generated_files/adcc.c: 108:     ADCON0 = 0x84;
 11990   0014AC  0E84               	movlw	132
 11991   0014AE  6FF8               	movwf	248,b	;volatile
 11992   0014B0                     
 11993                           ; BSR set to: 62
 11994   0014B0  0012               	return		;funcret
 11995   0014B2                     __end_of_ADCC_Initialize:
 11996                           	callstack 0
 11997                           
 11998 ;; *************** function _TMR1_ISR *****************
 11999 ;; Defined at:
 12000 ;;		line 165 in file "mcc_generated_files/tmr1.c"
 12001 ;; Parameters:    Size  Location     Type
 12002 ;;		None
 12003 ;; Auto vars:     Size  Location     Type
 12004 ;;		None
 12005 ;; Return value:  Size  Location     Type
 12006 ;;                  1    wreg      void 
 12007 ;; Registers used:
 12008 ;;		wreg, status,2, status,0, pcl, pclath, pclatu, tosl, cstack
 12009 ;; Tracked objects:
 12010 ;;		On entry : 0/0
 12011 ;;		On exit  : 0/0
 12012 ;;		Unchanged: 0/0
 12013 ;; Data sizes:     COMRAM   BANK0   BANK1   BANK2   BANK3   BANK4   BANK5   BANK6   BANK7   BANK8   BANK9  BANK10  BANK1
      +1  BANK12  BANK13  BANK14  BANK15
 12014 ;;      Params:         0       0       0       0       0       0       0       0       0       0       0       0       
      +0       0       0       0       0
 12015 ;;      Locals:         0       0       0       0       0       0       0       0       0       0       0       0       
      +0       0       0       0       0
 12016 ;;      Temps:          2       0       0       0       0       0       0       0       0       0       0       0       
      +0       0       0       0       0
 12017 ;;      Totals:         2       0       0       0       0       0       0       0       0       0       0       0       
      +0       0       0       0       0
 12018 ;;Total ram usage:        2 bytes
 12019 ;; Hardware stack levels used: 1
 12020 ;; Hardware stack levels required when called: 1
 12021 ;; This function calls:
 12022 ;;		NULL
 12023 ;;		_TMR1_DefaultInterruptHandler
 12024 ;;		_TMR1_WriteTimer
 12025 ;; This function is called by:
 12026 ;;		Interrupt level 2
 12027 ;; This function uses a non-reentrant model
 12028 ;;
 12029                           
 12030                           	psect	text20
 12031   00129C                     __ptext20:
 12032                           	callstack 0
 12033   00129C                     _TMR1_ISR:
 12034                           	callstack 26
 12035                           
 12036                           ; BSR set to: 62
 12037                           ;incstack = 0
 12038   00129C  006F FFE8  F03E    	movff	pclath,??_TMR1_ISR
 12039   0012A2  006F FFEC  F03F    	movff	pclatu,??_TMR1_ISR+1
 12040   0012A8                     
 12041                           ;mcc_generated_files/tmr1.c: 169:     PIR4bits.TMR1IF = 0;
 12042   0012A8  0139               	movlb	57	; () banked
 12043   0012AA  91A4               	bcf	164,0,b	;volatile
 12044   0012AC                     
 12045                           ; BSR set to: 57
 12046                           ;mcc_generated_files/tmr1.c: 170:     TMR1_WriteTimer(timer1ReloadVal);
 12047   0012AC  C021  F03C         	movff	_timer1ReloadVal,TMR1_WriteTimer@timerVal	;volatile
 12048   0012B0  C022  F03D         	movff	_timer1ReloadVal+1,TMR1_WriteTimer@timerVal+1	;volatile
 12049   0012B4  EC89  F00A         	call	_TMR1_WriteTimer	;wreg free
 12050   0012B8                     
 12051                           ;mcc_generated_files/tmr1.c: 172:     if(TMR1_InterruptHandler)
 12052   0012B8  5053               	movf	_TMR1_InterruptHandler^0,w,c
 12053   0012BA  1054               	iorwf	(_TMR1_InterruptHandler+1)^0,w,c
 12054   0012BC  B4D8               	btfsc	status,2,c
 12055   0012BE  EF63  F009         	goto	i2u38_41
 12056   0012C2  EF65  F009         	goto	i2u38_40
 12057   0012C6                     i2u38_41:
 12058   0012C6  EF71  F009         	goto	i2l74
 12059   0012CA                     i2u38_40:
 12060   0012CA                     
 12061                           ;mcc_generated_files/tmr1.c: 173:     {;mcc_generated_files/tmr1.c: 174:         TMR1_In
      +                          terruptHandler();
 12062   0012CA  D802               	call	i2u39_48
 12063   0012CC  EF71  F009         	goto	i2u39_49
 12064   0012D0                     i2u39_48:
 12065   0012D0  0005               	push	
 12066   0012D2  6EFA               	movwf	pclath,c
 12067   0012D4  5053               	movf	_TMR1_InterruptHandler^0,w,c
 12068   0012D6  6EFD               	movwf	tosl,c
 12069   0012D8  5054               	movf	(_TMR1_InterruptHandler+1)^0,w,c
 12070   0012DA  6EFE               	movwf	tosh,c
 12071   0012DC  6AFF               	clrf	tosu,c
 12072   0012DE  50FA               	movf	pclath,w,c
 12073   0012E0  0012               	return		;indir
 12074   0012E2                     i2u39_49:
 12075   0012E2                     i2l74:
 12076   0012E2  0060  F0FF  FFFB   	movff	??_TMR1_ISR+1,pclatu
 12077   0012E8  0060  F0FB  FFFA   	movff	??_TMR1_ISR,pclath
 12078   0012EE  0011               	retfie		f
 12079   0012F0                     __end_of_TMR1_ISR:
 12080                           	callstack 0
 12081                           
 12082 ;; *************** function _TMR1_WriteTimer *****************
 12083 ;; Defined at:
 12084 ;;		line 128 in file "mcc_generated_files/tmr1.c"
 12085 ;; Parameters:    Size  Location     Type
 12086 ;;  timerVal        2    0[COMRAM] unsigned int 
 12087 ;; Auto vars:     Size  Location     Type
 12088 ;;		None
 12089 ;; Return value:  Size  Location     Type
 12090 ;;                  1    wreg      void 
 12091 ;; Registers used:
 12092 ;;		wreg, status,2
 12093 ;; Tracked objects:
 12094 ;;		On entry : 0/0
 12095 ;;		On exit  : 0/0
 12096 ;;		Unchanged: 0/0
 12097 ;; Data sizes:     COMRAM   BANK0   BANK1   BANK2   BANK3   BANK4   BANK5   BANK6   BANK7   BANK8   BANK9  BANK10  BANK1
      +1  BANK12  BANK13  BANK14  BANK15
 12098 ;;      Params:         2       0       0       0       0       0       0       0       0       0       0       0       
      +0       0       0       0       0
 12099 ;;      Locals:         0       0       0       0       0       0       0       0       0       0       0       0       
      +0       0       0       0       0
 12100 ;;      Temps:          0       0       0       0       0       0       0       0       0       0       0       0       
      +0       0       0       0       0
 12101 ;;      Totals:         2       0       0       0       0       0       0       0       0       0       0       0       
      +0       0       0       0       0
 12102 ;;Total ram usage:        2 bytes
 12103 ;; Hardware stack levels used: 1
 12104 ;; This function calls:
 12105 ;;		Nothing
 12106 ;; This function is called by:
 12107 ;;		_TMR1_ISR
 12108 ;;		_TMR1_Reload
 12109 ;; This function uses a non-reentrant model
 12110 ;;
 12111                           
 12112                           	psect	text21
 12113   001512                     __ptext21:
 12114                           	callstack 0
 12115   001512                     _TMR1_WriteTimer:
 12116                           	callstack 26
 12117   001512                     
 12118                           ;mcc_generated_files/tmr1.c: 128: void TMR1_WriteTimer(uint16_t timerVal);mcc_generated_
      +                          files/tmr1.c: 129: {;mcc_generated_files/tmr1.c: 130:     if (T1CONbits.NOT_SYNC == 1)
 12119   001512  A4B2               	btfss	178,2,c	;volatile
 12120   001514  EF8E  F00A         	goto	i2u36_41
 12121   001518  EF90  F00A         	goto	i2u36_40
 12122   00151C                     i2u36_41:
 12123   00151C  EF99  F00A         	goto	i2l2339
 12124   001520                     i2u36_40:
 12125   001520                     
 12126                           ;mcc_generated_files/tmr1.c: 131:     {;mcc_generated_files/tmr1.c: 133:         T1CONbi
      +                          ts.TMR1ON = 0;
 12127   001520  90B2               	bcf	178,0,c	;volatile
 12128   001522                     
 12129                           ;mcc_generated_files/tmr1.c: 136:         TMR1H = (uint8_t)(timerVal >> 8);
 12130   001522  503D               	movf	(TMR1_WriteTimer@timerVal+1)^0,w,c
 12131   001524  6EB1               	movwf	177,c	;volatile
 12132   001526                     
 12133                           ;mcc_generated_files/tmr1.c: 137:         TMR1L = (uint8_t)timerVal;
 12134   001526  0060  F0F3  FFB0   	movff	TMR1_WriteTimer@timerVal,16304	;volatile
 12135   00152C                     
 12136                           ;mcc_generated_files/tmr1.c: 140:         T1CONbits.TMR1ON =1;
 12137   00152C  80B2               	bsf	178,0,c	;volatile
 12138                           
 12139                           ;mcc_generated_files/tmr1.c: 141:     }
 12140   00152E  EF9E  F00A         	goto	i2l59
 12141   001532                     i2l2339:
 12142                           
 12143                           ;mcc_generated_files/tmr1.c: 143:     {;mcc_generated_files/tmr1.c: 145:         TMR1H =
      +                           (uint8_t)(timerVal >> 8);
 12144   001532  503D               	movf	(TMR1_WriteTimer@timerVal+1)^0,w,c
 12145   001534  6EB1               	movwf	177,c	;volatile
 12146   001536                     
 12147                           ;mcc_generated_files/tmr1.c: 146:         TMR1L = (uint8_t)timerVal;
 12148   001536  0060  F0F3  FFB0   	movff	TMR1_WriteTimer@timerVal,16304	;volatile
 12149   00153C                     i2l59:
 12150   00153C  0012               	return		;funcret
 12151   00153E                     __end_of_TMR1_WriteTimer:
 12152                           	callstack 0
 12153                           
 12154 ;; *************** function _TMR1_DefaultInterruptHandler *****************
 12155 ;; Defined at:
 12156 ;;		line 183 in file "mcc_generated_files/tmr1.c"
 12157 ;; Parameters:    Size  Location     Type
 12158 ;;		None
 12159 ;; Auto vars:     Size  Location     Type
 12160 ;;		None
 12161 ;; Return value:  Size  Location     Type
 12162 ;;                  1    wreg      void 
 12163 ;; Registers used:
 12164 ;;		None
 12165 ;; Tracked objects:
 12166 ;;		On entry : 0/0
 12167 ;;		On exit  : 0/0
 12168 ;;		Unchanged: 0/0
 12169 ;; Data sizes:     COMRAM   BANK0   BANK1   BANK2   BANK3   BANK4   BANK5   BANK6   BANK7   BANK8   BANK9  BANK10  BANK1
      +1  BANK12  BANK13  BANK14  BANK15
 12170 ;;      Params:         0       0       0       0       0       0       0       0       0       0       0       0       
      +0       0       0       0       0
 12171 ;;      Locals:         0       0       0       0       0       0       0       0       0       0       0       0       
      +0       0       0       0       0
 12172 ;;      Temps:          0       0       0       0       0       0       0       0       0       0       0       0       
      +0       0       0       0       0
 12173 ;;      Totals:         0       0       0       0       0       0       0       0       0       0       0       0       
      +0       0       0       0       0
 12174 ;;Total ram usage:        0 bytes
 12175 ;; Hardware stack levels used: 1
 12176 ;; This function calls:
 12177 ;;		Nothing
 12178 ;; This function is called by:
 12179 ;;		_TMR1_Initialize
 12180 ;;		_TMR1_ISR
 12181 ;; This function uses a non-reentrant model
 12182 ;;
 12183                           
 12184                           	psect	text22
 12185   001648                     __ptext22:
 12186                           	callstack 0
 12187   001648                     _TMR1_DefaultInterruptHandler:
 12188                           	callstack 26
 12189   001648  0012               	return		;funcret
 12190   00164A                     __end_of_TMR1_DefaultInterruptHandler:
 12191                           	callstack 0
 12192                           
 12193 ;; *************** function _Default_ISR *****************
 12194 ;; Defined at:
 12195 ;;		line 79 in file "mcc_generated_files/interrupt_manager.c"
 12196 ;; Parameters:    Size  Location     Type
 12197 ;;		None
 12198 ;; Auto vars:     Size  Location     Type
 12199 ;;		None
 12200 ;; Return value:  Size  Location     Type
 12201 ;;                  1    wreg      void 
 12202 ;; Registers used:
 12203 ;;		None
 12204 ;; Tracked objects:
 12205 ;;		On entry : 0/0
 12206 ;;		On exit  : 0/0
 12207 ;;		Unchanged: 0/0
 12208 ;; Data sizes:     COMRAM   BANK0   BANK1   BANK2   BANK3   BANK4   BANK5   BANK6   BANK7   BANK8   BANK9  BANK10  BANK1
      +1  BANK12  BANK13  BANK14  BANK15
 12209 ;;      Params:         0       0       0       0       0       0       0       0       0       0       0       0       
      +0       0       0       0       0
 12210 ;;      Locals:         0       0       0       0       0       0       0       0       0       0       0       0       
      +0       0       0       0       0
 12211 ;;      Temps:          0       0       0       0       0       0       0       0       0       0       0       0       
      +0       0       0       0       0
 12212 ;;      Totals:         0       0       0       0       0       0       0       0       0       0       0       0       
      +0       0       0       0       0
 12213 ;;Total ram usage:        0 bytes
 12214 ;; Hardware stack levels used: 1
 12215 ;; This function calls:
 12216 ;;		Nothing
 12217 ;; This function is called by:
 12218 ;;		Interrupt level 2
 12219 ;; This function uses a non-reentrant model
 12220 ;;
 12221                           
 12222                           	psect	text23
 12223   00164C                     __ptext23:
 12224                           	callstack 0
 12225   00164C                     _Default_ISR:
 12226                           	callstack 27
 12227   00164C  0011               	retfie		f
 12228   00164E                     __end_of_Default_ISR:
 12229                           	callstack 0
 12230                           
 12231 ;; *************** function _TMR6_ISR *****************
 12232 ;; Defined at:
 12233 ;;		line 176 in file "mcc_generated_files/tmr6.c"
 12234 ;; Parameters:    Size  Location     Type
 12235 ;;		None
 12236 ;; Auto vars:     Size  Location     Type
 12237 ;;		None
 12238 ;; Return value:  Size  Location     Type
 12239 ;;                  1    wreg      void 
 12240 ;; Registers used:
 12241 ;;		wreg, status,2, status,0, prodl, prodh, cstack
 12242 ;; Tracked objects:
 12243 ;;		On entry : 0/0
 12244 ;;		On exit  : 0/0
 12245 ;;		Unchanged: 0/0
 12246 ;; Data sizes:     COMRAM   BANK0   BANK1   BANK2   BANK3   BANK4   BANK5   BANK6   BANK7   BANK8   BANK9  BANK10  BANK1
      +1  BANK12  BANK13  BANK14  BANK15
 12247 ;;      Params:         0       0       0       0       0       0       0       0       0       0       0       0       
      +0       0       0       0       0
 12248 ;;      Locals:         0       0       0       0       0       0       0       0       0       0       0       0       
      +0       0       0       0       0
 12249 ;;      Temps:          4       0       0       0       0       0       0       0       0       0       0       0       
      +0       0       0       0       0
 12250 ;;      Totals:         4       0       0       0       0       0       0       0       0       0       0       0       
      +0       0       0       0       0
 12251 ;;Total ram usage:        4 bytes
 12252 ;; Hardware stack levels used: 1
 12253 ;; Hardware stack levels required when called: 1
 12254 ;; This function calls:
 12255 ;;		_ADCC_GetSingleConversion
 12256 ;; This function is called by:
 12257 ;;		Interrupt level 2
 12258 ;; This function uses a non-reentrant model
 12259 ;;
 12260                           
 12261                           	psect	text24
 12262   0011A4                     __ptext24:
 12263                           	callstack 0
 12264   0011A4                     _TMR6_ISR:
 12265                           	callstack 26
 12266   0011A4                     
 12267                           ;mcc_generated_files/tmr6.c: 180:     PIR9bits.TMR6IF = 0;
 12268   0011A4  0139               	movlb	57	; () banked
 12269   0011A6  91A9               	bcf	169,0,b	;volatile
 12270   0011A8                     
 12271                           ; BSR set to: 57
 12272                           ;mcc_generated_files/tmr6.c: 181:     static uint16_t AN2_b;;mcc_generated_files/tmr6.c:
      +                           182:     static uint16_t AN4_b;;mcc_generated_files/tmr6.c: 184:     if(Analog_ref) {
 12273   0011A8  502B               	movf	_Analog_ref^0,w,c
 12274   0011AA  B4D8               	btfsc	status,2,c
 12275   0011AC  EFDA  F008         	goto	i2u40_41
 12276   0011B0  EFDC  F008         	goto	i2u40_40
 12277   0011B4                     i2u40_41:
 12278   0011B4  EFF8  F008         	goto	i2l2395
 12279   0011B8                     i2u40_40:
 12280   0011B8                     
 12281                           ; BSR set to: 57
 12282                           ;mcc_generated_files/tmr6.c: 185:         AN2_b = ADCC_GetSingleConversion(AN2);
 12283   0011B8  5057               	movf	_AN2^0,w,c
 12284   0011BA  EC59  F00A         	call	_ADCC_GetSingleConversion
 12285   0011BE  C040  F01B         	movff	?_ADCC_GetSingleConversion,TMR6_ISR@AN2_b
 12286   0011C2  C041  F01C         	movff	?_ADCC_GetSingleConversion+1,TMR6_ISR@AN2_b+1
 12287   0011C6                     
 12288                           ;mcc_generated_files/tmr6.c: 186:         valor_AN2 = (AN2_b - 2048)*35;
 12289   0011C6  0E00               	movlw	0
 12290   0011C8  241B               	addwf	TMR6_ISR@AN2_b^0,w,c
 12291   0011CA  6E45               	movwf	??_TMR6_ISR^0,c
 12292   0011CC  0EF8               	movlw	248
 12293   0011CE  201C               	addwfc	(TMR6_ISR@AN2_b+1)^0,w,c
 12294   0011D0  6E46               	movwf	(??_TMR6_ISR+1)^0,c
 12295   0011D2  0E23               	movlw	35
 12296   0011D4  0245               	mulwf	??_TMR6_ISR^0,c
 12297   0011D6  006F FFCC  F047    	movff	prodl,??_TMR6_ISR+2
 12298   0011DC  006F FFD0  F048    	movff	prodh,??_TMR6_ISR+3
 12299   0011E2  0246               	mulwf	(??_TMR6_ISR+1)^0,c
 12300   0011E4  50F3               	movf	prodl,w,c
 12301   0011E6  2648               	addwf	(??_TMR6_ISR+3)^0,f,c
 12302   0011E8  C047  F01F         	movff	??_TMR6_ISR+2,_valor_AN2
 12303   0011EC  C048  F020         	movff	??_TMR6_ISR+3,_valor_AN2+1
 12304   0011F0                     i2l2395:
 12305                           
 12306                           ;mcc_generated_files/tmr6.c: 188:     AN4_b = ADCC_GetSingleConversion(AN4);
 12307   0011F0  5056               	movf	_AN4^0,w,c
 12308   0011F2  EC59  F00A         	call	_ADCC_GetSingleConversion
 12309   0011F6  C040  F019         	movff	?_ADCC_GetSingleConversion,TMR6_ISR@AN4_b
 12310   0011FA  C041  F01A         	movff	?_ADCC_GetSingleConversion+1,TMR6_ISR@AN4_b+1
 12311                           
 12312                           ;mcc_generated_files/tmr6.c: 189:     valor_AN4 = (AN4_b - 2048)*35;
 12313   0011FE  0E00               	movlw	0
 12314   001200  2419               	addwf	TMR6_ISR@AN4_b^0,w,c
 12315   001202  6E45               	movwf	??_TMR6_ISR^0,c
 12316   001204  0EF8               	movlw	248
 12317   001206  201A               	addwfc	(TMR6_ISR@AN4_b+1)^0,w,c
 12318   001208  6E46               	movwf	(??_TMR6_ISR+1)^0,c
 12319   00120A  0E23               	movlw	35
 12320   00120C  0245               	mulwf	??_TMR6_ISR^0,c
 12321   00120E  006F FFCC  F047    	movff	prodl,??_TMR6_ISR+2
 12322   001214  006F FFD0  F048    	movff	prodh,??_TMR6_ISR+3
 12323   00121A  0246               	mulwf	(??_TMR6_ISR+1)^0,c
 12324   00121C  50F3               	movf	prodl,w,c
 12325   00121E  2648               	addwf	(??_TMR6_ISR+3)^0,f,c
 12326   001220  C047  F01D         	movff	??_TMR6_ISR+2,_valor_AN4
 12327   001224  C048  F01E         	movff	??_TMR6_ISR+3,_valor_AN4+1
 12328   001228                     
 12329                           ;mcc_generated_files/tmr6.c: 191:     adc_ready = 1;
 12330   001228  0E01               	movlw	1
 12331   00122A  6E2A               	movwf	_adc_ready^0,c
 12332   00122C  0011               	retfie		f
 12333   00122E                     __end_of_TMR6_ISR:
 12334                           	callstack 0
 12335                           
 12336 ;; *************** function _ADCC_GetSingleConversion *****************
 12337 ;; Defined at:
 12338 ;;		line 137 in file "mcc_generated_files/adcc.c"
 12339 ;; Parameters:    Size  Location     Type
 12340 ;;  channel         1    wreg     enum E16078
 12341 ;; Auto vars:     Size  Location     Type
 12342 ;;  channel         1    8[COMRAM] enum E16078
 12343 ;; Return value:  Size  Location     Type
 12344 ;;                  2    4[COMRAM] unsigned int 
 12345 ;; Registers used:
 12346 ;;		wreg, status,2, status,0
 12347 ;; Tracked objects:
 12348 ;;		On entry : 0/0
 12349 ;;		On exit  : 0/0
 12350 ;;		Unchanged: 0/0
 12351 ;; Data sizes:     COMRAM   BANK0   BANK1   BANK2   BANK3   BANK4   BANK5   BANK6   BANK7   BANK8   BANK9  BANK10  BANK1
      +1  BANK12  BANK13  BANK14  BANK15
 12352 ;;      Params:         2       0       0       0       0       0       0       0       0       0       0       0       
      +0       0       0       0       0
 12353 ;;      Locals:         1       0       0       0       0       0       0       0       0       0       0       0       
      +0       0       0       0       0
 12354 ;;      Temps:          2       0       0       0       0       0       0       0       0       0       0       0       
      +0       0       0       0       0
 12355 ;;      Totals:         5       0       0       0       0       0       0       0       0       0       0       0       
      +0       0       0       0       0
 12356 ;;Total ram usage:        5 bytes
 12357 ;; Hardware stack levels used: 1
 12358 ;; This function calls:
 12359 ;;		Nothing
 12360 ;; This function is called by:
 12361 ;;		_TMR6_ISR
 12362 ;; This function uses a non-reentrant model
 12363 ;;
 12364                           
 12365                           	psect	text25
 12366   0014B2                     __ptext25:
 12367                           	callstack 0
 12368   0014B2                     _ADCC_GetSingleConversion:
 12369                           	callstack 26
 12370                           
 12371                           ;incstack = 0
 12372                           ;ADCC_GetSingleConversion@channel stored from wreg
 12373   0014B2  6E44               	movwf	ADCC_GetSingleConversion@channel^0,c
 12374   0014B4                     
 12375                           ;mcc_generated_files/adcc.c: 137: adc_result_t ADCC_GetSingleConversion(adcc_channel_t c
      +                          hannel);mcc_generated_files/adcc.c: 138: {;mcc_generated_files/adcc.c: 140:     ADPCH = 
      +                          channel;
 12376   0014B4  0060  F113  FEF1   	movff	ADCC_GetSingleConversion@channel,16113	;volatile
 12377   0014BA                     
 12378                           ;mcc_generated_files/adcc.c: 143:     ADCON0bits.ADON = 1;
 12379   0014BA  013E               	movlb	62	; () banked
 12380   0014BC  8FF8               	bsf	248,7,b	;volatile
 12381   0014BE                     
 12382                           ; BSR set to: 62
 12383                           ;mcc_generated_files/adcc.c: 146:     ADCON0bits.ADCONT = 0;
 12384   0014BE  9DF8               	bcf	248,6,b	;volatile
 12385   0014C0                     
 12386                           ; BSR set to: 62
 12387                           ;mcc_generated_files/adcc.c: 149:     ADCON0bits.ADGO = 1;
 12388   0014C0  81F8               	bsf	248,0,b	;volatile
 12389   0014C2                     i2l171:
 12390                           
 12391                           ; BSR set to: 62
 12392                           ;mcc_generated_files/adcc.c: 153:     while (ADCON0bits.ADGO)
 12393   0014C2  B1F8               	btfsc	248,0,b	;volatile
 12394   0014C4  EF66  F00A         	goto	i2u37_41
 12395   0014C8  EF68  F00A         	goto	i2u37_40
 12396   0014CC                     i2u37_41:
 12397   0014CC  EF61  F00A         	goto	i2l171
 12398   0014D0                     i2u37_40:
 12399   0014D0                     
 12400                           ; BSR set to: 62
 12401                           ;mcc_generated_files/adcc.c: 159:     return ((adc_result_t)((ADRESH << 8) + ADRESL));
 12402   0014D0  51F0               	movf	240,w,b	;volatile
 12403   0014D2  6E43               	movwf	(??_ADCC_GetSingleConversion+1)^0,c
 12404   0014D4  6A42               	clrf	??_ADCC_GetSingleConversion^0,c
 12405   0014D6  51EF               	movf	239,w,b	;volatile
 12406   0014D8  2442               	addwf	??_ADCC_GetSingleConversion^0,w,c
 12407   0014DA  6E40               	movwf	?_ADCC_GetSingleConversion^0,c
 12408   0014DC  0E00               	movlw	0
 12409   0014DE  2043               	addwfc	(??_ADCC_GetSingleConversion+1)^0,w,c
 12410   0014E0  6E41               	movwf	(?_ADCC_GetSingleConversion+1)^0,c
 12411   0014E2                     
 12412                           ; BSR set to: 62
 12413   0014E2  0012               	return		;funcret
 12414   0014E4                     __end_of_ADCC_GetSingleConversion:
 12415                           	callstack 0
 12416                           
 12417 ;; *************** function _UART1_tx_vect_isr *****************
 12418 ;; Defined at:
 12419 ;;		line 225 in file "mcc_generated_files/uart1.c"
 12420 ;; Parameters:    Size  Location     Type
 12421 ;;		None
 12422 ;; Auto vars:     Size  Location     Type
 12423 ;;		None
 12424 ;; Return value:  Size  Location     Type
 12425 ;;                  1    wreg      void 
 12426 ;; Registers used:
 12427 ;;		wreg, fsr2l, fsr2h, status,2, status,0, pcl, pclath, pclatu, tosl, cstack
 12428 ;; Tracked objects:
 12429 ;;		On entry : 0/0
 12430 ;;		On exit  : 0/0
 12431 ;;		Unchanged: 0/0
 12432 ;; Data sizes:     COMRAM   BANK0   BANK1   BANK2   BANK3   BANK4   BANK5   BANK6   BANK7   BANK8   BANK9  BANK10  BANK1
      +1  BANK12  BANK13  BANK14  BANK15
 12433 ;;      Params:         0       0       0       0       0       0       0       0       0       0       0       0       
      +0       0       0       0       0
 12434 ;;      Locals:         0       0       0       0       0       0       0       0       0       0       0       0       
      +0       0       0       0       0
 12435 ;;      Temps:          0       2       0       0       0       0       0       0       0       0       0       0       
      +0       0       0       0       0
 12436 ;;      Totals:         0       2       0       0       0       0       0       0       0       0       0       0       
      +0       0       0       0       0
 12437 ;;Total ram usage:        2 bytes
 12438 ;; Hardware stack levels used: 1
 12439 ;; Hardware stack levels required when called: 1
 12440 ;; This function calls:
 12441 ;;		NULL
 12442 ;;		_UART1_Transmit_ISR
 12443 ;; This function is called by:
 12444 ;;		Interrupt level 2
 12445 ;; This function uses a non-reentrant model
 12446 ;;
 12447                           
 12448                           	psect	text26
 12449   0012F0                     __ptext26:
 12450                           	callstack 0
 12451   0012F0                     _UART1_tx_vect_isr:
 12452                           	callstack 26
 12453                           
 12454                           ; BSR set to: 62
 12455                           ;incstack = 0
 12456   0012F0  006F FFE8  F060    	movff	pclath,??_UART1_tx_vect_isr
 12457   0012F6  006F FFEC  F061    	movff	pclatu,??_UART1_tx_vect_isr+1
 12458   0012FC                     
 12459                           ;mcc_generated_files/uart1.c: 227:     if(UART1_TxInterruptHandler)
 12460   0012FC  504F               	movf	_UART1_TxInterruptHandler^0,w,c
 12461   0012FE  1050               	iorwf	(_UART1_TxInterruptHandler+1)^0,w,c
 12462   001300  B4D8               	btfsc	status,2,c
 12463   001302  EF85  F009         	goto	i2u51_41
 12464   001306  EF87  F009         	goto	i2u51_40
 12465   00130A                     i2u51_41:
 12466   00130A  EF93  F009         	goto	i2l756
 12467   00130E                     i2u51_40:
 12468   00130E                     
 12469                           ;mcc_generated_files/uart1.c: 228:     {;mcc_generated_files/uart1.c: 229:         UART1
      +                          _TxInterruptHandler();
 12470   00130E  D802               	call	i2u52_48
 12471   001310  EF93  F009         	goto	i2u52_49
 12472   001314                     i2u52_48:
 12473   001314  0005               	push	
 12474   001316  6EFA               	movwf	pclath,c
 12475   001318  504F               	movf	_UART1_TxInterruptHandler^0,w,c
 12476   00131A  6EFD               	movwf	tosl,c
 12477   00131C  5050               	movf	(_UART1_TxInterruptHandler+1)^0,w,c
 12478   00131E  6EFE               	movwf	tosh,c
 12479   001320  6AFF               	clrf	tosu,c
 12480   001322  50FA               	movf	pclath,w,c
 12481   001324  0012               	return		;indir
 12482   001326                     i2u52_49:
 12483   001326                     i2l756:
 12484   001326  0060  F187  FFFB   	movff	??_UART1_tx_vect_isr+1,pclatu
 12485   00132C  0060  F183  FFFA   	movff	??_UART1_tx_vect_isr,pclath
 12486   001332  0011               	retfie		f
 12487   001334                     __end_of_UART1_tx_vect_isr:
 12488                           	callstack 0
 12489                           
 12490 ;; *************** function _UART1_Transmit_ISR *****************
 12491 ;; Defined at:
 12492 ;;		line 243 in file "mcc_generated_files/uart1.c"
 12493 ;; Parameters:    Size  Location     Type
 12494 ;;		None
 12495 ;; Auto vars:     Size  Location     Type
 12496 ;;		None
 12497 ;; Return value:  Size  Location     Type
 12498 ;;                  1    wreg      void 
 12499 ;; Registers used:
 12500 ;;		wreg, fsr2l, fsr2h, status,2, status,0
 12501 ;; Tracked objects:
 12502 ;;		On entry : 0/0
 12503 ;;		On exit  : 0/0
 12504 ;;		Unchanged: 0/0
 12505 ;; Data sizes:     COMRAM   BANK0   BANK1   BANK2   BANK3   BANK4   BANK5   BANK6   BANK7   BANK8   BANK9  BANK10  BANK1
      +1  BANK12  BANK13  BANK14  BANK15
 12506 ;;      Params:         0       0       0       0       0       0       0       0       0       0       0       0       
      +0       0       0       0       0
 12507 ;;      Locals:         0       0       0       0       0       0       0       0       0       0       0       0       
      +0       0       0       0       0
 12508 ;;      Temps:          0       0       0       0       0       0       0       0       0       0       0       0       
      +0       0       0       0       0
 12509 ;;      Totals:         0       0       0       0       0       0       0       0       0       0       0       0       
      +0       0       0       0       0
 12510 ;;Total ram usage:        0 bytes
 12511 ;; Hardware stack levels used: 1
 12512 ;; This function calls:
 12513 ;;		Nothing
 12514 ;; This function is called by:
 12515 ;;		_UART1_Initialize
 12516 ;;		_UART1_tx_vect_isr
 12517 ;; This function uses a non-reentrant model
 12518 ;;
 12519                           
 12520                           	psect	text27
 12521   00143A                     __ptext27:
 12522                           	callstack 0
 12523   00143A                     _UART1_Transmit_ISR:
 12524                           	callstack 26
 12525   00143A                     
 12526                           ;mcc_generated_files/uart1.c: 246:     if(sizeof(uart1TxBuffer) > uart1TxBufferRemaining
      +                          )
 12527   00143A  0E08               	movlw	8
 12528   00143C  6027               	cpfslt	_uart1TxBufferRemaining^0,c	;volatile
 12529   00143E  EF23  F00A         	goto	i2u43_41
 12530   001442  EF25  F00A         	goto	i2u43_40
 12531   001446                     i2u43_41:
 12532   001446  EF39  F00A         	goto	i2l765
 12533   00144A                     i2u43_40:
 12534   00144A                     
 12535                           ;mcc_generated_files/uart1.c: 247:     {;mcc_generated_files/uart1.c: 248:         U1TXB
      +                           = uart1TxBuffer[uart1TxTail++];
 12536   00144A  5028               	movf	_uart1TxTail^0,w,c
 12537   00144C  0F11               	addlw	low _uart1TxBuffer
 12538   00144E  6ED9               	movwf	fsr2l,c
 12539   001450  6ADA               	clrf	fsr2h,c
 12540   001452  50DF               	movf	indf2,w,c
 12541   001454  013D               	movlb	61	; () banked
 12542   001456  6FEA               	movwf	234,b	;volatile
 12543   001458                     
 12544                           ; BSR set to: 61
 12545   001458  2A28               	incf	_uart1TxTail^0,f,c	;volatile
 12546   00145A                     
 12547                           ; BSR set to: 61
 12548                           ;mcc_generated_files/uart1.c: 249:        if(sizeof(uart1TxBuffer) <= uart1TxTail)
 12549   00145A  0E07               	movlw	7
 12550   00145C  6428               	cpfsgt	_uart1TxTail^0,c	;volatile
 12551   00145E  EF33  F00A         	goto	i2u44_41
 12552   001462  EF35  F00A         	goto	i2u44_40
 12553   001466                     i2u44_41:
 12554   001466  EF36  F00A         	goto	i2l2677
 12555   00146A                     i2u44_40:
 12556   00146A                     
 12557                           ; BSR set to: 61
 12558                           ;mcc_generated_files/uart1.c: 250:         {;mcc_generated_files/uart1.c: 251:          
      +                             uart1TxTail = 0;
 12559   00146A  6A28               	clrf	_uart1TxTail^0,c	;volatile
 12560   00146C                     i2l2677:
 12561                           
 12562                           ; BSR set to: 61
 12563                           ;mcc_generated_files/uart1.c: 253:         uart1TxBufferRemaining++;
 12564   00146C  2A27               	incf	_uart1TxBufferRemaining^0,f,c	;volatile
 12565                           
 12566                           ;mcc_generated_files/uart1.c: 254:     }
 12567   00146E  EF3B  F00A         	goto	i2l768
 12568   001472                     i2l765:
 12569                           
 12570                           ;mcc_generated_files/uart1.c: 256:     {;mcc_generated_files/uart1.c: 257:         PIE3b
      +                          its.U1TXIE = 0;
 12571   001472  0139               	movlb	57	; () banked
 12572   001474  9993               	bcf	147,4,b	;volatile
 12573   001476                     i2l768:
 12574   001476  0012               	return		;funcret
 12575   001478                     __end_of_UART1_Transmit_ISR:
 12576                           	callstack 0
 12577                           
 12578 ;; *************** function _UART1_rx_vect_isr *****************
 12579 ;; Defined at:
 12580 ;;		line 233 in file "mcc_generated_files/uart1.c"
 12581 ;; Parameters:    Size  Location     Type
 12582 ;;		None
 12583 ;; Auto vars:     Size  Location     Type
 12584 ;;		None
 12585 ;; Return value:  Size  Location     Type
 12586 ;;                  1    wreg      void 
 12587 ;; Registers used:
 12588 ;;		wreg, fsr2l, fsr2h, status,2, status,0, pcl, pclath, pclatu, tosl, cstack
 12589 ;; Tracked objects:
 12590 ;;		On entry : 0/0
 12591 ;;		On exit  : 0/0
 12592 ;;		Unchanged: 0/0
 12593 ;; Data sizes:     COMRAM   BANK0   BANK1   BANK2   BANK3   BANK4   BANK5   BANK6   BANK7   BANK8   BANK9  BANK10  BANK1
      +1  BANK12  BANK13  BANK14  BANK15
 12594 ;;      Params:         0       0       0       0       0       0       0       0       0       0       0       0       
      +0       0       0       0       0
 12595 ;;      Locals:         0       0       0       0       0       0       0       0       0       0       0       0       
      +0       0       0       0       0
 12596 ;;      Temps:          0       2       0       0       0       0       0       0       0       0       0       0       
      +0       0       0       0       0
 12597 ;;      Totals:         0       2       0       0       0       0       0       0       0       0       0       0       
      +0       0       0       0       0
 12598 ;;Total ram usage:        2 bytes
 12599 ;; Hardware stack levels used: 1
 12600 ;; Hardware stack levels required when called: 3
 12601 ;; This function calls:
 12602 ;;		NULL
 12603 ;;		_UART1_Receive_ISR
 12604 ;; This function is called by:
 12605 ;;		Interrupt level 2
 12606 ;; This function uses a non-reentrant model
 12607 ;;
 12608                           
 12609                           	psect	text28
 12610   001334                     __ptext28:
 12611                           	callstack 0
 12612   001334                     _UART1_rx_vect_isr:
 12613                           	callstack 24
 12614                           
 12615                           ;incstack = 0
 12616   001334  006F FFE8  F062    	movff	pclath,??_UART1_rx_vect_isr
 12617   00133A  006F FFEC  F063    	movff	pclatu,??_UART1_rx_vect_isr+1
 12618   001340                     
 12619                           ;mcc_generated_files/uart1.c: 235:     if(UART1_RxInterruptHandler)
 12620   001340  5051               	movf	_UART1_RxInterruptHandler^0,w,c
 12621   001342  1052               	iorwf	(_UART1_RxInterruptHandler+1)^0,w,c
 12622   001344  B4D8               	btfsc	status,2,c
 12623   001346  EFA7  F009         	goto	i2u53_41
 12624   00134A  EFA9  F009         	goto	i2u53_40
 12625   00134E                     i2u53_41:
 12626   00134E  EFB5  F009         	goto	i2l762
 12627   001352                     i2u53_40:
 12628   001352                     
 12629                           ;mcc_generated_files/uart1.c: 236:     {;mcc_generated_files/uart1.c: 237:         UART1
      +                          _RxInterruptHandler();
 12630   001352  D802               	call	i2u54_48
 12631   001354  EFB5  F009         	goto	i2u54_49
 12632   001358                     i2u54_48:
 12633   001358  0005               	push	
 12634   00135A  6EFA               	movwf	pclath,c
 12635   00135C  5051               	movf	_UART1_RxInterruptHandler^0,w,c
 12636   00135E  6EFD               	movwf	tosl,c
 12637   001360  5052               	movf	(_UART1_RxInterruptHandler+1)^0,w,c
 12638   001362  6EFE               	movwf	tosh,c
 12639   001364  6AFF               	clrf	tosu,c
 12640   001366  50FA               	movf	pclath,w,c
 12641   001368  0012               	return		;indir
 12642   00136A                     i2u54_49:
 12643   00136A                     i2l762:
 12644   00136A  0060  F18F  FFFB   	movff	??_UART1_rx_vect_isr+1,pclatu
 12645   001370  0060  F18B  FFFA   	movff	??_UART1_rx_vect_isr,pclath
 12646   001376  0011               	retfie		f
 12647   001378                     __end_of_UART1_rx_vect_isr:
 12648                           	callstack 0
 12649                           
 12650 ;; *************** function _UART1_Receive_ISR *****************
 12651 ;; Defined at:
 12652 ;;		line 263 in file "mcc_generated_files/uart1.c"
 12653 ;; Parameters:    Size  Location     Type
 12654 ;;		None
 12655 ;; Auto vars:     Size  Location     Type
 12656 ;;		None
 12657 ;; Return value:  Size  Location     Type
 12658 ;;                  1    wreg      void 
 12659 ;; Registers used:
 12660 ;;		wreg, fsr2l, fsr2h, status,2, status,0, pcl, pclath, pclatu, tosl, cstack
 12661 ;; Tracked objects:
 12662 ;;		On entry : 0/0
 12663 ;;		On exit  : 0/0
 12664 ;;		Unchanged: 0/0
 12665 ;; Data sizes:     COMRAM   BANK0   BANK1   BANK2   BANK3   BANK4   BANK5   BANK6   BANK7   BANK8   BANK9  BANK10  BANK1
      +1  BANK12  BANK13  BANK14  BANK15
 12666 ;;      Params:         0       0       0       0       0       0       0       0       0       0       0       0       
      +0       0       0       0       0
 12667 ;;      Locals:         0       0       0       0       0       0       0       0       0       0       0       0       
      +0       0       0       0       0
 12668 ;;      Temps:          0       0       0       0       0       0       0       0       0       0       0       0       
      +0       0       0       0       0
 12669 ;;      Totals:         0       0       0       0       0       0       0       0       0       0       0       0       
      +0       0       0       0       0
 12670 ;;Total ram usage:        0 bytes
 12671 ;; Hardware stack levels used: 1
 12672 ;; Hardware stack levels required when called: 2
 12673 ;; This function calls:
 12674 ;;		NULL
 12675 ;;		_UART1_DefaultErrorHandler
 12676 ;;		_UART1_DefaultFramingErrorHandler
 12677 ;;		_UART1_DefaultOverrunErrorHandler
 12678 ;;		_UART1_RxDataHandler
 12679 ;; This function is called by:
 12680 ;;		_UART1_Initialize
 12681 ;;		_UART1_rx_vect_isr
 12682 ;; This function uses a non-reentrant model
 12683 ;;
 12684                           
 12685                           	psect	text29
 12686   001072                     __ptext29:
 12687                           	callstack 0
 12688   001072                     _UART1_Receive_ISR:
 12689                           	callstack 24
 12690   001072                     
 12691                           ;mcc_generated_files/uart1.c: 266:     uart1RxStatusBuffer[uart1RxHead].status = 0;
 12692   001072  5026               	movf	_uart1RxHead^0,w,c
 12693   001074  0F01               	addlw	low _uart1RxStatusBuffer
 12694   001076  6ED9               	movwf	fsr2l,c
 12695   001078  6ADA               	clrf	fsr2h,c
 12696   00107A  6ADF               	clrf	indf2,c
 12697   00107C                     
 12698                           ;mcc_generated_files/uart1.c: 268:     if(U1ERRIRbits.FERIF){
 12699   00107C  013D               	movlb	61	; () banked
 12700   00107E  A7F9               	btfss	249,3,b	;volatile
 12701   001080  EF44  F008         	goto	i2u45_41
 12702   001084  EF46  F008         	goto	i2u45_40
 12703   001088                     i2u45_41:
 12704   001088  EF57  F008         	goto	i2l2687
 12705   00108C                     i2u45_40:
 12706   00108C                     
 12707                           ; BSR set to: 61
 12708                           ;mcc_generated_files/uart1.c: 269:         uart1RxStatusBuffer[uart1RxHead].ferr = 1;
 12709   00108C  5026               	movf	_uart1RxHead^0,w,c
 12710   00108E  0F01               	addlw	low _uart1RxStatusBuffer
 12711   001090  6ED9               	movwf	fsr2l,c
 12712   001092  6ADA               	clrf	fsr2h,c
 12713   001094  82DF               	bsf	indf2,1,c
 12714   001096                     
 12715                           ; BSR set to: 61
 12716                           ;mcc_generated_files/uart1.c: 270:         UART1_FramingErrorHandler();
 12717   001096  D802               	call	i2u46_48
 12718   001098  EF57  F008         	goto	i2u46_49
 12719   00109C                     i2u46_48:
 12720   00109C  0005               	push	
 12721   00109E  6EFA               	movwf	pclath,c
 12722   0010A0  504D               	movf	_UART1_FramingErrorHandler^0,w,c
 12723   0010A2  6EFD               	movwf	tosl,c
 12724   0010A4  504E               	movf	(_UART1_FramingErrorHandler+1)^0,w,c
 12725   0010A6  6EFE               	movwf	tosh,c
 12726   0010A8  6AFF               	clrf	tosu,c
 12727   0010AA  50FA               	movf	pclath,w,c
 12728   0010AC  0012               	return		;indir
 12729   0010AE                     i2u46_49:
 12730   0010AE                     i2l2687:
 12731                           
 12732                           ;mcc_generated_files/uart1.c: 273:     if(U1ERRIRbits.RXFOIF){
 12733   0010AE  013D               	movlb	61	; () banked
 12734   0010B0  A3F9               	btfss	249,1,b	;volatile
 12735   0010B2  EF5D  F008         	goto	i2u47_41
 12736   0010B6  EF5F  F008         	goto	i2u47_40
 12737   0010BA                     i2u47_41:
 12738   0010BA  EF70  F008         	goto	i2l2693
 12739   0010BE                     i2u47_40:
 12740   0010BE                     
 12741                           ; BSR set to: 61
 12742                           ;mcc_generated_files/uart1.c: 274:         uart1RxStatusBuffer[uart1RxHead].oerr = 1;
 12743   0010BE  5026               	movf	_uart1RxHead^0,w,c
 12744   0010C0  0F01               	addlw	low _uart1RxStatusBuffer
 12745   0010C2  6ED9               	movwf	fsr2l,c
 12746   0010C4  6ADA               	clrf	fsr2h,c
 12747   0010C6  84DF               	bsf	indf2,2,c
 12748   0010C8                     
 12749                           ; BSR set to: 61
 12750                           ;mcc_generated_files/uart1.c: 275:         UART1_OverrunErrorHandler();
 12751   0010C8  D802               	call	i2u48_48
 12752   0010CA  EF70  F008         	goto	i2u48_49
 12753   0010CE                     i2u48_48:
 12754   0010CE  0005               	push	
 12755   0010D0  6EFA               	movwf	pclath,c
 12756   0010D2  504B               	movf	_UART1_OverrunErrorHandler^0,w,c
 12757   0010D4  6EFD               	movwf	tosl,c
 12758   0010D6  504C               	movf	(_UART1_OverrunErrorHandler+1)^0,w,c
 12759   0010D8  6EFE               	movwf	tosh,c
 12760   0010DA  6AFF               	clrf	tosu,c
 12761   0010DC  50FA               	movf	pclath,w,c
 12762   0010DE  0012               	return		;indir
 12763   0010E0                     i2u48_49:
 12764   0010E0                     i2l2693:
 12765                           
 12766                           ;mcc_generated_files/uart1.c: 278:     if(uart1RxStatusBuffer[uart1RxHead].status){
 12767   0010E0  5026               	movf	_uart1RxHead^0,w,c
 12768   0010E2  0F01               	addlw	low _uart1RxStatusBuffer
 12769   0010E4  6ED9               	movwf	fsr2l,c
 12770   0010E6  6ADA               	clrf	fsr2h,c
 12771   0010E8  50DF               	movf	indf2,w,c
 12772   0010EA  B4D8               	btfsc	status,2,c
 12773   0010EC  EF7A  F008         	goto	i2u49_41
 12774   0010F0  EF7C  F008         	goto	i2u49_40
 12775   0010F4                     i2u49_41:
 12776   0010F4  EF8A  F008         	goto	i2l2697
 12777   0010F8                     i2u49_40:
 12778   0010F8                     
 12779                           ;mcc_generated_files/uart1.c: 279:         UART1_ErrorHandler();
 12780   0010F8  D802               	call	i2u50_48
 12781   0010FA  EF88  F008         	goto	i2u50_49
 12782   0010FE                     i2u50_48:
 12783   0010FE  0005               	push	
 12784   001100  6EFA               	movwf	pclath,c
 12785   001102  5049               	movf	_UART1_ErrorHandler^0,w,c
 12786   001104  6EFD               	movwf	tosl,c
 12787   001106  504A               	movf	(_UART1_ErrorHandler+1)^0,w,c
 12788   001108  6EFE               	movwf	tosh,c
 12789   00110A  6AFF               	clrf	tosu,c
 12790   00110C  50FA               	movf	pclath,w,c
 12791   00110E  0012               	return		;indir
 12792   001110                     i2u50_49:
 12793                           
 12794                           ;mcc_generated_files/uart1.c: 280:     } else {
 12795   001110  EF8C  F008         	goto	i2l775
 12796   001114                     i2l2697:
 12797                           
 12798                           ;mcc_generated_files/uart1.c: 281:         UART1_RxDataHandler();
 12799   001114  ECB3  F00A         	call	_UART1_RxDataHandler	;wreg free
 12800   001118                     i2l775:
 12801   001118  0012               	return		;funcret
 12802   00111A                     __end_of_UART1_Receive_ISR:
 12803                           	callstack 0
 12804                           
 12805 ;; *************** function _UART1_DefaultOverrunErrorHandler *****************
 12806 ;; Defined at:
 12807 ;;		line 299 in file "mcc_generated_files/uart1.c"
 12808 ;; Parameters:    Size  Location     Type
 12809 ;;		None
 12810 ;; Auto vars:     Size  Location     Type
 12811 ;;		None
 12812 ;; Return value:  Size  Location     Type
 12813 ;;                  1    wreg      void 
 12814 ;; Registers used:
 12815 ;;		None
 12816 ;; Tracked objects:
 12817 ;;		On entry : 0/0
 12818 ;;		On exit  : 0/0
 12819 ;;		Unchanged: 0/0
 12820 ;; Data sizes:     COMRAM   BANK0   BANK1   BANK2   BANK3   BANK4   BANK5   BANK6   BANK7   BANK8   BANK9  BANK10  BANK1
      +1  BANK12  BANK13  BANK14  BANK15
 12821 ;;      Params:         0       0       0       0       0       0       0       0       0       0       0       0       
      +0       0       0       0       0
 12822 ;;      Locals:         0       0       0       0       0       0       0       0       0       0       0       0       
      +0       0       0       0       0
 12823 ;;      Temps:          0       0       0       0       0       0       0       0       0       0       0       0       
      +0       0       0       0       0
 12824 ;;      Totals:         0       0       0       0       0       0       0       0       0       0       0       0       
      +0       0       0       0       0
 12825 ;;Total ram usage:        0 bytes
 12826 ;; Hardware stack levels used: 1
 12827 ;; This function calls:
 12828 ;;		Nothing
 12829 ;; This function is called by:
 12830 ;;		_UART1_Initialize
 12831 ;;		_UART1_Receive_ISR
 12832 ;; This function uses a non-reentrant model
 12833 ;;
 12834                           
 12835                           	psect	text30
 12836   00164E                     __ptext30:
 12837                           	callstack 0
 12838   00164E                     _UART1_DefaultOverrunErrorHandler:
 12839                           	callstack 25
 12840   00164E  0012               	return		;funcret
 12841   001650                     __end_of_UART1_DefaultOverrunErrorHandler:
 12842                           	callstack 0
 12843                           
 12844 ;; *************** function _UART1_DefaultFramingErrorHandler *****************
 12845 ;; Defined at:
 12846 ;;		line 297 in file "mcc_generated_files/uart1.c"
 12847 ;; Parameters:    Size  Location     Type
 12848 ;;		None
 12849 ;; Auto vars:     Size  Location     Type
 12850 ;;		None
 12851 ;; Return value:  Size  Location     Type
 12852 ;;                  1    wreg      void 
 12853 ;; Registers used:
 12854 ;;		None
 12855 ;; Tracked objects:
 12856 ;;		On entry : 0/0
 12857 ;;		On exit  : 0/0
 12858 ;;		Unchanged: 0/0
 12859 ;; Data sizes:     COMRAM   BANK0   BANK1   BANK2   BANK3   BANK4   BANK5   BANK6   BANK7   BANK8   BANK9  BANK10  BANK1
      +1  BANK12  BANK13  BANK14  BANK15
 12860 ;;      Params:         0       0       0       0       0       0       0       0       0       0       0       0       
      +0       0       0       0       0
 12861 ;;      Locals:         0       0       0       0       0       0       0       0       0       0       0       0       
      +0       0       0       0       0
 12862 ;;      Temps:          0       0       0       0       0       0       0       0       0       0       0       0       
      +0       0       0       0       0
 12863 ;;      Totals:         0       0       0       0       0       0       0       0       0       0       0       0       
      +0       0       0       0       0
 12864 ;;Total ram usage:        0 bytes
 12865 ;; Hardware stack levels used: 1
 12866 ;; This function calls:
 12867 ;;		Nothing
 12868 ;; This function is called by:
 12869 ;;		_UART1_Initialize
 12870 ;;		_UART1_Receive_ISR
 12871 ;; This function uses a non-reentrant model
 12872 ;;
 12873                           
 12874                           	psect	text31
 12875   001650                     __ptext31:
 12876                           	callstack 0
 12877   001650                     _UART1_DefaultFramingErrorHandler:
 12878                           	callstack 25
 12879   001650  0012               	return		;funcret
 12880   001652                     __end_of_UART1_DefaultFramingErrorHandler:
 12881                           	callstack 0
 12882                           
 12883 ;; *************** function _UART1_DefaultErrorHandler *****************
 12884 ;; Defined at:
 12885 ;;		line 301 in file "mcc_generated_files/uart1.c"
 12886 ;; Parameters:    Size  Location     Type
 12887 ;;		None
 12888 ;; Auto vars:     Size  Location     Type
 12889 ;;		None
 12890 ;; Return value:  Size  Location     Type
 12891 ;;                  1    wreg      void 
 12892 ;; Registers used:
 12893 ;;		wreg, fsr2l, fsr2h, status,2, status,0, cstack
 12894 ;; Tracked objects:
 12895 ;;		On entry : 0/0
 12896 ;;		On exit  : 0/0
 12897 ;;		Unchanged: 0/0
 12898 ;; Data sizes:     COMRAM   BANK0   BANK1   BANK2   BANK3   BANK4   BANK5   BANK6   BANK7   BANK8   BANK9  BANK10  BANK1
      +1  BANK12  BANK13  BANK14  BANK15
 12899 ;;      Params:         0       0       0       0       0       0       0       0       0       0       0       0       
      +0       0       0       0       0
 12900 ;;      Locals:         0       0       0       0       0       0       0       0       0       0       0       0       
      +0       0       0       0       0
 12901 ;;      Temps:          0       0       0       0       0       0       0       0       0       0       0       0       
      +0       0       0       0       0
 12902 ;;      Totals:         0       0       0       0       0       0       0       0       0       0       0       0       
      +0       0       0       0       0
 12903 ;;Total ram usage:        0 bytes
 12904 ;; Hardware stack levels used: 1
 12905 ;; Hardware stack levels required when called: 1
 12906 ;; This function calls:
 12907 ;;		_UART1_RxDataHandler
 12908 ;; This function is called by:
 12909 ;;		_UART1_Initialize
 12910 ;;		_UART1_Receive_ISR
 12911 ;; This function uses a non-reentrant model
 12912 ;;
 12913                           
 12914                           	psect	text32
 12915   00163E                     __ptext32:
 12916                           	callstack 0
 12917   00163E                     _UART1_DefaultErrorHandler:
 12918                           	callstack 24
 12919   00163E                     
 12920                           ;mcc_generated_files/uart1.c: 302:     UART1_RxDataHandler();
 12921   00163E  ECB3  F00A         	call	_UART1_RxDataHandler	;wreg free
 12922   001642  0012               	return		;funcret
 12923   001644                     __end_of_UART1_DefaultErrorHandler:
 12924                           	callstack 0
 12925                           
 12926 ;; *************** function _UART1_RxDataHandler *****************
 12927 ;; Defined at:
 12928 ;;		line 287 in file "mcc_generated_files/uart1.c"
 12929 ;; Parameters:    Size  Location     Type
 12930 ;;		None
 12931 ;; Auto vars:     Size  Location     Type
 12932 ;;		None
 12933 ;; Return value:  Size  Location     Type
 12934 ;;                  1    wreg      void 
 12935 ;; Registers used:
 12936 ;;		wreg, fsr2l, fsr2h, status,2, status,0
 12937 ;; Tracked objects:
 12938 ;;		On entry : 0/0
 12939 ;;		On exit  : 0/0
 12940 ;;		Unchanged: 0/0
 12941 ;; Data sizes:     COMRAM   BANK0   BANK1   BANK2   BANK3   BANK4   BANK5   BANK6   BANK7   BANK8   BANK9  BANK10  BANK1
      +1  BANK12  BANK13  BANK14  BANK15
 12942 ;;      Params:         0       0       0       0       0       0       0       0       0       0       0       0       
      +0       0       0       0       0
 12943 ;;      Locals:         0       0       0       0       0       0       0       0       0       0       0       0       
      +0       0       0       0       0
 12944 ;;      Temps:          0       0       0       0       0       0       0       0       0       0       0       0       
      +0       0       0       0       0
 12945 ;;      Totals:         0       0       0       0       0       0       0       0       0       0       0       0       
      +0       0       0       0       0
 12946 ;;Total ram usage:        0 bytes
 12947 ;; Hardware stack levels used: 1
 12948 ;; This function calls:
 12949 ;;		Nothing
 12950 ;; This function is called by:
 12951 ;;		_UART1_Receive_ISR
 12952 ;;		_UART1_DefaultErrorHandler
 12953 ;; This function uses a non-reentrant model
 12954 ;;
 12955                           
 12956                           	psect	text33
 12957   001566                     __ptext33:
 12958                           	callstack 0
 12959   001566                     _UART1_RxDataHandler:
 12960                           	callstack 25
 12961   001566                     
 12962                           ;mcc_generated_files/uart1.c: 289:     uart1RxBuffer[uart1RxHead++] = U1RXB;
 12963   001566  5026               	movf	_uart1RxHead^0,w,c
 12964   001568  0F09               	addlw	low _uart1RxBuffer
 12965   00156A  6ED9               	movwf	fsr2l,c
 12966   00156C  6ADA               	clrf	fsr2h,c
 12967   00156E  006F F7A3 FFDF     	movff	15848,indf2	;volatile
 12968   001574  2A26               	incf	_uart1RxHead^0,f,c	;volatile
 12969   001576                     
 12970                           ;mcc_generated_files/uart1.c: 290:     if(sizeof(uart1RxBuffer) <= uart1RxHead)
 12971   001576  0E07               	movlw	7
 12972   001578  6426               	cpfsgt	_uart1RxHead^0,c	;volatile
 12973   00157A  EFC1  F00A         	goto	i2u41_41
 12974   00157E  EFC3  F00A         	goto	i2u41_40
 12975   001582                     i2u41_41:
 12976   001582  EFC4  F00A         	goto	i2l2425
 12977   001586                     i2u41_40:
 12978   001586                     
 12979                           ;mcc_generated_files/uart1.c: 291:     {;mcc_generated_files/uart1.c: 292:         uart1
      +                          RxHead = 0;
 12980   001586  6A26               	clrf	_uart1RxHead^0,c	;volatile
 12981   001588                     i2l2425:
 12982                           
 12983                           ;mcc_generated_files/uart1.c: 294:     uart1RxCount++;
 12984   001588  2A24               	incf	_uart1RxCount^0,f,c	;volatile
 12985   00158A  0012               	return		;funcret
 12986   00158C                     __end_of_UART1_RxDataHandler:
 12987                           	callstack 0
 12988                           
 12989                           ;
 12990                           ; H/W Interrupt Vector Table @ 0x8
 12991                           ;
 12992                           
 12993                           	psect	ivt0x8
 12994   000008                     __pivt0x8:
 12995                           	callstack 0
 12996   000008                     ivt0x8_base:
 12997                           	callstack 0
 12998                           
 12999                           ; Vector 0 : SWINT
 13000   000008  0593               	dw	_Default_ISR shr (0+2)
 13001                           
 13002                           ; Vector 1 : HLVD
 13003   00000A  0593               	dw	_Default_ISR shr (0+2)
 13004                           
 13005                           ; Vector 2 : OSF
 13006   00000C  0593               	dw	_Default_ISR shr (0+2)
 13007                           
 13008                           ; Vector 3 : CSW
 13009   00000E  0593               	dw	_Default_ISR shr (0+2)
 13010                           
 13011                           ; Vector 4 : NVM
 13012   000010  0593               	dw	_Default_ISR shr (0+2)
 13013                           
 13014                           ; Vector 5 : SCAN
 13015   000012  0593               	dw	_Default_ISR shr (0+2)
 13016                           
 13017                           ; Vector 6 : CRC
 13018   000014  0593               	dw	_Default_ISR shr (0+2)
 13019                           
 13020                           ; Vector 7 : IOC
 13021   000016  0593               	dw	_Default_ISR shr (0+2)
 13022                           
 13023                           ; Vector 8 : INT0
 13024   000018  0593               	dw	_Default_ISR shr (0+2)
 13025                           
 13026                           ; Vector 9 : ZCD
 13027   00001A  0593               	dw	_Default_ISR shr (0+2)
 13028                           
 13029                           ; Vector 10 : AD
 13030   00001C  0593               	dw	_Default_ISR shr (0+2)
 13031                           
 13032                           ; Vector 11 : ADT
 13033   00001E  0593               	dw	_Default_ISR shr (0+2)
 13034                           
 13035                           ; Vector 12 : CMP1
 13036   000020  0593               	dw	_Default_ISR shr (0+2)
 13037                           
 13038                           ; Vector 13 : SMT1
 13039   000022  0593               	dw	_Default_ISR shr (0+2)
 13040                           
 13041                           ; Vector 14 : SMT1PRA
 13042   000024  0593               	dw	_Default_ISR shr (0+2)
 13043                           
 13044                           ; Vector 15 : SMT1PRW
 13045   000026  0593               	dw	_Default_ISR shr (0+2)
 13046                           
 13047                           ; Vector 16 : DMA1SCNT
 13048   000028  0593               	dw	_Default_ISR shr (0+2)
 13049                           
 13050                           ; Vector 17 : DMA1DCNT
 13051   00002A  0593               	dw	_Default_ISR shr (0+2)
 13052                           
 13053                           ; Vector 18 : DMA1OR
 13054   00002C  0593               	dw	_Default_ISR shr (0+2)
 13055                           
 13056                           ; Vector 19 : DMA1A
 13057   00002E  0593               	dw	_Default_ISR shr (0+2)
 13058                           
 13059                           ; Vector 20 : SPI1RX
 13060   000030  0593               	dw	_Default_ISR shr (0+2)
 13061                           
 13062                           ; Vector 21 : SPI1TX
 13063   000032  0593               	dw	_Default_ISR shr (0+2)
 13064                           
 13065                           ; Vector 22 : SPI1
 13066   000034  0593               	dw	_Default_ISR shr (0+2)
 13067                           
 13068                           ; Vector 23 : I2C1RX
 13069   000036  0593               	dw	_Default_ISR shr (0+2)
 13070                           
 13071                           ; Vector 24 : I2C1TX
 13072   000038  0593               	dw	_Default_ISR shr (0+2)
 13073                           
 13074                           ; Vector 25 : I2C1
 13075   00003A  0593               	dw	_Default_ISR shr (0+2)
 13076                           
 13077                           ; Vector 26 : I2C1E
 13078   00003C  0593               	dw	_Default_ISR shr (0+2)
 13079                           
 13080                           ; Vector 27 : U1RX
 13081   00003E  04CD               	dw	_UART1_rx_vect_isr shr (0+2)
 13082                           
 13083                           ; Vector 28 : U1TX
 13084   000040  04BC               	dw	_UART1_tx_vect_isr shr (0+2)
 13085                           
 13086                           ; Vector 29 : U1E
 13087   000042  0593               	dw	_Default_ISR shr (0+2)
 13088                           
 13089                           ; Vector 30 : U1
 13090   000044  0593               	dw	_Default_ISR shr (0+2)
 13091                           
 13092                           ; Vector 31 : TMR0
 13093   000046  0593               	dw	_Default_ISR shr (0+2)
 13094                           
 13095                           ; Vector 32 : TMR1
 13096   000048  04A7               	dw	_TMR1_ISR shr (0+2)
 13097                           
 13098                           ; Vector 33 : TMR1G
 13099   00004A  0593               	dw	_Default_ISR shr (0+2)
 13100                           
 13101                           ; Vector 34 : TMR2
 13102   00004C  0593               	dw	_Default_ISR shr (0+2)
 13103                           
 13104                           ; Vector 35 : CCP1
 13105   00004E  0593               	dw	_Default_ISR shr (0+2)
 13106                           
 13107                           ; Vector 36 : Undefined
 13108   000050  002B               	dw	ivt0x8_undefint shr (0+2)
 13109                           
 13110                           ; Vector 37 : NCO1
 13111   000052  0593               	dw	_Default_ISR shr (0+2)
 13112                           
 13113                           ; Vector 38 : CWG1
 13114   000054  0593               	dw	_Default_ISR shr (0+2)
 13115                           
 13116                           ; Vector 39 : CLC1
 13117   000056  0593               	dw	_Default_ISR shr (0+2)
 13118                           
 13119                           ; Vector 40 : INT1
 13120   000058  0593               	dw	_Default_ISR shr (0+2)
 13121                           
 13122                           ; Vector 41 : CMP2
 13123   00005A  0593               	dw	_Default_ISR shr (0+2)
 13124                           
 13125                           ; Vector 42 : DMA2SCNT
 13126   00005C  0593               	dw	_Default_ISR shr (0+2)
 13127                           
 13128                           ; Vector 43 : DMA2DCNT
 13129   00005E  0593               	dw	_Default_ISR shr (0+2)
 13130                           
 13131                           ; Vector 44 : DMA2OR
 13132   000060  0593               	dw	_Default_ISR shr (0+2)
 13133                           
 13134                           ; Vector 45 : DMA2A
 13135   000062  0593               	dw	_Default_ISR shr (0+2)
 13136                           
 13137                           ; Vector 46 : I2C2RX
 13138   000064  0593               	dw	_Default_ISR shr (0+2)
 13139                           
 13140                           ; Vector 47 : I2C2TX
 13141   000066  0593               	dw	_Default_ISR shr (0+2)
 13142                           
 13143                           ; Vector 48 : I2C2
 13144   000068  0593               	dw	_Default_ISR shr (0+2)
 13145                           
 13146                           ; Vector 49 : I2C2E
 13147   00006A  0593               	dw	_Default_ISR shr (0+2)
 13148                           
 13149                           ; Vector 50 : U2RX
 13150   00006C  0593               	dw	_Default_ISR shr (0+2)
 13151                           
 13152                           ; Vector 51 : U2TX
 13153   00006E  0593               	dw	_Default_ISR shr (0+2)
 13154                           
 13155                           ; Vector 52 : U2E
 13156   000070  0593               	dw	_Default_ISR shr (0+2)
 13157                           
 13158                           ; Vector 53 : U2
 13159   000072  0593               	dw	_Default_ISR shr (0+2)
 13160                           
 13161                           ; Vector 54 : TMR3
 13162   000074  0593               	dw	_Default_ISR shr (0+2)
 13163                           
 13164                           ; Vector 55 : TMR3G
 13165   000076  0593               	dw	_Default_ISR shr (0+2)
 13166                           
 13167                           ; Vector 56 : TMR4
 13168   000078  0593               	dw	_Default_ISR shr (0+2)
 13169                           
 13170                           ; Vector 57 : CCP2
 13171   00007A  0593               	dw	_Default_ISR shr (0+2)
 13172                           
 13173                           ; Vector 58 : Undefined
 13174   00007C  002B               	dw	ivt0x8_undefint shr (0+2)
 13175                           
 13176                           ; Vector 59 : CWG2
 13177   00007E  0593               	dw	_Default_ISR shr (0+2)
 13178                           
 13179                           ; Vector 60 : CLC2
 13180   000080  0593               	dw	_Default_ISR shr (0+2)
 13181                           
 13182                           ; Vector 61 : INT2
 13183   000082  0593               	dw	_Default_ISR shr (0+2)
 13184                           
 13185                           ; Vector 62 : Undefined
 13186   000084  002B               	dw	ivt0x8_undefint shr (0+2)
 13187                           
 13188                           ; Vector 63 : Undefined
 13189   000086  002B               	dw	ivt0x8_undefint shr (0+2)
 13190                           
 13191                           ; Vector 64 : Undefined
 13192   000088  002B               	dw	ivt0x8_undefint shr (0+2)
 13193                           
 13194                           ; Vector 65 : Undefined
 13195   00008A  002B               	dw	ivt0x8_undefint shr (0+2)
 13196                           
 13197                           ; Vector 66 : Undefined
 13198   00008C  002B               	dw	ivt0x8_undefint shr (0+2)
 13199                           
 13200                           ; Vector 67 : Undefined
 13201   00008E  002B               	dw	ivt0x8_undefint shr (0+2)
 13202                           
 13203                           ; Vector 68 : Undefined
 13204   000090  002B               	dw	ivt0x8_undefint shr (0+2)
 13205                           
 13206                           ; Vector 69 : Undefined
 13207   000092  002B               	dw	ivt0x8_undefint shr (0+2)
 13208                           
 13209                           ; Vector 70 : TMR5
 13210   000094  0593               	dw	_Default_ISR shr (0+2)
 13211                           
 13212                           ; Vector 71 : TMR5G
 13213   000096  0593               	dw	_Default_ISR shr (0+2)
 13214                           
 13215                           ; Vector 72 : TMR6
 13216   000098  0469               	dw	_TMR6_ISR shr (0+2)
 13217                           
 13218                           ; Vector 73 : CCP3
 13219   00009A  0593               	dw	_Default_ISR shr (0+2)
 13220                           
 13221                           ; Vector 74 : CWG3
 13222   00009C  0593               	dw	_Default_ISR shr (0+2)
 13223                           
 13224                           ; Vector 75 : CLC3
 13225   00009E  0593               	dw	_Default_ISR shr (0+2)
 13226                           
 13227                           ; Vector 76 : Undefined
 13228   0000A0  002B               	dw	ivt0x8_undefint shr (0+2)
 13229                           
 13230                           ; Vector 77 : Undefined
 13231   0000A2  002B               	dw	ivt0x8_undefint shr (0+2)
 13232                           
 13233                           ; Vector 78 : Undefined
 13234   0000A4  002B               	dw	ivt0x8_undefint shr (0+2)
 13235                           
 13236                           ; Vector 79 : Undefined
 13237   0000A6  002B               	dw	ivt0x8_undefint shr (0+2)
 13238                           
 13239                           ; Vector 80 : CCP4
 13240   0000A8  0593               	dw	_Default_ISR shr (0+2)
 13241                           
 13242                           ; Vector 81 : CLC4
 13243   0000AA  0593               	dw	_Default_ISR shr (0+2)
 13244   0000AC                     ivt0x8_undefint:
 13245                           	callstack 0
 13246   0000AC  00FF               	reset	
 13247                           
 13248                           	psect	param0
 13249   000000                     ___rparam_used  equ	0
 13250   000000                     ___param_bank   equ	0
 13251   000000                     __Lparam        equ	__Lparam0
 13252   000000                     __Hparam        equ	__Hparam0
 13253                           
 13254                           	psect	config
 13255                           
 13256                           ;Config register CONFIG1L @ 0x300000
 13257                           ;	External Oscillator Selection
 13258                           ;	FEXTOSC = OFF, Oscillator not enabled
 13259                           ;	Reset Oscillator Selection
 13260                           ;	RSTOSC = HFINTOSC_1MHZ, HFINTOSC with HFFRQ = 4 MHz and CDIV = 4:1
 13261   300000                     	org	3145728
 13262   300000  EC                 	db	236
 13263                           
 13264                           ;Config register CONFIG1H @ 0x300001
 13265                           ;	Clock out Enable bit
 13266                           ;	CLKOUTEN = OFF, CLKOUT function is disabled
 13267                           ;	PRLOCKED One-Way Set Enable bit
 13268                           ;	PR1WAY = ON, PRLOCK bit can be cleared and set only once
 13269                           ;	Clock Switch Enable bit
 13270                           ;	CSWEN = ON, Writing to NOSC and NDIV is allowed
 13271                           ;	Fail-Safe Clock Monitor Enable bit
 13272                           ;	FCMEN = ON, Fail-Safe Clock Monitor enabled
 13273   300001                     	org	3145729
 13274   300001  FF                 	db	255
 13275                           
 13276                           ;Config register CONFIG2L @ 0x300002
 13277                           ;	MCLR Enable bit
 13278                           ;	MCLRE = EXTMCLR, If LVP = 0, MCLR pin is MCLR; If LVP = 1, RE3 pin function is MCLR
 13279                           ;	Power-up timer selection bits
 13280                           ;	PWRTS = PWRT_OFF, PWRT is disabled
 13281                           ;	Multi-vector enable bit
 13282                           ;	MVECEN = ON, Multi-vector enabled, Vector table used for interrupts
 13283                           ;	IVTLOCK bit One-way set enable bit
 13284                           ;	IVT1WAY = ON, IVTLOCK bit can be cleared and set only once
 13285                           ;	Low Power BOR Enable bit
 13286                           ;	LPBOREN = OFF, ULPBOR disabled
 13287                           ;	Brown-out Reset Enable bits
 13288                           ;	BOREN = SBORDIS, Brown-out Reset enabled , SBOREN bit is ignored
 13289   300002                     	org	3145730
 13290   300002  FF                 	db	255
 13291                           
 13292                           ;Config register CONFIG2H @ 0x300003
 13293                           ;	Brown-out Reset Voltage Selection bits
 13294                           ;	BORV = VBOR_2P45, Brown-out Reset Voltage (VBOR) set to 2.45V
 13295                           ;	ZCD Disable bit
 13296                           ;	ZCD = OFF, ZCD disabled. ZCD can be enabled by setting the ZCDSEN bit of ZCDCON
 13297                           ;	PPSLOCK bit One-Way Set Enable bit
 13298                           ;	PPS1WAY = ON, PPSLOCK bit can be cleared and set only once; PPS registers remain locke
      +                          d after one clear/set cycle
 13299                           ;	Stack Full/Underflow Reset Enable bit
 13300                           ;	STVREN = ON, Stack full/underflow will cause Reset
 13301                           ;	Debugger Enable bit
 13302                           ;	DEBUG = OFF, Background debugger disabled
 13303                           ;	Extended Instruction Set Enable bit
 13304                           ;	XINST = OFF, Extended Instruction Set and Indexed Addressing Mode disabled
 13305   300003                     	org	3145731
 13306   300003  FF                 	db	255
 13307                           
 13308                           ;Config register CONFIG3L @ 0x300004
 13309                           ;	WDT Period selection bits
 13310                           ;	WDTCPS = WDTCPS_31, Divider ratio 1:65536; software control of WDTPS
 13311                           ;	WDT operating mode
 13312                           ;	WDTE = OFF, WDT Disabled; SWDTEN is ignored
 13313   300004                     	org	3145732
 13314   300004  9F                 	db	159
 13315                           
 13316                           ;Config register CONFIG3H @ 0x300005
 13317                           ;	WDT Window Select bits
 13318                           ;	WDTCWS = WDTCWS_7, window always open (100%); software control; keyed access not requi
      +                          red
 13319                           ;	WDT input clock selector
 13320                           ;	WDTCCS = SC, Software Control
 13321   300005                     	org	3145733
 13322   300005  FF                 	db	255
 13323                           
 13324                           ;Config register CONFIG4L @ 0x300006
 13325                           ;	Boot Block Size selection bits
 13326                           ;	BBSIZE = BBSIZE_512, Boot Block size is 512 words
 13327                           ;	Boot Block enable bit
 13328                           ;	BBEN = OFF, Boot block disabled
 13329                           ;	Storage Area Flash enable bit
 13330                           ;	SAFEN = OFF, SAF disabled
 13331                           ;	Application Block write protection bit
 13332                           ;	WRTAPP = OFF, Application Block not write protected
 13333   300006                     	org	3145734
 13334   300006  FF                 	db	255
 13335                           
 13336                           ;Config register CONFIG4H @ 0x300007
 13337                           ;	Boot Block Write Protection bit
 13338                           ;	WRTB = OFF, Boot Block not write-protected
 13339                           ;	Configuration Register Write Protection bit
 13340                           ;	WRTC = OFF, Configuration registers not write-protected
 13341                           ;	Data EEPROM Write Protection bit
 13342                           ;	WRTD = OFF, Data EEPROM not write-protected
 13343                           ;	SAF Write protection bit
 13344                           ;	WRTSAF = OFF, SAF not Write Protected
 13345                           ;	Low Voltage Programming Enable bit
 13346                           ;	LVP = ON, Low voltage programming enabled. MCLR/VPP pin function is MCLR. MCLRE config
      +                          uration bit is ignored
 13347   300007                     	org	3145735
 13348   300007  FF                 	db	255
 13349                           
 13350                           ;Config register CONFIG5L @ 0x300008
 13351                           ;	PFM and Data EEPROM Code Protection bit
 13352                           ;	CP = OFF, PFM and Data EEPROM code protection disabled
 13353   300008                     	org	3145736
 13354   300008  FF                 	db	255
 13355                           
 13356                           ;Config register CONFIG5H @ 0x300009
 13357                           ;	unspecified, using default values
 13358   300009                     	org	3145737
 13359   300009  FF                 	db	255
 13360                           tosu	equ	0x3FFF
 13361                           tosh	equ	0x3FFE
 13362                           tosl	equ	0x3FFD
 13363                           stkptr	equ	0x3FFC
 13364                           pclatu	equ	0x3FFB
 13365                           pclath	equ	0x3FFA
 13366                           pcl	equ	0x3FF9
 13367                           tblptru	equ	0x3FF8
 13368                           tblptrh	equ	0x3FF7
 13369                           tblptrl	equ	0x3FF6
 13370                           tablat	equ	0x3FF5
 13371                           prodh	equ	0x3FF4
 13372                           prodl	equ	0x3FF3
 13373                           indf0	equ	0x3FEF
 13374                           postinc0	equ	0x3FEE
 13375                           postdec0	equ	0x3FED
 13376                           preinc0	equ	0x3FEC
 13377                           plusw0	equ	0x3FEB
 13378                           fsr0h	equ	0x3FEA
 13379                           fsr0l	equ	0x3FE9
 13380                           wreg	equ	0x3FE8
 13381                           indf1	equ	0x3FE7
 13382                           postinc1	equ	0x3FE6
 13383                           postdec1	equ	0x3FE5
 13384                           preinc1	equ	0x3FE4
 13385                           plusw1	equ	0x3FE3
 13386                           fsr1h	equ	0x3FE2
 13387                           fsr1l	equ	0x3FE1
 13388                           bsr	equ	0x3FE0
 13389                           indf2	equ	0x3FDF
 13390                           postinc2	equ	0x3FDE
 13391                           postdec2	equ	0x3FDD
 13392                           preinc2	equ	0x3FDC
 13393                           plusw2	equ	0x3FDB
 13394                           fsr2h	equ	0x3FDA
 13395                           fsr2l	equ	0x3FD9
 13396                           status	equ	0x3FD8

Data Sizes:
    Strings     92
    Constant    20
    Data        3
    BSS         59
    Persistent  14
    Stack       0

Auto Spaces:
    Space          Size  Autos    Used
    COMRAM           95     13      87
    BANK0           160      8      10
    BANK1           256      0       0
    BANK2           256      0       0
    BANK3           256      0       0
    BANK4           256      0       0
    BANK5           256      0       0
    BANK6           256      0       0
    BANK7           256      0       0
    BANK8           256      0       0
    BANK9           256      0       0
    BANK10          256      0       0
    BANK11          256      0       0
    BANK12          256      0       0
    BANK13          256      0       0
    BANK14          256      0       0
    BANK15          256      0       0

Pointer List with Targets:

    _doprnt$0	PTR struct __prbuf size(1) Largest target is 4
		 -> printf@pb(COMRAM[4]), 

    _doprnt$1	PTR const unsigned char  size(1) Largest target is 62
		 -> STR_2(CODE[62]), STR_3(CODE[12]), STR_4(CODE[3]), 

    _doprnt$2	PTR PTR void  size(1) Largest target is 1
		 -> printf@ap(COMRAM[1]), 

    pb$func	PTR FTN(unsigned char ,)void  size(2) Largest target is 1
		 -> putch(), 

    pb$ptr	PTR unsigned char  size(2) Largest target is 0
		 -> NULL(NULL[0]), 

    S1829$4$0	PTR FTN()void  size(2) Largest target is 1
		 -> UART1_Transmit_ISR(), 

    S1829$6$0	PTR FTN()void  size(2) Largest target is 1
		 -> UART1_Receive_ISR(), 

    S1829$DataReady	PTR FTN()_Bool  size(2) Largest target is 1
		 -> UART1_is_rx_ready(), 

    S1829$Initialize	PTR FTN()void  size(2) Largest target is 1
		 -> UART1_Initialize(), 

    S1829$Read	PTR FTN()unsigned char  size(2) Largest target is 1
		 -> UART1_Read(), 

    S1829$RxDefaultISR	PTR FTN()void  size(2) Largest target is 1
		 -> UART1_Receive_ISR(), 

    S1829$SetRxISR	PTR FTN(PTR FTN()void ,)void  size(2) Largest target is 1
		 -> UART1_SetRxInterruptHandler(), 

    S1829$SetTxISR	PTR FTN(PTR FTN()void ,)void  size(2) Largest target is 1
		 -> UART1_SetTxInterruptHandler(), 

    S1829$TransmitDone	PTR FTN()_Bool  size(2) Largest target is 1
		 -> UART1_is_tx_done(), 

    S1829$TransmitReady	PTR FTN()_Bool  size(2) Largest target is 1
		 -> UART1_is_tx_ready(), 

    S1829$TxDefaultISR	PTR FTN()void  size(2) Largest target is 1
		 -> UART1_Transmit_ISR(), 

    S1829$Write	PTR FTN(unsigned char ,)void  size(2) Largest target is 1
		 -> UART1_Write(), 

    S2386__prbuf$func	PTR FTN(unsigned char ,)void  size(2) Largest target is 1
		 -> putch(), 

    S2386__prbuf$ptr	PTR unsigned char  size(2) Largest target is 0
		 -> NULL(NULL[0]), 

    sp__memset	PTR void  size(1) Largest target is 16
		 -> rx(COMRAM[16]), 

    string	PTR unsigned char  size(1) Largest target is 15
		 -> STR_1(CODE[15]), 

    TMR1_InterruptHandler	PTR FTN()void  size(2) Largest target is 1
		 -> TMR1_DefaultInterruptHandler(), NULL(), 

    TMR1_SetInterruptHandler@InterruptHandler	PTR FTN()void  size(2) Largest target is 1
		 -> TMR1_DefaultInterruptHandler(), 

    TMR6_InterruptHandler	PTR FTN()void  size(2) Largest target is 1
		 -> TMR6_DefaultInterruptHandler(), NULL(), 

    TMR6_SetInterruptHandler@InterruptHandler	PTR FTN()void  size(2) Largest target is 1
		 -> TMR6_DefaultInterruptHandler(), 

    uart$DataReady	PTR FTN()_Bool  size(2) Largest target is 1
		 -> UART1_is_rx_ready(), 

    uart$Initialize	PTR FTN()void  size(2) Largest target is 1
		 -> UART1_Initialize(), 

    uart$Read	PTR FTN()unsigned char  size(2) Largest target is 1
		 -> UART1_Read(), 

    uart$RxDefaultISR	PTR FTN()void  size(2) Largest target is 1
		 -> UART1_Receive_ISR(), 

    uart$SetRxISR	PTR FTN(PTR FTN()void ,)void  size(2) Largest target is 1
		 -> UART1_SetRxInterruptHandler(), 

    uart$SetTxISR	PTR FTN(PTR FTN()void ,)void  size(2) Largest target is 1
		 -> UART1_SetTxInterruptHandler(), 

    uart$TransmitDone	PTR FTN()_Bool  size(2) Largest target is 1
		 -> UART1_is_tx_done(), 

    uart$TransmitReady	PTR FTN()_Bool  size(2) Largest target is 1
		 -> UART1_is_tx_ready(), 

    uart$TxDefaultISR	PTR FTN()void  size(2) Largest target is 1
		 -> UART1_Transmit_ISR(), 

    uart$Write	PTR FTN(unsigned char ,)void  size(2) Largest target is 1
		 -> UART1_Write(), 

    UART1_ErrorHandler	PTR FTN()void  size(2) Largest target is 1
		 -> UART1_DefaultErrorHandler(), NULL(), 

    UART1_FramingErrorHandler	PTR FTN()void  size(2) Largest target is 1
		 -> UART1_DefaultFramingErrorHandler(), NULL(), 

    UART1_OverrunErrorHandler	PTR FTN()void  size(2) Largest target is 1
		 -> UART1_DefaultOverrunErrorHandler(), NULL(), 

    UART1_RxInterruptHandler	PTR FTN()void  size(2) Largest target is 1
		 -> UART1_Receive_ISR(), NULL(), 

    UART1_SetErrorHandler@interruptHandler	PTR FTN()void  size(2) Largest target is 1
		 -> UART1_DefaultErrorHandler(), 

    UART1_SetFramingErrorHandler@interruptHandler	PTR FTN()void  size(2) Largest target is 1
		 -> UART1_DefaultFramingErrorHandler(), 

    UART1_SetOverrunErrorHandler@interruptHandler	PTR FTN()void  size(2) Largest target is 1
		 -> UART1_DefaultOverrunErrorHandler(), 

    UART1_SetRxInterruptHandler@InterruptHandler	PTR FTN()void  size(2) Largest target is 1
		 -> UART1_Receive_ISR(), 

    UART1_SetTxInterruptHandler@InterruptHandler	PTR FTN()void  size(2) Largest target is 1
		 -> UART1_Transmit_ISR(), 

    UART1_TxInterruptHandler	PTR FTN()void  size(2) Largest target is 1
		 -> UART1_Transmit_ISR(), NULL(), 


Critical Paths under _main in COMRAM

    None.

Critical Paths under _TMR1_ISR in COMRAM

    _TMR1_ISR->_TMR1_WriteTimer

Critical Paths under _Default_ISR in COMRAM

    None.

Critical Paths under _TMR6_ISR in COMRAM

    _TMR6_ISR->_ADCC_GetSingleConversion

Critical Paths under _UART1_tx_vect_isr in COMRAM

    None.

Critical Paths under _UART1_rx_vect_isr in COMRAM

    None.

Critical Paths under _main in BANK0

    _SYSTEM_Initialize->_TMR1_Initialize
    _UART1_Initialize->_UART1_SetErrorHandler
    _UART1_Initialize->_UART1_SetFramingErrorHandler
    _UART1_Initialize->_UART1_SetOverrunErrorHandler
    _UART1_Initialize->_UART1_SetRxInterruptHandler
    _UART1_Initialize->_UART1_SetTxInterruptHandler
    _TMR6_Initialize->_TMR6_SetInterruptHandler
    _TMR1_Initialize->_TMR1_SetInterruptHandler

Critical Paths under _TMR1_ISR in BANK0

    None.

Critical Paths under _Default_ISR in BANK0

    None.

Critical Paths under _TMR6_ISR in BANK0

    None.

Critical Paths under _UART1_tx_vect_isr in BANK0

    None.

Critical Paths under _UART1_rx_vect_isr in BANK0

    None.

Critical Paths under _main in BANK1

    None.

Critical Paths under _TMR1_ISR in BANK1

    None.

Critical Paths under _Default_ISR in BANK1

    None.

Critical Paths under _TMR6_ISR in BANK1

    None.

Critical Paths under _UART1_tx_vect_isr in BANK1

    None.

Critical Paths under _UART1_rx_vect_isr in BANK1

    None.

Critical Paths under _main in BANK2

    None.

Critical Paths under _TMR1_ISR in BANK2

    None.

Critical Paths under _Default_ISR in BANK2

    None.

Critical Paths under _TMR6_ISR in BANK2

    None.

Critical Paths under _UART1_tx_vect_isr in BANK2

    None.

Critical Paths under _UART1_rx_vect_isr in BANK2

    None.

Critical Paths under _main in BANK3

    None.

Critical Paths under _TMR1_ISR in BANK3

    None.

Critical Paths under _Default_ISR in BANK3

    None.

Critical Paths under _TMR6_ISR in BANK3

    None.

Critical Paths under _UART1_tx_vect_isr in BANK3

    None.

Critical Paths under _UART1_rx_vect_isr in BANK3

    None.

Critical Paths under _main in BANK4

    None.

Critical Paths under _TMR1_ISR in BANK4

    None.

Critical Paths under _Default_ISR in BANK4

    None.

Critical Paths under _TMR6_ISR in BANK4

    None.

Critical Paths under _UART1_tx_vect_isr in BANK4

    None.

Critical Paths under _UART1_rx_vect_isr in BANK4

    None.

Critical Paths under _main in BANK5

    None.

Critical Paths under _TMR1_ISR in BANK5

    None.

Critical Paths under _Default_ISR in BANK5

    None.

Critical Paths under _TMR6_ISR in BANK5

    None.

Critical Paths under _UART1_tx_vect_isr in BANK5

    None.

Critical Paths under _UART1_rx_vect_isr in BANK5

    None.

Critical Paths under _main in BANK6

    None.

Critical Paths under _TMR1_ISR in BANK6

    None.

Critical Paths under _Default_ISR in BANK6

    None.

Critical Paths under _TMR6_ISR in BANK6

    None.

Critical Paths under _UART1_tx_vect_isr in BANK6

    None.

Critical Paths under _UART1_rx_vect_isr in BANK6

    None.

Critical Paths under _main in BANK7

    None.

Critical Paths under _TMR1_ISR in BANK7

    None.

Critical Paths under _Default_ISR in BANK7

    None.

Critical Paths under _TMR6_ISR in BANK7

    None.

Critical Paths under _UART1_tx_vect_isr in BANK7

    None.

Critical Paths under _UART1_rx_vect_isr in BANK7

    None.

Critical Paths under _main in BANK8

    None.

Critical Paths under _TMR1_ISR in BANK8

    None.

Critical Paths under _Default_ISR in BANK8

    None.

Critical Paths under _TMR6_ISR in BANK8

    None.

Critical Paths under _UART1_tx_vect_isr in BANK8

    None.

Critical Paths under _UART1_rx_vect_isr in BANK8

    None.

Critical Paths under _main in BANK9

    None.

Critical Paths under _TMR1_ISR in BANK9

    None.

Critical Paths under _Default_ISR in BANK9

    None.

Critical Paths under _TMR6_ISR in BANK9

    None.

Critical Paths under _UART1_tx_vect_isr in BANK9

    None.

Critical Paths under _UART1_rx_vect_isr in BANK9

    None.

Critical Paths under _main in BANK10

    None.

Critical Paths under _TMR1_ISR in BANK10

    None.

Critical Paths under _Default_ISR in BANK10

    None.

Critical Paths under _TMR6_ISR in BANK10

    None.

Critical Paths under _UART1_tx_vect_isr in BANK10

    None.

Critical Paths under _UART1_rx_vect_isr in BANK10

    None.

Critical Paths under _main in BANK11

    None.

Critical Paths under _TMR1_ISR in BANK11

    None.

Critical Paths under _Default_ISR in BANK11

    None.

Critical Paths under _TMR6_ISR in BANK11

    None.

Critical Paths under _UART1_tx_vect_isr in BANK11

    None.

Critical Paths under _UART1_rx_vect_isr in BANK11

    None.

Critical Paths under _main in BANK12

    None.

Critical Paths under _TMR1_ISR in BANK12

    None.

Critical Paths under _Default_ISR in BANK12

    None.

Critical Paths under _TMR6_ISR in BANK12

    None.

Critical Paths under _UART1_tx_vect_isr in BANK12

    None.

Critical Paths under _UART1_rx_vect_isr in BANK12

    None.

Critical Paths under _main in BANK13

    None.

Critical Paths under _TMR1_ISR in BANK13

    None.

Critical Paths under _Default_ISR in BANK13

    None.

Critical Paths under _TMR6_ISR in BANK13

    None.

Critical Paths under _UART1_tx_vect_isr in BANK13

    None.

Critical Paths under _UART1_rx_vect_isr in BANK13

    None.

Critical Paths under _main in BANK14

    None.

Critical Paths under _TMR1_ISR in BANK14

    None.

Critical Paths under _Default_ISR in BANK14

    None.

Critical Paths under _TMR6_ISR in BANK14

    None.

Critical Paths under _UART1_tx_vect_isr in BANK14

    None.

Critical Paths under _UART1_rx_vect_isr in BANK14

    None.

Critical Paths under _main in BANK15

    None.

Critical Paths under _TMR1_ISR in BANK15

    None.

Critical Paths under _Default_ISR in BANK15

    None.

Critical Paths under _TMR6_ISR in BANK15

    None.

Critical Paths under _UART1_tx_vect_isr in BANK15

    None.

Critical Paths under _UART1_rx_vect_isr in BANK15

    None.

Call Graph Tables:

 ---------------------------------------------------------------------------------
 (Depth) Function   	        Calls       Base Space   Used Autos Params    Refs
 ---------------------------------------------------------------------------------
 (0) _main                                                 0     0      0     261
                  _SYSTEM_Initialize
 ---------------------------------------------------------------------------------
 (1) _SYSTEM_Initialize                                    0     0      0     261
                    _ADCC_Initialize
                     _FVR_Initialize
               _INTERRUPT_Initialize
              _OSCILLATOR_Initialize
             _PIN_MANAGER_Initialize
                     _PMD_Initialize
                    _PWM5_Initialize
                    _TMR1_Initialize
                    _TMR2_Initialize
                    _TMR6_Initialize
                   _UART1_Initialize
 ---------------------------------------------------------------------------------
 (2) _UART1_Initialize                                     0     0      0     170
              _UART1_SetErrorHandler
       _UART1_SetFramingErrorHandler
       _UART1_SetOverrunErrorHandler
        _UART1_SetRxInterruptHandler
        _UART1_SetTxInterruptHandler
 ---------------------------------------------------------------------------------
 (3) _UART1_SetTxInterruptHandler                          2     0      2      34
                                              4 BANK0      2     0      2
 ---------------------------------------------------------------------------------
 (3) _UART1_SetRxInterruptHandler                          2     0      2      34
                                              4 BANK0      2     0      2
 ---------------------------------------------------------------------------------
 (3) _UART1_SetOverrunErrorHandler                         2     0      2      34
                                              4 BANK0      2     0      2
 ---------------------------------------------------------------------------------
 (3) _UART1_SetFramingErrorHandler                         2     0      2      34
                                              4 BANK0      2     0      2
 ---------------------------------------------------------------------------------
 (3) _UART1_SetErrorHandler                                2     0      2      34
                                              4 BANK0      2     0      2
 ---------------------------------------------------------------------------------
 (2) _TMR6_Initialize                                      0     0      0      34
           _TMR6_SetInterruptHandler
 ---------------------------------------------------------------------------------
 (3) _TMR6_SetInterruptHandler                             2     0      2      34
                                              4 BANK0      2     0      2
 ---------------------------------------------------------------------------------
 (2) _TMR2_Initialize                                      0     0      0       0
 ---------------------------------------------------------------------------------
 (2) _TMR1_Initialize                                      2     2      0      34
                                              6 BANK0      2     2      0
           _TMR1_SetInterruptHandler
 ---------------------------------------------------------------------------------
 (3) _TMR1_SetInterruptHandler                             2     0      2      34
                                              4 BANK0      2     0      2
 ---------------------------------------------------------------------------------
 (2) _PWM5_Initialize                                      0     0      0       0
 ---------------------------------------------------------------------------------
 (2) _PMD_Initialize                                       0     0      0       0
 ---------------------------------------------------------------------------------
 (2) _PIN_MANAGER_Initialize                               0     0      0       0
 ---------------------------------------------------------------------------------
 (2) _OSCILLATOR_Initialize                                0     0      0       0
 ---------------------------------------------------------------------------------
 (2) _INTERRUPT_Initialize                                 1     1      0      23
                                              4 BANK0      1     1      0
 ---------------------------------------------------------------------------------
 (2) _FVR_Initialize                                       0     0      0       0
 ---------------------------------------------------------------------------------
 (2) _ADCC_Initialize                                      0     0      0       0
 ---------------------------------------------------------------------------------
 Estimated maximum stack depth 3
 ---------------------------------------------------------------------------------
 (Depth) Function   	        Calls       Base Space   Used Autos Params    Refs
 ---------------------------------------------------------------------------------
 (4) _TMR1_ISR                                             2     2      0      90
                                              2 COMRAM     2     2      0
                                NULL *
       _TMR1_DefaultInterruptHandler *
                    _TMR1_WriteTimer
 ---------------------------------------------------------------------------------
 (5) _TMR1_WriteTimer                                      2     0      2      90
                                              0 COMRAM     2     0      2
 ---------------------------------------------------------------------------------
 (5) _TMR1_DefaultInterruptHandler                         0     0      0       0
 ---------------------------------------------------------------------------------
 (6) NULL(Fake)                                            0     0      0       0
 ---------------------------------------------------------------------------------
 Estimated maximum stack depth 6
 ---------------------------------------------------------------------------------
 (Depth) Function   	        Calls       Base Space   Used Autos Params    Refs
 ---------------------------------------------------------------------------------
 (4) _Default_ISR                                          0     0      0       0
 ---------------------------------------------------------------------------------
 Estimated maximum stack depth 4
 ---------------------------------------------------------------------------------
 (Depth) Function   	        Calls       Base Space   Used Autos Params    Refs
 ---------------------------------------------------------------------------------
 (4) _TMR6_ISR                                             4     4      0      29
                                              9 COMRAM     4     4      0
           _ADCC_GetSingleConversion
 ---------------------------------------------------------------------------------
 (5) _ADCC_GetSingleConversion                             5     3      2      29
                                              4 COMRAM     5     3      2
 ---------------------------------------------------------------------------------
 Estimated maximum stack depth 5
 ---------------------------------------------------------------------------------
 (Depth) Function   	        Calls       Base Space   Used Autos Params    Refs
 ---------------------------------------------------------------------------------
 (4) _UART1_tx_vect_isr                                    2     2      0       0
                                              0 BANK0      2     2      0
                                NULL *
                 _UART1_Transmit_ISR *
 ---------------------------------------------------------------------------------
 (5) _UART1_Transmit_ISR                                   0     0      0       0
 ---------------------------------------------------------------------------------
 (6) NULL(Fake)                                            0     0      0       0
 ---------------------------------------------------------------------------------
 Estimated maximum stack depth 6
 ---------------------------------------------------------------------------------
 (Depth) Function   	        Calls       Base Space   Used Autos Params    Refs
 ---------------------------------------------------------------------------------
 (4) _UART1_rx_vect_isr                                    2     2      0       0
                                              2 BANK0      2     2      0
                                NULL *
                  _UART1_Receive_ISR *
 ---------------------------------------------------------------------------------
 (5) _UART1_Receive_ISR                                    0     0      0       0
                                NULL *
          _UART1_DefaultErrorHandler *
   _UART1_DefaultFramingErrorHandler *
   _UART1_DefaultOverrunErrorHandler *
                _UART1_RxDataHandler
 ---------------------------------------------------------------------------------
 (6) _UART1_DefaultOverrunErrorHandler                     0     0      0       0
 ---------------------------------------------------------------------------------
 (6) _UART1_DefaultFramingErrorHandler                     0     0      0       0
 ---------------------------------------------------------------------------------
 (6) _UART1_DefaultErrorHandler                            0     0      0       0
                _UART1_RxDataHandler
 ---------------------------------------------------------------------------------
 (6) _UART1_RxDataHandler                                  0     0      0       0
 ---------------------------------------------------------------------------------
 (6) NULL(Fake)                                            0     0      0       0
 ---------------------------------------------------------------------------------
 Estimated maximum stack depth 6
 ---------------------------------------------------------------------------------

 Call Graph Graphs:

 _main (ROOT)
   _SYSTEM_Initialize
     _ADCC_Initialize
     _FVR_Initialize
     _INTERRUPT_Initialize
     _OSCILLATOR_Initialize
     _PIN_MANAGER_Initialize
     _PMD_Initialize
     _PWM5_Initialize
     _TMR1_Initialize
       _TMR1_SetInterruptHandler
     _TMR2_Initialize
     _TMR6_Initialize
       _TMR6_SetInterruptHandler
     _UART1_Initialize
       _UART1_SetErrorHandler
       _UART1_SetFramingErrorHandler
       _UART1_SetOverrunErrorHandler
       _UART1_SetRxInterruptHandler
       _UART1_SetTxInterruptHandler

 _TMR1_ISR (ROOT)
   NULL(Fake) *
   _TMR1_DefaultInterruptHandler *
   _TMR1_WriteTimer *

 _Default_ISR (ROOT)

 _TMR6_ISR (ROOT)
   _ADCC_GetSingleConversion

 _UART1_tx_vect_isr (ROOT)
   NULL(Fake) *
   _UART1_Transmit_ISR *

 _UART1_rx_vect_isr (ROOT)
   NULL(Fake) *
   _UART1_Receive_ISR *
     NULL(Fake) *
     _UART1_DefaultErrorHandler *
       _UART1_RxDataHandler
     _UART1_DefaultFramingErrorHandler *
     _UART1_DefaultOverrunErrorHandler *
     _UART1_RxDataHandler *

Address spaces:
Name               Size   Autos  Total    Usage
BIGRAM            4095      0       0      0.0%
BITBIGSFRlh       1448      0       0      0.0%
BITBIGSFRlllll     387      0       0      0.0%
BITBANK15          256      0       0      0.0%
BANK15             256      0       0      0.0%
BITBANK14          256      0       0      0.0%
BANK14             256      0       0      0.0%
BITBANK13          256      0       0      0.0%
BANK13             256      0       0      0.0%
BITBANK12          256      0       0      0.0%
BANK12             256      0       0      0.0%
BITBANK11          256      0       0      0.0%
BANK11             256      0       0      0.0%
BITBANK10          256      0       0      0.0%
BANK10             256      0       0      0.0%
BITBANK9           256      0       0      0.0%
BANK9              256      0       0      0.0%
BITBANK8           256      0       0      0.0%
BANK8              256      0       0      0.0%
BITBANK7           256      0       0      0.0%
BANK7              256      0       0      0.0%
BITBANK6           256      0       0      0.0%
BANK6              256      0       0      0.0%
BITBANK5           256      0       0      0.0%
BANK5              256      0       0      0.0%
BITBANK4           256      0       0      0.0%
BANK4              256      0       0      0.0%
BITBANK3           256      0       0      0.0%
BANK3              256      0       0      0.0%
BITBANK2           256      0       0      0.0%
BANK2              256      0       0      0.0%
BITBANK1           256      0       0      0.0%
BANK1              256      0       0      0.0%
BITBANK0           160      0       0      0.0%
BANK0              160      8      10      6.2%
BITCOMRAM           95      0       0      0.0%
COMRAM              95     13      87     91.6%
BITBIGSFRh          80      0       0      0.0%
BITBIGSFRlllh       73      0       0      0.0%
BITBIGSFRllh        40      0       0      0.0%
BITBIGSFRllllh      14      0       0      0.0%
STACK                0      0       0      0.0%
DATA                 0      0      97      0.0%


Microchip Technology PIC18 Macro Assembler V2.50 build 20240725155939 
Symbol Table                                                                                   Fri Oct 31 12:18:50 2025

                                          l11 15BA                                            l45 13F8  
                                          l77 1634                        __end_of_FVR_Initialize 163E  
                                          _rx 002C                                           l159 14B0  
                                         l504 15A2                                           l425 1564  
                                         l602 15E0                                           _AN2 0057  
                                         l267 1438                                           l363 129A  
                                         _AN4 0056                                           l373 163C  
                                         l605 15CE                                           l800 1602  
                                         l474 162A                                           l722 11A2  
                                         l626 15E8                                           l803 15F8  
                                         l627 15E8                                           l791 1616  
                                         l599 1510                                           l794 160C  
                                         l797 1620                                           _GIE 1FE97  
                                         _PR2 3FAB                                           u425 142C  
                                         u426 142E                                           _PR6 3F93  
                             _timer1ReloadVal 0021                               _TMR2_Initialize 158C  
                                         tosl 3FFD                                           wreg 3FE8  
                          _UART1_Transmit_ISR 143A                                          l2403 162C  
                                        l2411 160E                                          l2501 125A  
                                        l2405 1622                                          l2413 1604  
                                        l2511 1264                                          l2503 125C  
                                        l2431 13C8                                          l2415 1618  
                                        l2407 15FA                                          l2441 148A  
                                        l2521 126E                                          l2513 1266  
                                        l2505 125E                                          l2433 13E2  
                                        l2409 15F0                                          l2601 1148  
                                        l2451 149A                                          l2443 1492  
                                        l2531 1278                                          l2523 1270  
                                        l2515 1268                                          l2507 1260  
                                        l2427 15A4                                          l2435 13E6  
                                        l2611 1156                                          l2603 114A  
                                        l2453 149C                                          l2445 1494  
                                        l2461 13FA                                          l2541 1286  
                                        l2533 127A                                          l2525 1272  
                                        l2517 126A                                          l2509 1262  
                                        l2437 13F4                                          l2429 13BA  
                                        l2621 1162                                          l2613 115A  
                                        l2605 114C                                          l2701 15E6  
                                        l2455 149E                                          l2447 1496  
                                        l2439 1478                                          l2471 1414  
                                        l2463 13FC                                          l2543 1288  
                                        l2535 127C                                          l2527 1274  
                                        l2519 126C                                          l2551 153E  
                                        l2631 1190                                          l2623 1164  
                                        l2615 115C                                          l2607 1150  
                                        l2457 14A0                                          l2449 1498  
                                        l2481 1434                                          l2473 1422  
                                        l2465 1406                                          l2545 128A  
                                        l2537 127E                                          l2529 1276  
                                        l2561 1550                                          l2553 1542  
                                        l2641 119E                                          l2633 1192  
                                        l2625 1172                                          l2617 115E  
                                        l2609 1154                                          l2459 14A6  
                                        l2483 1436                                          l2475 1424  
                                        l2467 1410                                          l2547 1290  
                                        l2539 1284                                          l2491 1242  
                                        l2571 1592                                          l2563 1552  
                                        l2555 1544                                          l2635 1198  
                                        l2627 1180                                          l2619 1160  
                                        l2651 14F0                                          l2549 1636  
                                        l2477 142E                                          l2469 1412  
                                        l2581 15D6                                          l2493 1244  
                                        l2485 122E                                          l2573 1598  
                                        l2565 1560                                          l2557 154A  
                                        l2637 119A                                          l2629 118E  
                                        l2661 1504                                          l2653 14F4  
                                        l2645 14E4                                          l2479 1432  
                                        l2583 15D8                                          l2495 1246  
                                        l2487 1238                                          l2575 159A  
                                        l2567 158C                                          l2559 154C  
                                        l2639 119C                                          l2591 112C  
                                        l2663 1508                                          l2655 14F8  
                                        l2647 14E8                                          l2585 15DE  
                                        l2497 124E                                          l2489 1240  
                                        l2577 15BC                                          l2569 1590  
                                        l2593 113E                                          l2665 150C  
                                        l2657 14FC                                          l2649 14EC  
                                        l2579 15D0                                          l2499 1258  
                                        l2595 1142                                          l2587 111A  
                                        l2659 1500                                          l2597 1144  
                                        l2589 111E                                          l2599 1146  
                                        l2699 15E2                                          STR_1 1053  
                                        STR_2 1015                                          STR_3 1062  
                                        STR_4 106E                                          _LATA 3FBA  
                                        _LATB 3FBB                                          _LATC 3FBC  
                                        _LATD 3FBD                                          _LATE 3FBE  
                                        _T2PR 3FAB                                          _T6PR 3F93  
                                        _PMD0 39C0                                          _PMD1 39C1  
                                        _PMD2 39C2                                          _PMD3 39C3  
                                        _PMD4 39C4                                          _PMD5 39C5  
                                        _PMD6 39C6                                          _PMD7 39C7  
                                        i2l80 1648                                          i2l74 12E2  
                                        i2l59 153C                                          _TMR2 3FAA  
                                        _TMR6 3F92                                          _WPUA 3A41  
                                        _WPUB 3A51                                          _WPUC 3A61  
                                        _WPUD 3A71                                          _WPUE 3A81  
                         ?_UART1_Transmit_ISR 003C                                          _main 15E2  
                                        _uart 1001                                          fsr2h 3FDA  
                                        indf2 3FDF                                          fsr2l 3FD9  
                                  _Analog_ref 002B                                          prodh 3FF4  
                                        prodl 3FF3                                          start 00AE  
                             _PWM5_Initialize 15A4                 ??_UART1_SetTxInterruptHandler 0066  
                  ??_TMR1_SetInterruptHandler 0066                             _UART1_rx_vect_isr 1334  
                                ___param_bank 0000                            ?_UART1_rx_vect_isr 003C  
                             ?_FVR_Initialize 003C                          ??_UART1_Transmit_ISR 0060  
               __end_of_OSCILLATOR_Initialize 15E2                                         _ADCAP 3EF5  
                                       _ADACT 3EFE                                         ?_main 003C  
                                       _ADCLK 3EFF                                         _ADCNT 3EEB  
                                       _ADPCH 3EF1                                         _ADREF 3EFD  
                                       _ADRPT 3EEC                                         _T1CLK 3FB5  
                                       _T1CON 3FB2                                         _U1P1H 3DED  
                                       _U1P2H 3DEF                                         _U1P1L 3DEC  
                                       _U1P3H 3DF1                                         _T2CON 3FAC  
                                       _U1P2L 3DEE                                         _U1P3L 3DF0  
                                       _T2HLT 3FAD                                         _T6CON 3F94  
                                       _T6HLT 3F95                                         _T2TMR 3FAA  
                                       _U1UIR 3DF8                                         _T2RST 3FAF  
                                       _U1RXB 3DE8                                         _U1TXB 3DEA  
                                       i2l171 14C2                                         i2l174 14E2  
                                       i2l272 164C                                         _T6TMR 3F92  
                                       i2l471 122C                                         _T6RST 3F97  
                         ??_UART1_rx_vect_isr 0062                                         i2l762 136A  
                                       i2l756 1326                                         i2l765 1472  
                                       i2l782 1650                                         i2l775 1118  
                                       i2l768 1476                                         i2l785 164E  
                                       i2l779 158A                                         i2l788 1642  
                                       _OSCEN 39DD                                         _TMR1H 3FB1  
                                       _TMR1L 3FB0                                         _TRISA 3FC2  
                                       _TRISB 3FC3                                         _TRISC 3FC4  
                                       _TRISD 3FC5                                         _TRISE 3FC6  
                                 _Default_ISR 164C                     ?_TMR6_SetInterruptHandler 0064  
                           _UART1_tx_vect_isr 12F0                              __end_of_TMR1_ISR 12F0  
                            __end_of_TMR6_ISR 122E                            ?_UART1_tx_vect_isr 003C  
                                       _putch 0000                       __end_of_TMR1_Initialize 13FA  
                                       pclath 3FFA                                         pclatu 3FFB  
                                       tablat 3FF5                                         status 3FD8  
         __end_of_UART1_SetRxInterruptHandler 1604                   _UART1_SetRxInterruptHandler 15FA  
    __end_of_UART1_DefaultFramingErrorHandler 1652             ?_UART1_DefaultFramingErrorHandler 003C  
          ??_UART1_DefaultFramingErrorHandler 0062              _UART1_DefaultFramingErrorHandler 1650  
                             _TMR1_WriteTimer 1512                           ??_UART1_tx_vect_isr 0060  
                   __end_of_UART1_rx_vect_isr 1378                               __initialization 1378  
                                __end_of_main 15F0                                  __end_of_uart 1015  
                 ??_UART1_DefaultErrorHandler 0062                       __end_of_TMR2_Initialize 15A4  
                                      ??_main 0068                                 __activetblptr 0003  
                   __end_of_UART1_tx_vect_isr 1334                               _TMR6_Initialize 153E  
                            _UART1_Initialize 111A                                        _ADACCH 3EE9  
                                      _ADACCL 3EE8                                        _ADACCU 3EEA  
                                      _ADACQH 3EF4                                        _ADACQL 3EF3  
                                      _ADCON0 3EF8                                        _ADCON1 3EF9  
                                      _ADCON2 3EFA                                        _ADCON3 3EFB  
                                      _ADERRH 3EE3                                        _ADERRL 3EE2  
                                      _ADLTHH 3EDF                                        _ADLTHL 3EDE  
                                      _ADRESH 3EF0                                        _ADRESL 3EEF  
                                      _ADPREH 3EF7                                        _ADPREL 3EF6  
                                      _ADSTAT 3EFC                                        _ADUTHH 3EE1  
                                      _ADUTHL 3EE0                                        _ANSELA 3A40  
                                      _ANSELB 3A50                                        _ANSELC 3A60  
                                      _ANSELD 3A70                                        _ANSELE 3A80  
                                      _RB1I2C 3A5A                                        _T1GATE 3FB4  
                                      _RB2I2C 3A5B                                        _T1GCON 3FB3  
                                      _RD0I2C 3A7A                                        _U1CON0 3DF2  
                                      _U1CON1 3DF3                                        _U1CON2 3DF4  
                                      _RC3I2C 3A6A                                        _RD1I2C 3A7B  
                                      _RC4I2C 3A6B                                        _U1BRGH 3DF6  
                                      _U1FIFO 3DF7                                        _U1BRGL 3DF5  
                                      _RA6PPS 3A06                       TMR1_WriteTimer@timerVal 003C  
                                      _ODCONA 3A42                                        _ODCONB 3A52  
                                      _ODCONC 3A62                                        _ODCOND 3A72  
                                      _ODCONE 3A82                       __end_of_PWM5_Initialize 15BC  
                                      i2l2331 1520                                        i2l2421 1576  
                                      i2l2341 1536                                        i2l2333 1522  
                                      i2l2423 1586                                        i2l2351 14D0  
                                      i2l2343 14B4                                        i2l2335 1526  
                                      i2l2425 1588                                        i2l2417 1566  
                                      i2l2345 14BA                                        i2l2337 152C  
                                      i2l2329 1512                                        i2l2419 1574  
                                      i2l2347 14BE                                        i2l2339 1532  
                                      i2l2349 14C0                                        i2l2381 12AC  
                                      i2l2703 12FC                                        i2l2391 11B8  
                                      i2l2383 12B8                                        i2l2705 130E  
                                      i2l2393 11C6                                        i2l2385 12CA  
                                      i2l2643 163E                                        i2l2707 1340  
                                      i2l2395 11F0                                        i2l2387 11A4  
                                      i2l2379 12A8                                        i2l2709 1352  
                                      i2l2397 1228                                        i2l2389 11A8  
                                      i2l2671 1458                                        i2l2681 107C  
                                      i2l2673 145A                                        i2l2691 10C8  
                                      i2l2683 108C                                        i2l2675 146A  
                                      i2l2667 143A                                        i2l2693 10E0  
                                      i2l2685 1096                                        i2l2677 146C  
                                      i2l2669 144A                                        i2l2695 10F8  
                                      i2l2687 10AE                                        i2l2679 1072  
                                      i2l2697 1114                                        i2l2689 10BE  
                                      _INLVLA 3A44                                        _INLVLB 3A54  
                                      _INLVLC 3A64                                        _INLVLD 3A74  
                                      _INLVLE 3A84                                        _FVRCON 3EC1  
                                      _OSCFRQ 39DF                         _UART1_SetErrorHandler 1618  
        __end_of_TMR1_DefaultInterruptHandler 164A                  _TMR1_DefaultInterruptHandler 1648  
                                _CCPTMRS1bits 3F5F                                        clear_0 13A2  
                                      isa$std 0001                                        _string 0055  
                             _ADCC_Initialize 1478                                _PMD_Initialize 15BC  
                                __pdataCOMRAM 0055                                  __mediumconst 0000  
                                      tblptrh 3FF7                                        tblptrl 3FF6  
                                      tblptru 3FF8                     ?_ADCC_GetSingleConversion 0040  
 UART1_SetTxInterruptHandler@InterruptHandler 0064   UART1_SetRxInterruptHandler@InterruptHandler 0064  
    TMR6_SetInterruptHandler@InterruptHandler 0064      TMR1_SetInterruptHandler@InterruptHandler 0064  
        __end_of_UART1_SetOverrunErrorHandler 160E                  _UART1_SetOverrunErrorHandler 1604  
                   _UART1_DefaultErrorHandler 163E                       __end_of_TMR1_WriteTimer 153E  
                            ?_TMR1_Initialize 003C                             _SYSTEM_Initialize 14E4  
                                  __accesstop 0060                       __end_of__initialization 13B4  
                          ?_SYSTEM_Initialize 003C                                 ___rparam_used 0000  
                              __pcstackCOMRAM 003C                           ??_SYSTEM_Initialize 0068  
                                   ?_TMR1_ISR 003C                 ?_TMR1_DefaultInterruptHandler 003C  
                                   ?_TMR6_ISR 003C                                ivt0x8_undefint 00AC  
                            ?_TMR2_Initialize 003C                       __end_of_TMR6_Initialize 1566  
                      __end_of_PMD_Initialize 15D0                     _UART1_FramingErrorHandler 004D  
                   __end_of_SYSTEM_Initialize 1512                 ?_UART1_SetOverrunErrorHandler 0064  
                      ?_UART1_SetErrorHandler 0064                              ?_PWM5_Initialize 003C  
                                  __pnvCOMRAM 0049                                       IVTBASEH 3FD6  
                                     IVTBASEL 3FD5                                       IVTBASEU 3FD7  
                            ??_FVR_Initialize 0064                                    ??_TMR1_ISR 003E  
            __end_of_TMR6_SetInterruptHandler 162C                       __end_of_ADCC_Initialize 14B2  
                                  ??_TMR6_ISR 0045                                       _ADFLTRH 3EE7  
                                     _ADFLTRL 3EE6                                       _ADPREVH 3EEE  
                                     _ADPREVL 3EED                                       _ADSTPTH 3EE5  
                                     _ADSTPTL 3EE4                               ?_PMD_Initialize 003C  
                           _UART1_Receive_ISR 1072                                       _U1ERRIE 3DFA  
                                     _U1ERRIR 3DF9                                  ?_Default_ISR 003C  
                          ?_UART1_Receive_ISR 003C                                       _U1RXPPS 3AE5  
                                     _OSCCON1 39D9                                       _OSCCON3 39DB  
                                     _IVTLOCK 3FD4                                       i2u40_40 11B8  
                                     i2u40_41 11B4                                       i2u41_40 1586  
                                     i2u41_41 1582                                       i2u50_48 10FE  
                                     i2u43_40 144A                                       i2u51_40 130E  
                                     i2u50_49 1110                                       i2u43_41 1446  
                                     i2u51_41 130A                                       i2u44_40 146A  
                                     i2u36_40 1520                                       i2u44_41 1466  
                                     i2u36_41 151C                                       i2u45_40 108C  
                                     i2u53_40 1352                                       i2u52_48 1314  
                                     i2u37_40 14D0                                       i2u45_41 1088  
                                     i2u53_41 134E                                       i2u52_49 1326  
                                     i2u37_41 14CC                                       i2u38_40 12CA  
                                     i2u38_41 12C6                                       _OSCTUNE 39DE  
                                     i2u47_40 10BE                                       i2u46_48 109C  
                                     i2u54_48 1358                                       i2u47_41 10BA  
                                     i2u46_49 10AE                                       i2u54_49 136A  
                                     i2u39_48 12D0                                       i2u39_49 12E2  
                                     _PWM5DCH 3F6D                                       _PWM5DCL 3F6C  
                                     i2u49_40 10F8                                       i2u48_48 10CE  
                                     i2u49_41 10F4                                       i2u48_49 10E0  
                                     _PWM5CON 3F6E                                       _SLRCONA 3A43  
                                     _SLRCONB 3A53                                       _SLRCONC 3A63  
                                     _SLRCOND 3A73                                       _SLRCONE 3A83  
                         ??_UART1_Receive_ISR 0062                              ?_TMR1_WriteTimer 003C  
                   INTERRUPT_Initialize@state 0064                                       __Hparam 0000  
                                     __Lparam 0000                      __end_of_UART1_Initialize 11A4  
                   __end_of_UART1_Receive_ISR 111A                                  __psmallconst 1000  
                                     __pcinit 1378                              ?_TMR6_Initialize 003C  
                                     __ramtop 1000                                       __ptext0 15E2  
                                     __ptext1 14E4                                       __ptext2 111A  
                                     __ptext3 15F0                                       __ptext4 15FA  
                                     __ptext5 1604                                       __ptext6 160E  
                                     __ptext7 1618                                       __ptext8 153E  
                                     __ptext9 1622                ??_TMR1_DefaultInterruptHandler 003C  
                                   _T1CONbits 3FB2                         _OSCILLATOR_Initialize 15D0  
                                   _T2CONbits 3FAC                      ??_PIN_MANAGER_Initialize 0064  
                   ?_TMR1_SetInterruptHandler 0064                                     _T2HLTbits 3FAD  
                                   _T6CONbits 3F94                                     _T6HLTbits 3F95  
                            _UART1_is_tx_done 0000                          end_of_initialization 13B4  
                                   _T2RSTbits 3FAF           __end_of_UART1_SetTxInterruptHandler 15FA  
                 _UART1_SetTxInterruptHandler 15F0                                     _T6RSTbits 3F97  
              ??_UART1_SetOverrunErrorHandler 0066                                       postinc0 3FEE  
                            ?_ADCC_Initialize 003C              __end_of_ADCC_GetSingleConversion 14E4  
                         _UART1_RxDataHandler 1566                      _TMR6_SetInterruptHandler 1622  
                        ?_UART1_RxDataHandler 003C                  __end_of_INTERRUPT_Initialize 143A  
                               __pidataCOMRAM 1644                        ?_OSCILLATOR_Initialize 003C  
                         start_initialization 1378                       ??_UART1_SetErrorHandler 0066  
                       ??_UART1_RxDataHandler 0062                                    ivt0x8_base 0008  
                               _uart1RxBuffer 0009                                 _uart1TxBuffer 0011  
                            ??_PMD_Initialize 0064                      _ADCC_GetSingleConversion 14B2  
                                 __pbssCOMRAM 0001                            _UART1_ErrorHandler 0049  
                               __pcstackBANK0 0060                                     _adc_ready 002A  
                    _UART1_RxInterruptHandler 0051                  ?_UART1_SetRxInterruptHandler 0064  
                       _TMR6_InterruptHandler 0068                                     __pnvBANK0 0068  
                      _PIN_MANAGER_Initialize 122E                             ?_UART1_Initialize 003C  
        __end_of_UART1_SetFramingErrorHandler 1618                  _UART1_SetFramingErrorHandler 160E  
            __end_of_TMR1_SetInterruptHandler 1636               ADCC_GetSingleConversion@channel 0044  
                          ??_UART1_Initialize 0066                              _uart1RxLastError 0023  
                                 __smallconst 1000      __end_of_UART1_DefaultOverrunErrorHandler 1650  
           ?_UART1_DefaultOverrunErrorHandler 003C            ??_UART1_DefaultOverrunErrorHandler 0062  
            _UART1_DefaultOverrunErrorHandler 164E                                      _T1CKIPPS 3AC4  
                                    _T2CLKCON 3FAE                                   _U1ERRIRbits 3DF9  
                        _INTERRUPT_Initialize 13FA                                      _T6CLKCON 3F96  
       UART1_SetErrorHandler@interruptHandler 0064                                      _IPR3bits 3983  
                                    _IPR4bits 3984                                 TMR6_ISR@AN2_b 001B  
                                    _PIE3bits 3993                                 TMR6_ISR@AN4_b 0019  
                                    _PIE4bits 3994                                      _IPR9bits 3989  
                                    _PIE9bits 3999                                      _IVTBASEH 3FD6  
                                    _IVTBASEL 3FD5                                      _IVTBASEU 3FD7  
               ??_UART1_SetRxInterruptHandler 0066                                      _PIR4bits 39A4  
                                   _valor_AN2 001F                                     _valor_AN4 001D  
                                    _PIR9bits 39A9                    ??_TMR6_SetInterruptHandler 0066  
                                    _TMR1_ISR 129C                    __end_of_UART1_Transmit_ISR 1478  
                                    _TMR6_ISR 11A4                 ?_UART1_SetFramingErrorHandler 0064  
                           ??_TMR1_Initialize 0066                                    _ADCON0bits 3EF8  
                                  _ADCON1bits 3EF9                                    _ADCON2bits 3EFA  
                                  _ADCON3bits 3EFB                                   _INTCON0bits 3FD2  
                       ?_INTERRUPT_Initialize 003C                        _uart1TxBufferRemaining 0027  
                           ??_TMR2_Initialize 0064                                      __Hparam0 0000  
                                _uart1RxCount 0024                                    _ADSTATbits 3EFC  
                                    __Lparam0 0000                       ??_OSCILLATOR_Initialize 0064  
                           ??_PWM5_Initialize 0064                      _TMR1_SetInterruptHandler 162C  
                       _TMR1_InterruptHandler 0053                                      __pivt0x8 0008  
                                    __ptext10 158C                                      __ptext11 13BA  
                                    __ptext20 129C                                      __ptext12 162C  
                                    __ptext21 1512                                      __ptext13 15A4  
                                  _T1GCONbits 3FB3                                      __ptext30 164E  
                                    __ptext22 1648                                      __ptext14 15BC  
                                    __ptext31 1650                                      __ptext23 164C  
                                    __ptext15 122E                                      __ptext32 163E  
                                    __ptext24 11A4                                      __ptext16 15D0  
                                    __ptext33 1566                                      __ptext25 14B2  
                                    __ptext17 13FA                                      __ptext26 12F0  
                                    __ptext18 1636                                      __ptext27 143A  
                                    __ptext19 1478                                      __ptext28 1334  
                                    __ptext29 1072                 __end_of_UART1_SetErrorHandler 1622  
                                 _IVTLOCKbits 3FD4                     _UART1_OverrunErrorHandler 004B  
UART1_SetOverrunErrorHandler@interruptHandler 0064                                      isa$xinst 0000  
                  ??_ADCC_GetSingleConversion 0042                    ?_UART1_DefaultErrorHandler 003C  
                           ??_TMR1_WriteTimer 003E                             _UART1_is_rx_ready 0000  
                                 _UART1_Write 0000                             _UART1_is_tx_ready 0000  
                               ??_Default_ISR 0040                ??_UART1_SetFramingErrorHandler 0066  
                 __end_of_UART1_RxDataHandler 158C                                   _uart1RxHead 0026  
                                 _uart1TxHead 0029                                   _uart1RxTail 0025  
                                 _uart1TxTail 0028                                    _FVRCONbits 3EC1  
                      ??_INTERRUPT_Initialize 0064                  _TMR6_DefaultInterruptHandler 0000  
                                    intlevel2 0000                       ?_PIN_MANAGER_Initialize 003C  
                           ??_TMR6_Initialize 0066                           _uart1RxStatusBuffer 0001  
                                  _UART1_Read 0000  UART1_SetFramingErrorHandler@interruptHandler 0064  
           __end_of_UART1_DefaultErrorHandler 1644                                _FVR_Initialize 1636  
                    _UART1_TxInterruptHandler 004F                           __end_of_Default_ISR 164E  
              __end_of_PIN_MANAGER_Initialize 129C                             ??_ADCC_Initialize 0064  
                ?_UART1_SetTxInterruptHandler 0064                               _TMR1_Initialize 13BA  
